場站代號,場站中文名稱,場站所屬行政區,中文地址,場站總停車格數,目前可借車輛數,目前可還空位數,資料更新時間,緯度,經度,場站營運狀態,"各車種可借數量明細(一般車,電輔車)",抓取時間
500601001,YouBike2.0_綠川東中山路口,中區,綠川東街/中山路口(東側),16,4,12,2026-08-21 15:03:03,24.13785,120.68337,1,"4,0",2026-08-21 15:12:29.741980
500601002,YouBike2.0_繼光光復路口,中區,繼光街166號(對側人行道),18,3,15,2026-08-21 15:02:02,24.1411,120.68474,1,"2,1",2026-08-21 15:12:29.741980
500601003,YouBike2.0_柳原教會,中區,興中街/福音街口(西南側),13,2,11,2026-08-21 15:11:03,24.145923,120.681301,1,"2,0",2026-08-21 15:12:29.741980
500601004,YouBike2.0_臺中車站(建國路),中區,建國路/中山路口(北側),79,60,18,2026-08-21 15:10:05,24.13746,120.68435,1,"47,13",2026-08-21 15:12:29.741980
500601005,YouBike2.0_柳川東中華路口,中區,柳川東路四段/中華路二段口(西北側),30,0,30,2026-08-21 14:58:16,24.14692,120.6783,1,"0,0",2026-08-21 15:12:29.741980
500601006,YouBike2.0_柳川西民權路口,中區,柳川西路三段2號(對側人行道),16,10,6,2026-08-21 15:02:02,24.14169,120.67568,1,"10,0",2026-08-21 15:12:29.741980
500601007,YouBike2.0_自由臺灣大道口,中區,自由路二段34號旁,24,19,5,2026-08-21 14:50:04,24.13988,120.68206,1,"18,1",2026-08-21 15:12:29.741980
500601008,YouBike2.0_興中立體停車場,中區,臺灣大道一段/興中街口(北側),50,16,34,2026-08-21 15:05:03,24.14343,120.6786,1,"16,0",2026-08-21 15:12:29.741980
500601009,YouBike2.0_繼光街中山路口,中區,繼光街/中山路口,20,4,11,2026-08-21 15:02:03,24.13856,120.68213,1,"4,0",2026-08-21 15:12:29.741980
500602001,YouBike2.0_大智機車停車場,東區,復興路四段212號(對側),22,7,14,2026-08-21 15:10:05,24.13657,120.68789,1,"7,0",2026-08-21 15:12:29.741980
500602002,YouBike2.0_秀泰生活S1館,東區,南京路/復興路四段(東北側),16,7,9,2026-08-21 15:06:02,24.14012,120.68933,1,"7,0",2026-08-21 15:12:29.741980
500602003,YouBike2.0_雙十南京路口(東北側),東區,雙十路一段/南京路口(東北側),13,1,12,2026-08-21 14:54:02,24.1402694,120.6860178,1,"0,1",2026-08-21 15:12:29.741980
500602004,YouBike2.0_帝國製糖廠,東區,進德路/樂業路口(西南側),20,5,15,2026-08-21 14:47:04,24.1386429,120.6924869,1,"5,0",2026-08-21 15:12:29.741980
500602005,YouBike2.0_中興大學附屬高農(中農附旅),東區,台中路287號前,15,3,12,2026-08-21 15:01:03,24.12688,120.6844,1,"3,0",2026-08-21 15:12:29.741980
500602006,YouBike2.0_精武車站,東區,東光路161號旁,56,30,21,2026-08-21 15:11:03,24.14956,120.69786,1,"30,0",2026-08-21 15:12:29.741980
500602007,YouBike2.0_臺中家商(大公街),東區,大公街47號(對側人行道),35,3,32,2026-08-21 14:51:03,24.13365,120.68569,1,"3,0",2026-08-21 15:12:29.741980
500602008,YouBike2.0_自由南京路口,東區,自由路/南京路口(南側),15,5,10,2026-08-21 14:43:02,24.14267,120.69625,1,"5,0",2026-08-21 15:12:29.741980
500602009,YouBike2.0_臺中國小(信義街),東區,信義街45號(對側人行道),50,6,44,2026-08-21 14:58:02,24.13212,120.68481,1,"6,0",2026-08-21 15:12:29.741980
500602010,YouBike2.0_忠孝公園,東區,忠孝路/大勇街(東北側),17,3,14,2026-08-21 14:50:04,24.13254,120.6888,1,"3,0",2026-08-21 15:12:29.741980
500602011,YouBike2.0_東門兒童公園,東區,東光園路/東光園路131巷口(西北側),20,0,20,2026-08-21 14:31:17,24.12784,120.69443,1,"0,0",2026-08-21 15:12:29.741980
500602012,YouBike2.0_六順多功能活動中心,東區,六順路26號(北側),20,6,13,2026-08-21 15:09:04,24.12514,120.69947,1,"6,0",2026-08-21 15:12:29.741980
500602013,YouBike2.0_樂成公園,東區,東英五街/東信街口(北側),17,2,15,2026-08-21 14:38:04,24.13637,120.70297,1,"2,0",2026-08-21 15:12:29.741980
500602014,YouBike2.0_東峰公園,東區,七中路/興大路口(東側),20,6,14,2026-08-21 15:01:03,24.12415,120.68503,1,"6,0",2026-08-21 15:12:29.741980
500602015,YouBike2.0_臺中車站(大智北路),東區,大智北路/新民街(西南側),36,3,22,2026-08-21 15:11:03,24.13777,120.68765,1,"3,0",2026-08-21 15:12:29.741980
500602016,YouBike2.0_臺中車站(復興路東側出口),東區,復興路四段149巷/復興路四段口(北側),98,12,86,2026-08-21 15:09:04,24.136,120.68631,1,"11,1",2026-08-21 15:12:29.741980
500602017,YouBike2.0_力行國小(進化路221巷),東區,進化路/進化路221巷口(西北側),20,2,18,2026-08-21 15:01:03,24.14999,120.69419,1,"2,0",2026-08-21 15:12:29.741980
500602018,YouBike2.0_進化精武路口(西南側),東區,進化路/精武路口(西南側),17,2,15,2026-08-21 14:14:03,24.14765,120.69417,1,"1,1",2026-08-21 15:12:29.741980
500602019,YouBike2.0_自由自由三街口,東區,自由路三段/自由三街口(東北側),18,6,12,2026-08-21 15:05:03,24.14269,120.69109,1,"6,0",2026-08-21 15:12:29.741980
500602020,YouBike2.0_進德國小(進化路),東區,進化路/福仁街口(西北側),19,0,19,2026-08-21 15:02:20,24.14428,120.69418,1,"0,0",2026-08-21 15:12:29.741980
500602021,YouBike2.0_東英停車場(一心街),東區,一心街/東英九街(西北側),47,3,43,2026-08-21 15:01:03,24.14227,120.70204,1,"3,0",2026-08-21 15:12:29.741980
500602022,YouBike2.0_十甲里等三里多功能活動中心,東區,東英七街41號,19,0,19,2026-08-21 13:29:16,24.14113,120.70408,1,"0,0",2026-08-21 15:12:29.741980
500602023,YouBike2.0_仁和大智路口(西南側),東區,仁和路/大智路口(西南側),11,7,4,2026-08-21 15:00:05,24.12628,120.68984,1,"7,0",2026-08-21 15:12:29.741980
500602024,YouBike2.0_東峰國中(仁和路),東區,仁和路330號(東側人行道),20,13,7,2026-08-21 13:00:03,24.1263,120.68724,1,"13,0",2026-08-21 15:12:29.741980
500602025,YouBike2.0_東光園大智路口(東北側),東區,東光園路22號(對面側人行道),33,0,0,2026-08-06 22:05:17,24.12473,120.69065,0,"0,0",2026-08-21 15:12:29.741980
500602026,YouBike2.0_新建國市場(1號門)(樂業二路),東區,樂業二路/樂業南路口(西北側),37,6,31,2026-08-21 14:54:02,24.13497,120.69486,1,"6,0",2026-08-21 15:12:29.741980
500602027,YouBike2.0_樂業國小(樂業南路),東區,樂業路60號(西側人行道),20,0,20,2026-08-21 14:22:21,24.13803,120.695,1,"0,0",2026-08-21 15:12:29.741980
500602028,YouBike2.0_福聯新城,東區,精武路217巷/富榮街口(西側),20,0,20,2026-08-21 14:45:17,24.14554,120.69098,1,"0,0",2026-08-21 15:12:29.741980
500602029,YouBike2.0_東英公園(樂業路),東區,樂業路/喬城三街口(東北側),15,7,8,2026-08-21 12:58:03,24.13586,120.70844,1,"7,0",2026-08-21 15:12:29.741980
500602030,YouBike2.0_旱溪停車場(旱溪街),東區,旱溪街/德興一街口(東北側),31,5,26,2026-08-21 12:10:04,24.14083,120.70949,1,"5,0",2026-08-21 15:12:29.741980
500602031,YouBike2.0_三賢停車場,東區,十甲路/東英十一街口(東南側),13,4,9,2026-08-21 14:33:05,24.14413,120.7112,1,"4,0",2026-08-21 15:12:29.741980
500602032,YouBike2.0_進業公園(東英十五街),東區,東英十五街/十甲東路口(西北側),50,3,47,2026-08-21 14:10:02,24.14624,120.70924,1,"3,0",2026-08-21 15:12:29.741980
500602033,YouBike2.0_家庭教育中心(東英十七街),東區,東英十七街/三賢街口(西南側),23,4,19,2026-08-21 14:55:03,24.14793,120.7075,1,"4,0",2026-08-21 15:12:29.741980
500602034,YouBike2.0_南京東十甲路口,東區,南京東路/十甲路口(東北側),15,0,15,2026-08-21 15:06:17,24.14481,120.69702,1,"0,0",2026-08-21 15:12:29.741980
500602035,YouBike2.0_力行國小,東區,力行路/進化路口(西南側),33,8,25,2026-08-21 15:08:02,24.15157,120.69372,1,"8,0",2026-08-21 15:12:29.741980
500602036,YouBike2.0_進德國小,東區,進化路158號(對側人行道),32,1,31,2026-08-21 15:11:18,24.14607,120.69429,1,"1,0",2026-08-21 15:12:29.741980
500602037,YouBike2.0_大智國小(建德街),東區,建德街181號(對側人行道),15,8,7,2026-08-21 15:09:04,24.12959,120.69144,1,"8,0",2026-08-21 15:12:29.741980
500602038,YouBike2.0_東福公園(東英一街),東區,東英一街62號(對側人行道),35,1,34,2026-08-21 15:01:03,24.13411,120.70382,1,"1,0",2026-08-21 15:12:29.741980
500602039,YouBike2.0_旱溪東東英三街口,東區,旱溪東路一段306號前,20,5,15,2026-08-21 14:44:03,24.13556,120.70097,1,"5,0",2026-08-21 15:12:29.741980
500602041,YouBike2.0_大智國小,東區,建德街/大智路口(東南側),26,11,15,2026-08-21 15:00:05,24.12956,120.69059,1,"11,0",2026-08-21 15:12:29.741980
500602042,YouBike2.0_東峰公園(仁和路),東區,仁和路/立德東街口(西側),26,4,22,2026-08-21 15:00:05,24.12627,120.68827,1,"4,0",2026-08-21 15:12:29.741980
500602043,YouBike2.0_中興大學附屬高農,東區,台中路283號前,46,0,46,2026-08-21 15:02:20,24.12861,120.68491,1,"0,0",2026-08-21 15:12:29.741980
500602044,YouBike2.0_長福公園,東區,長福路/旱溪東路一段口(東北側),22,3,19,2026-08-21 14:18:03,24.14402,120.70205,1,"3,0",2026-08-21 15:12:29.741980
500602045,YouBike2.0_東光園振興路口,東區,東光園路/振興路口(西北側),36,3,32,2026-08-21 14:32:04,24.13333,120.69708,1,"3,0",2026-08-21 15:12:29.741980
500602046,YouBike2.0_秀泰廣場,東區,南京路/自由三街口(東北側),30,22,8,2026-08-21 15:04:03,24.1401,120.6913,1,"22,0",2026-08-21 15:12:29.741980
500602047,YouBike2.0_樂利公園,東區,十甲東路/東英六街口(東南側),32,5,27,2026-08-21 13:31:05,24.13885,120.70752,1,"4,1",2026-08-21 15:12:29.741980
500602048,YouBike2.0_樂成宮,東區,旱溪一街/東光路口(東北側),27,4,22,2026-08-21 15:10:05,24.14097,120.6969,1,"4,0",2026-08-21 15:12:29.741980
500602049,YouBike2.0_新建國市場(5號門),東區,進德路/建成路口(東北側),30,6,24,2026-08-21 14:13:02,24.13401,120.69385,1,"6,0",2026-08-21 15:12:29.741980
500602050,YouBike2.0_建成樂業路口,東區,建成路356號(對側人行道),20,6,14,2026-08-21 14:48:03,24.13858,120.69669,1,"6,0",2026-08-21 15:12:29.741980
500602051,YouBike2.0_綠空廊道(南京泉源街口西南側),東區,南京路/泉源街口(西南側),13,5,8,2026-08-21 14:48:03,24.14081,120.69434,1,"5,0",2026-08-21 15:12:29.741980
500602052,YouBike2.0_綠空廊道(南京泉源街口東南側),東區,南京路/泉源街口(東南側),19,8,11,2026-08-21 15:09:04,24.140901,120.694408,1,"8,0",2026-08-21 15:12:29.741980
500602053,YouBike2.0_綠空廊道(精武東光路口),東區,精武路/東光路口(西南側),10,8,2,2026-08-21 14:51:03,24.147882,120.697793,1,"8,0",2026-08-21 15:12:29.741980
500602054,YouBike2.0_建德東光園路口,東區,建德街/東光園路口(南側),15,1,14,2026-08-21 14:43:16,24.12953,120.69679,1,"1,0",2026-08-21 15:12:29.741980
500602055,YouBike2.0_樂業寵物公園,東區,樂業一路/進德路口(東南側),20,9,10,2026-08-21 15:02:02,24.1368,120.693,1,"9,0",2026-08-21 15:12:29.741980
500602056,YouBike2.0_帝國製糖廠(復興東路),東區,復興東路/復興路四段口(東南側),20,5,15,2026-08-21 14:25:04,24.13835,120.69013,1,"5,0",2026-08-21 15:12:29.741980
500602057,YouBike2.0_育英公園,東區,旱溪西路一段/旱溪西路一段365巷(西南側),15,3,12,2026-08-21 14:42:02,24.13802,120.69995,1,"3,0",2026-08-21 15:12:29.741980
500602058,YouBike2.0_臺中轉運站,東區,大智北路/八德街口(西北側),40,10,30,2026-08-21 14:44:03,24.13887,120.68755,1,"10,0",2026-08-21 15:12:29.741980
500602059,YouBike2.0_美好莊園_夏卡爾社區,東區,東福二街/東福路口(東南側),19,4,15,2026-08-21 15:08:02,24.12804,120.69932,1,"4,0",2026-08-21 15:12:29.741980
500602060,YouBike2.0_東英自由路口,東區,東英路/自由路四段口,11,8,3,2026-08-21 15:01:03,24.143046,120.705976,1,"8,0",2026-08-21 15:12:29.741980
500602062,YouBike2.0_興大七中路口,東區,興大路/七中路(西側),20,0,20,2026-08-21 14:19:17,24.123836,120.684809,1,"0,0",2026-08-21 15:12:29.741980
500602063,YouBike2.0_仁和公園,東區,東光園仁和路口(西南側),15,1,14,2026-08-21 15:03:03,24.126275,120.693214,1,"1,0",2026-08-21 15:12:29.741980
500602064,YouBike2.0_大智公園(立德東街),東區,立德東街亞洲街口(北側),17,8,9,2026-08-21 15:05:03,24.124883,120.688892,1,"8,0",2026-08-21 15:12:29.741980
500602066,YouBike2.0_大興建功街口,東區,大興街26號(東南側),10,0,10,2026-07-12 00:01:03,24.130346,120.693039,0,"0,0",2026-08-21 15:12:29.741980
500602067,YouBike2.0_第一廣場公園,東區,公園東路150號,16,3,13,2026-08-21 15:02:03,24.14148,120.68707,1,"3,0",2026-08-21 15:12:29.741980
500602068,YouBike2.0_家庭教育中心(三賢街),東區,三賢街/十甲東二街口(西北側),14,4,10,2026-08-21 15:00:05,24.14749,120.70786,1,"4,0",2026-08-21 15:12:29.741980
500602069,YouBike2.0_旱平公園,東區,十甲東路/東英八街口(西南側),15,1,14,2026-08-21 15:01:03,24.14165,120.70849,1,"1,0",2026-08-21 15:12:29.741980
500602070,YouBike2.0_中興大學附屬高農(建中街),東區,建中街/台中路口(東南側),28,6,22,2026-08-21 15:11:03,24.12889,120.68516,1,"6,0",2026-08-21 15:12:29.741980
500602071,YouBike2.0_樂業二路復興東一街口,東區,樂業二路/復興東一路口,40,8,32,2026-08-21 15:11:03,24.13476,120.69133,1,"8,0",2026-08-21 15:12:29.741980
500602072,YouBike2.0_東光園樂業一路口,東區,東光園路452號對側,13,2,9,2026-08-21 15:01:03,24.13683,120.69702,1,"2,0",2026-08-21 15:12:29.741980
500602073,YouBike2.0_福仁自由二街口,東區,自由二街85號,16,7,9,2026-08-21 15:11:03,24.14461,120.68746,1,"7,0",2026-08-21 15:12:29.741980
500602074,YouBike2.0_福仁富台東街口,東區,福仁街78號對側,23,0,23,2026-08-21 14:58:16,24.14417,120.69073,1,"0,0",2026-08-21 15:12:29.741980
500602075,YouBike2.0_建興大振街口,東區,建興街58號對側,20,4,16,2026-08-21 13:43:03,24.12771,120.69095,1,"4,0",2026-08-21 15:12:29.741980
500602077,YouBike2.0_忠孝教會(忠孝路),東區,忠孝路288號(西側),20,9,11,2026-08-21 14:51:03,24.131622,120.687061,1,"9,0",2026-08-21 15:12:29.741980
500602079,YouBike2.0_東光力行路口,東區,東光路210號對側,23,2,21,2026-08-21 15:09:04,24.15078,120.69823,1,"2,0",2026-08-21 15:12:29.741980
500602081,YouBike2.0_大智北南京路口,東區,大智北路/南京路口,42,7,35,2026-08-21 14:56:02,24.13964,120.68768,1,"7,0",2026-08-21 15:12:29.741980
500602082,YouBike2.0_立德地下停車場,東區,立德街67巷/和平街158巷口(西南側),32,2,30,2026-08-21 14:53:02,24.133868,120.68723,1,"2,0",2026-08-21 15:12:29.741980
500602084,YouBike2.0_十甲旺市場,東區,旱溪西路一段523巷/旱溪西路一段口,18,4,14,2026-08-21 14:49:05,24.14534,120.69904,1,"4,0",2026-08-21 15:12:29.741980
500602085,YouBike2.0_旱溪東振興路口,東區,旱溪東路一段/振興路口(西北側),25,4,21,2026-08-21 12:56:03,24.13321,120.70013,1,"4,0",2026-08-21 15:12:29.741980
500602086,YouBike2.0_十甲公園,東區,東英路697號,16,4,12,2026-08-21 14:10:02,24.14770,120.70615,1,"3,1",2026-08-21 15:12:29.741980
500602088,YouBike2.0_南京進德路口,東區,南京路/進德路口,22,2,20,2026-08-21 15:10:05,24.13992,120.69274,1,"2,0",2026-08-21 15:12:29.741980
500603001,YouBike2.0_忠明國小(台灣大道),西區,台灣大道二段556號,25,5,20,2026-08-21 15:03:03,24.15803,120.65868,1,"5,0",2026-08-21 15:12:29.741980
500603003,YouBike2.0_萬壽公園(向上南路),西區,大墩路/大墩八街口(東南側),15,5,10,2026-08-21 14:55:03,24.1455119,120.6499188,1,"5,0",2026-08-21 15:12:29.741980
500603005,YouBike2.0_國立臺灣美術館(五權西路),西區,五權西路一段/五權西一街口(西北側),18,2,16,2026-08-21 15:05:03,24.14023,120.66374,1,"2,0",2026-08-21 15:12:29.741980
500603006,YouBike2.0_臺中市政府交通局,西區,民權路101號,18,14,4,2026-08-21 15:11:03,24.13989,120.67705,1,"13,1",2026-08-21 15:12:29.741980
500603007,YouBike2.0_美術館園道(五權五街),西區,五權五街/五權西三街口(西南側),20,5,15,2026-08-21 14:57:02,24.1365,120.66279,1,"4,1",2026-08-21 15:12:29.741980
500603008,YouBike2.0_光明國中,西區,自由路一段75號,50,7,43,2026-08-21 15:02:02,24.1322,120.67316,1,"7,0",2026-08-21 15:12:29.741980
500603009,YouBike2.0_梅川東民生路口,西區,梅川東路一段/民生路口(北側),20,4,16,2026-08-21 15:06:02,24.14482,120.66901,1,"4,0",2026-08-21 15:12:29.741980
500603010,YouBike2.0_梅川西臺灣大道二段口,西區,梅川西路一段/臺灣大道二段口(南側),20,10,10,2026-08-21 15:11:03,24.14949736,120.6710024,1,"10,0",2026-08-21 15:12:29.741980
500603011,YouBike2.0_臺灣大道大仁街口(東南側),西區,臺灣大道二段250號前,13,7,6,2026-08-21 14:12:04,24.15278,120.6678,1,"7,0",2026-08-21 15:12:29.741980
500603012,YouBike2.0_綠十八公園,西區,忠明南路240-9號,15,1,14,2026-08-21 14:33:18,24.14143,120.65719,1,"1,0",2026-08-21 15:12:29.741980
500603013,YouBike2.0_自立停車場,西區,自立街33號,20,3,17,2026-08-21 14:52:03,24.13944,120.67177,1,"3,0",2026-08-21 15:12:29.741980
500603014,YouBike2.0_經國園道(向上路),西區,向上路一段/英才路口(西南側),24,0,24,2026-08-21 14:58:02,24.14663,120.66489,1,"0,0",2026-08-21 15:12:29.741980
500603015,YouBike2.0_經國園道(向上北路),西區,向上北路/公益路155巷口(東南側),21,0,21,2026-08-21 15:00:23,24.14784,120.66452,1,"0,0",2026-08-21 15:12:29.741980
500603016,YouBike2.0_草悟道(公益路155巷),西區,公益路155巷/公正路口(西南側),18,4,14,2026-08-21 15:06:02,24.1488,120.66434,1,"4,0",2026-08-21 15:12:29.741980
500603017,YouBike2.0_臺中市民廣場(中興街),西區,中興街165號(對側人行道),76,15,61,2026-08-21 15:10:05,24.14961,120.66307,1,"15,0",2026-08-21 15:12:29.741980
500603018,YouBike2.0_西區社會福利服務中心,西區,五權五街283號,15,7,8,2026-08-21 14:59:03,24.13642,120.65515,1,"7,0",2026-08-21 15:12:29.741980
500603019,YouBike2.0_忠明公園,西區,華美街/長春街口(南側),19,8,11,2026-08-21 15:11:03,24.15459,120.65979,1,"8,0",2026-08-21 15:12:29.741980
500603020,YouBike2.0_美術園道(五權七街),西區,五權七街/五權西四街口(東北側),23,6,17,2026-08-21 15:01:03,24.13521,120.66283,1,"6,0",2026-08-21 15:12:29.741980
500603021,YouBike2.0_公館公園(自由路),西區,自由路一段/三民路一段口,38,4,34,2026-08-21 14:59:03,24.13214,120.66928,1,"4,0",2026-08-21 15:12:29.741980
500603022,YouBike2.0_忠誠公園(忠明路),西區,忠明路/華美西街一段口(西南側),28,3,25,2026-08-21 14:29:03,24.16109,120.66275,1,"3,0",2026-08-21 15:12:29.741980
500603023,YouBike2.0_美術園道(五權一街),西區,五權一街/五權西四街口(東北側),17,0,17,2026-08-21 15:00:23,24.13934,120.66284,1,"0,0",2026-08-21 15:12:29.741980
500603024,YouBike2.0_茄苳腳(梅川西路),西區,梅川西路二段/博館二街口(南側),66,11,55,2026-08-21 15:10:05,24.15039,120.67139,1,"10,1",2026-08-21 15:12:29.741980
500603025,YouBike2.0_樂群公園(柳川東路),西區,柳川東路二段/大新街口(西南側),15,4,11,2026-08-21 15:05:03,24.135563,120.666895,1,"4,0",2026-08-21 15:12:29.741980
500603026,YouBike2.0_廣十地下停車場,西區,四維街/柳川西路二段口(東北側),21,15,6,2026-08-21 15:09:04,24.140833,120.671917,1,"15,0",2026-08-21 15:12:29.741980
500603027,YouBike2.0_林森停車場,西區,貴和街/公館路46巷口(東側),34,11,23,2026-08-21 15:07:05,24.134047,120.673314,1,"11,0",2026-08-21 15:12:29.741980
500603028,YouBike2.0_綠空廊道(建國北學府路口),西區,建國北路三段/學府路口(西南側),24,7,17,2026-08-21 15:05:03,24.131519,120.672627,1,"6,1",2026-08-21 15:12:29.741980
500603029,YouBike2.0_上公館公園(五權路),西區,五權路/公館路口(東南側),11,7,4,2026-08-21 14:51:03,24.136182,120.66582,1,"7,0",2026-08-21 15:12:29.741980
500603030,YouBike2.0_公益公園(公益路),西區,公益路/忠明南路(東南側),39,7,32,2026-08-21 15:07:05,24.1508,120.65776,1,"7,0",2026-08-21 15:12:29.741980
500603031,YouBike2.0_存中中美街口(東南側),西區,存中街/中美街口(東南側),20,6,14,2026-08-21 14:59:03,24.14151,120.66027,1,"6,0",2026-08-21 15:12:29.741980
500603032,YouBike2.0_公益精誠路口(西北側),西區,公益路/精誠路口(西北側),11,1,10,2026-08-21 15:11:18,24.150976,120.654952,1,"1,0",2026-08-21 15:12:29.741980
500603033,YouBike2.0_萬壽棒球場(向上路),西區,向上路一段/大進街口(西南側),42,2,40,2026-08-21 15:04:03,24.1466031,120.6507125,1,"2,0",2026-08-21 15:12:29.741980
500603034,YouBike2.0_臺中教育大學(英才校區),西區,民生路/民生路225巷口(西南側),18,3,15,2026-08-21 15:10:05,24.144309,120.667731,1,"2,1",2026-08-21 15:12:29.741980
500603035,YouBike2.0_大益公園,西區,大墩十一街64號(對側人行道),10,3,7,2026-08-21 15:05:03,24.14879,120.65278,1,"3,0",2026-08-21 15:12:29.741980
500603036,YouBike2.0_館前臺灣大道二段口,西區,館前路/臺灣大道二段口(西南側),28,19,9,2026-08-21 15:10:05,24.153911,120.663823,1,"19,0",2026-08-21 15:12:29.741980
500603037,YouBike2.0_公益公園,西區,忠明南路/華美西街一段口(東北側),20,5,15,2026-08-21 15:07:05,24.15007,120.65752,1,"5,0",2026-08-21 15:12:29.741980
500603038,YouBike2.0_忠明國小,西區,臺灣大道二段/忠明南路口(西南側),32,20,12,2026-08-21 15:09:04,24.15676,120.65917,1,"20,0",2026-08-21 15:12:29.741980
500603039,YouBike2.0_科博館/金典酒店,西區,臺灣大道一段/健行路口(東北側),52,10,42,2026-08-21 15:09:04,24.15552,120.66304,1,"9,1",2026-08-21 15:12:29.741980
500603040,YouBike2.0_大墩文化中心,西區,五權路/英才路口(西側),40,16,24,2026-08-21 15:01:03,24.14124,120.66653,1,"16,0",2026-08-21 15:12:29.741980
500603041,YouBike2.0_臺中教育大學,西區,五權路/民權路口(西南側),32,6,26,2026-08-21 15:10:05,24.14521,120.67118,1,"5,1",2026-08-21 15:12:29.741980
500603042,YouBike2.0_中山地政事務所,西區,三民路一段/三民路一段156巷口(東北側),34,21,12,2026-08-21 15:10:05,24.13654,120.6737,1,"21,0",2026-08-21 15:12:29.741980
500603043,YouBike2.0_大忠公園,西區,精誠三十街/大忠街口(東北側),30,2,28,2026-08-21 14:58:02,24.14338,120.6562,1,"1,1",2026-08-21 15:12:29.741980
500603044,YouBike2.0_臺中女中,西區,自由路一段/康樂街口(西北側),40,24,16,2026-08-21 15:08:02,24.13557,120.67733,1,"24,0",2026-08-21 15:12:29.741980
500603045,YouBike2.0_中正國小,西區,英才路423號前,37,7,29,2026-08-21 15:01:03,24.15248,120.66628,1,"6,1",2026-08-21 15:12:29.741980
500603046,YouBike2.0_五權西忠明南路口,西區,五權西路一段/忠明南路口(西南側),32,3,29,2026-08-21 14:57:02,24.13977,120.65708,1,"2,1",2026-08-21 15:12:29.741980
500603047,YouBike2.0_臺中州廳,西區,市府路/民權路口(西南側),42,8,10,2026-08-21 15:05:03,24.13829,120.67875,1,"7,1",2026-08-21 15:12:29.741980
500603048,YouBike2.0_精誠大墩四街口,西區,精誠路/大墩四街口(東側),32,4,28,2026-08-21 15:07:05,24.140527,120.654664,1,"4,0",2026-08-21 15:12:29.741980
500603049,YouBike2.0_國立臺灣美術館,西區,五權西路一段/美村路一段口(東北側),40,4,36,2026-08-21 15:10:05,24.14104,120.66177,1,"4,0",2026-08-21 15:12:29.741980
500603050,YouBike2.0_經國園道,西區,向上路一段/英才路口(西北側),40,1,39,2026-08-21 15:11:18,24.14677,120.66477,1,"1,0",2026-08-21 15:12:29.741980
500603051,YouBike2.0_民生英才路口,西區,民生路/英才路口(西北側),46,9,37,2026-08-21 15:09:04,24.14435,120.6648,1,"9,0",2026-08-21 15:12:29.741980
500603052,YouBike2.0_土庫公園,西區,五權五街/五權西六街136巷口(西南側),26,12,14,2026-08-21 15:07:05,24.1364,120.65788,1,"12,0",2026-08-21 15:12:29.741980
500603053,YouBike2.0_美術園道,西區,五權七街/五權西四街口(東南側),34,7,27,2026-08-21 14:28:02,24.13508,120.66293,1,"7,0",2026-08-21 15:12:29.741980
500603054,YouBike2.0_公益精誠路口(西南側),西區,公益路347號前,16,8,8,2026-08-21 15:11:03,24.15077,120.6549,1,"8,0",2026-08-21 15:12:29.741980
500603055,YouBike2.0_西區忠勤公園,西區,忠勤街/忠仁路163巷口(南側),14,2,12,2026-08-21 15:03:03,24.1427,120.66957,1,"2,0",2026-08-21 15:12:29.741980
500603056,YouBike2.0_五權三五權西二街口,西區,五權三街/五權西二街口(東南側),15,0,15,2026-08-21 15:04:22,24.13791,120.66392,1,"0,0",2026-08-21 15:12:29.741980
500603057,YouBike2.0_忠明南民生路口,西區,忠明南路/民生路口(西北側),18,6,12,2026-08-21 14:41:03,24.14452,120.65716,1,"6,0",2026-08-21 15:12:29.741980
500603058,YouBike2.0_民權梅川東路口,西區,民權路/梅川東路口(東北側),23,0,23,2026-08-21 15:01:20,24.14629,120.67042,1,"0,0",2026-08-21 15:12:29.741980
500603059,YouBike2.0_臺中市民廣場(公益路155巷),西區,公益路155巷/公益路口(西南側),39,12,27,2026-08-21 15:07:05,24.150648,120.66422,1,"11,1",2026-08-21 15:12:29.741980
500603060,YouBike2.0_東昇公園,西區,朝陽街/大全街口(東南側),19,4,15,2026-08-21 14:51:03,24.135,120.670649,1,"4,0",2026-08-21 15:12:29.741980
500603061,YouBike2.0_藍興公園,西區,大新街46號(對側人行道),14,5,9,2026-08-21 15:06:03,24.134175,120.668472,1,"5,0",2026-08-21 15:12:29.741980
500603062,YouBike2.0_柳川東南屯路口(南北兩側),西區,柳川東路二段/南屯路一段口(南北兩側),19,3,16,2026-08-21 15:10:05,24.132188,120.663239,1,"3,0",2026-08-21 15:12:29.741980
500603064,YouBike2.0_忠明高中,西區,博館路/健行路口(西北側),47,0,47,2026-08-21 15:09:58,24.157768,120.66358,1,"0,0",2026-08-21 15:12:29.741980
500603066,YouBike2.0_建國台中路口,西區,建國路/台中路口(西南側),18,7,11,2026-08-21 15:07:05,24.135622,120.682066,1,"7,0",2026-08-21 15:12:29.741980
500603067,YouBike2.0_綠空廊道(康樂街),西區,建國路/康樂街口(東南側),13,5,8,2026-08-21 15:09:04,24.13385,120.67825,1,"5,0",2026-08-21 15:12:29.741980
500603068,YouBike2.0_綠空廊道(林森路),西區,建國北路三段/林森路口(西南側),15,5,10,2026-08-21 15:06:03,24.13283,120.67592,1,"5,0",2026-08-21 15:12:29.741980
500603070,YouBike2.0_臺中市立居仁國民中學,西區,民生路/自由路一段口(北側),43,28,15,2026-08-21 15:07:05,24.13657,120.67834,1,"28,0",2026-08-21 15:12:29.741980
500603072,YouBike2.0_柳川東自治街口,西區,柳川東路二段/自治街口(西南側),15,4,11,2026-08-21 14:46:03,24.138997,120.670262,1,"4,0",2026-08-21 15:12:29.741980
500603073,YouBike2.0_忠明高中(博館路華美街口),西區,博館路/華美街二段口(東側),28,9,19,2026-08-21 15:07:05,24.15837,120.66249,1,"9,0",2026-08-21 15:12:29.741980
500603074,YouBike2.0_大勇國小(五權八街),西區,五權八街/五權西五街口(西北側),18,12,6,2026-08-21 14:45:03,24.13434,120.6601,1,"12,0",2026-08-21 15:12:29.741980
500603076,YouBike2.0_臺灣大道臺灣大道二段179巷口,西區,臺灣大道二段157號前,11,2,9,2026-08-21 12:40:04,24.15162,120.66867,1,"2,0",2026-08-21 15:12:29.741980
500603077,YouBike2.0_中正國小(臺灣大道二段179巷),西區,臺灣大道二段179巷8號(對側),14,13,1,2026-08-21 14:37:16,24.15144,120.66801,1,"13,0",2026-08-21 15:12:29.741980
500603078,YouBike2.0_建國民生路口(東南側),西區,建國路/民生路口(東南側),13,12,1,2026-08-21 15:05:03,24.13486,120.68051,1,"12,0",2026-08-21 15:12:29.741980
500603079,YouBike2.0_大益立體停車場,西區,大忠街/向上路一段口(西南側),10,0,10,2026-08-21 15:08:16,24.14658,120.65669,1,"0,0",2026-08-21 15:12:29.741980
500603080,YouBike2.0_忠明高中(華美街),西區,華美街二段/健行路946巷口(西南側),30,12,18,2026-08-21 15:11:03,24.15998,120.66339,1,"12,0",2026-08-21 15:12:29.741980
500603081,YouBike2.0_臺中市中興地政事務所,西區,東興路三段246號(東側),15,2,13,2026-08-21 15:08:03,24.15368,120.65377,1,"1,1",2026-08-21 15:12:29.741980
500603082,YouBike2.0_忠明南向上北路口,西區,忠明南路/向上北路口(西北側),15,6,9,2026-08-21 14:57:02,24.147967,120.657182,1,"6,0",2026-08-21 15:12:29.741980
500603083,YouBike2.0_臺灣大道五權路口(南側),西區,臺灣大道一段703號前,15,7,8,2026-08-21 15:08:03,24.1473,120.67374,1,"7,0",2026-08-21 15:12:29.741980
500603084,YouBike2.0_忠明博館路口,西區,忠明路52號對側,21,5,16,2026-08-21 15:07:05,24.15893,120.66069,1,"5,0",2026-08-21 15:12:29.741980
500603085,YouBike2.0_美村公園,西區,五權西四街13巷11號旁,25,2,23,2026-08-21 15:11:03,24.13895,120.66181,1,"2,0",2026-08-21 15:12:29.741980
500603086,YouBike2.0_臺灣大道五權路口(北側),西區,臺灣大道二段6號,15,10,5,2026-08-21 15:07:05,24.14805,120.6734,1,"9,1",2026-08-21 15:12:29.741980
500603087,YouBike2.0_中興昇平街口,西區,中興街33號,18,8,10,2026-08-21 15:02:03,24.14521,120.66312,1,"8,0",2026-08-21 15:12:29.741980
500603088,YouBike2.0_中興中興街285巷口,西區,中興街/中興街285巷口,16,4,12,2026-08-21 15:10:05,24.15386,120.66329,1,"4,0",2026-08-21 15:12:29.741980
500604001,YouBike2.0_捷運大慶站,南區,建國北路一段11號,19,11,8,2026-08-21 15:10:05,24.11914,120.64744,1,"11,0",2026-08-21 15:12:29.741980
500604002,YouBike2.0_工學北工學路口(東北側),南區,工學北路226號對側,27,7,20,2026-08-21 14:58:02,24.11732,120.65907,1,"7,0",2026-08-21 15:12:29.741980
500604003,YouBike2.0_臺中高工,南區,高工路/工學二街口(西北側),50,11,39,2026-08-21 14:51:03,24.11343,120.66320,1,"11,0",2026-08-21 15:12:29.741980
500604004,YouBike2.0_三民西忠明南路口(西側),南區,三民西路/忠明南路口(西側),13,6,7,2026-08-21 14:50:04,24.13016,120.65687,1,"6,0",2026-08-21 15:12:29.741980
500604005,YouBike2.0_忠明南南屯路口,南區,忠明南路456號(對側人行道),52,14,38,2026-08-21 15:08:02,24.13371,120.6574,1,"13,1",2026-08-21 15:12:29.741980
500604006,YouBike2.0_標準檢驗局臺中分局(工學路),南區,工學路/工學二街口(東北側),16,9,7,2026-08-21 14:51:03,24.11691,120.66414,1,"9,0",2026-08-21 15:12:29.741980
500604008,YouBike2.0_五權車站,南區,建國北路二段131號(對側人行道),80,16,64,2026-08-21 15:11:03,24.12874,120.66611,1,"16,0",2026-08-21 15:12:29.741980
500604009,YouBike2.0_學府永和街口,南區,學府路133號前,27,3,24,2026-08-21 15:11:03,24.12833,120.67435,1,"3,0",2026-08-21 15:12:29.741980
500604011,YouBike2.0_國光忠明南路口,南區,國光路/忠明南路口(西南側),35,3,32,2026-08-21 15:05:03,24.11891,120.6791,1,"3,0",2026-08-21 15:12:29.741980
500604012,YouBike2.0_明德中學附設幼兒園,南區,忠明南路/忠明南路1261巷口(東北側),30,1,29,2026-08-21 14:52:03,24.11925,120.68204,1,"1,0",2026-08-21 15:12:29.741980
500604013,YouBike2.0_福順公園(平順街),南區,平順街/復興路二段99巷口(西南側),30,9,21,2026-08-21 15:09:04,24.12411,120.66232,1,"9,0",2026-08-21 15:12:29.741980
500604014,YouBike2.0_和平公園,南區,復興路二段15巷/文心南十路口(西北側),17,9,8,2026-08-21 14:27:04,24.1189,120.65804,1,"9,0",2026-08-21 15:12:29.741980
500604015,YouBike2.0_東興文心南十路口,南區,東興路一段/文心南十路口,20,4,16,2026-08-21 15:10:05,24.11804,120.6579,1,"3,1",2026-08-21 15:12:29.741980
500604016,YouBike2.0_文心南建國南路口,南區,文心南路/建國南路一段口(東北側),18,13,4,2026-08-21 15:11:03,24.120506,120.65034,1,"13,0",2026-08-21 15:12:29.741980
500604017,YouBike2.0_西川一建國北路口,南區,西川一路/建國北路口(東北側),35,1,34,2026-08-21 15:11:18,24.125,120.65754,1,"1,0",2026-08-21 15:12:29.741980
500604018,YouBike2.0_國光國小(仁和路),南區,國光路261號,14,4,10,2026-08-21 15:11:03,24.1263,120.67955,1,"4,0",2026-08-21 15:12:29.741980
500604019,YouBike2.0_崇倫公園(美村路),南區,美村路二段11號(對側人行道),19,10,9,2026-08-21 15:05:03,24.13159,120.66167,1,"9,1",2026-08-21 15:12:29.741980
500604020,YouBike2.0_綠空廊道(美村路),南區,建國北路二段/美村路口(西南側),40,9,31,2026-08-21 15:10:05,24.1272,120.66245,1,"9,0",2026-08-21 15:12:29.741980
500604021,YouBike2.0_民興公園(建國北路),南區,建國北路二段/民興街口,20,10,10,2026-08-21 14:53:02,24.12821,120.66421,1,"10,0",2026-08-21 15:12:29.741980
500604022,YouBike2.0_南平公園(和昌街),南區,和昌街295號(東側人行道),27,7,20,2026-08-21 14:55:03,24.12508,120.66905,1,"7,0",2026-08-21 15:12:29.741980
500604023,YouBike2.0_國立公共資訊圖書館(五權南路),南區,五權南路/建成路口(西北側),44,24,20,2026-08-21 15:03:03,24.126652,120.670323,1,"23,1",2026-08-21 15:12:29.741980
500604024,YouBike2.0_樹義國小(福田五街),南區,福田五街/福田路口(西南側),22,1,21,2026-08-21 15:00:05,24.112372,120.657669,1,"1,0",2026-08-21 15:12:29.741980
500604025,YouBike2.0_建國南路一段236巷口,南區,建國南路一段236巷/建國南路一段口(東南側),29,7,22,2026-08-21 14:54:02,24.123479,120.656993,1,"7,0",2026-08-21 15:12:29.741980
500604026,YouBike2.0_建國北柳川東路口,南區,建國北路二段/柳川東路口(南側),45,3,42,2026-08-21 15:03:03,24.12632,120.659792,1,"3,0",2026-08-21 15:12:29.741980
500604027,YouBike2.0_建國南忠明南730巷口,南區,建國南路/忠明南路730巷口(西北側),15,8,7,2026-08-21 13:47:02,24.124791,120.659691,1,"8,0",2026-08-21 15:12:29.741980
500604028,YouBike2.0_忠孝國光路口(西南側),南區,忠孝路/國光路口(西南側),50,6,44,2026-08-21 14:27:04,24.12789,120.67759,1,"5,1",2026-08-21 15:12:29.741980
500604030,YouBike2.0_福田水資源中心(福田二街),南區,福田二街/福田路(東南側),15,9,6,2026-08-21 15:06:02,24.10888,120.65789,1,"9,0",2026-08-21 15:12:29.741980
500604031,YouBike2.0_大慶街二段6-16巷文心南路口,南區,大慶街二段6-16巷/文心南路口(西南側),35,13,22,2026-08-21 15:06:02,24.11638,120.65387,1,"13,0",2026-08-21 15:12:29.741980
500604032,YouBike2.0_工學南和路口,南區,工學路/南和路口(東南側),29,0,29,2026-08-21 14:55:18,24.116817,120.66844,1,"0,0",2026-08-21 15:12:29.741980
500604033,YouBike2.0_忠明南工學二街口,南區,忠明南路/工學二街口(東南側),13,1,12,2026-08-21 15:11:03,24.11897,120.66449,1,"1,0",2026-08-21 15:12:29.741980
500604034,YouBike2.0_忠明南工學五街口,南區,忠明南路/工學五街口(東南側),12,4,8,2026-08-21 15:03:03,24.119607,120.663345,1,"4,0",2026-08-21 15:12:29.741980
500604035,YouBike2.0_樹仔腳公園,南區,復興北路/德吉街口(東北側),15,4,11,2026-08-21 15:08:02,24.118915,120.653861,1,"4,0",2026-08-21 15:12:29.741980
500604036,YouBike2.0_復興北東興路一段口,南區,復興北路/東興路一段口(東南側),18,6,11,2026-08-21 15:09:04,24.120226,120.65585,1,"6,0",2026-08-21 15:12:29.741980
500604037,YouBike2.0_樹仁公園(福田二街),南區,福田二街336號(對側人行道),40,8,32,2026-08-21 15:06:02,24.10875,120.6527,1,"8,0",2026-08-21 15:12:29.741980
500604038,YouBike2.0_樹義公園(福田三街),南區,福田三街/樹義五街口(西北側),29,6,23,2026-08-21 14:49:04,24.11099,120.6549,1,"6,0",2026-08-21 15:12:29.741980
500604039,YouBike2.0_長春國民運動中心(合作街),南區,合作街46號,13,3,10,2026-08-21 15:11:03,24.13113,120.68065,1,"3,0",2026-08-21 15:12:29.741980
500604040,YouBike2.0_美村南平路口,南區,美村路二段/南平路口(西北側),24,2,22,2026-08-21 14:10:02,24.123776,120.665591,1,"2,0",2026-08-21 15:12:29.741980
500604041,YouBike2.0_樹義園道,南區,工學北路349號(對側園道),24,2,22,2026-08-21 15:07:05,24.11533,120.65652,1,"2,0",2026-08-21 15:12:29.741980
500604042,YouBike2.0_忠明南美村南路口,南區,忠明南路/美村南路口(東南側),32,8,24,2026-08-21 14:49:04,24.11898,120.66733,1,"8,0",2026-08-21 15:12:29.741980
500604043,YouBike2.0_中山醫學大學,南區,建國北路一段110號(對側人行道),99,16,82,2026-08-21 15:11:03,24.1213,120.65132,1,"16,0",2026-08-21 15:12:29.741980
500604044,YouBike2.0_江川公園,南區,永東街/永南街(東南側),24,0,24,2026-08-21 15:05:18,24.12439,120.67149,1,"0,0",2026-08-21 15:12:29.741980
500604045,YouBike2.0_崇倫公園,南區,南屯路一段/美村路二段口(南側),34,5,28,2026-08-21 14:55:03,24.13229,120.66114,1,"5,0",2026-08-21 15:12:29.741980
500604046,YouBike2.0_國立中興大學,南區,興大路/仁德街口,36,23,13,2026-08-21 14:55:03,24.12391,120.67719,1,"23,0",2026-08-21 15:12:29.741980
500604047,YouBike2.0_永興公園,南區,工學路/工學一街口(西南側),26,7,19,2026-08-21 15:07:05,24.11674,120.66488,1,"7,0",2026-08-21 15:12:29.741980
500604048,YouBike2.0_樹德停車場,南區,德富路146巷/德吉街口(東北側),28,7,21,2026-08-21 15:06:02,24.11851,120.65435,1,"7,0",2026-08-21 15:12:29.741980
500604049,YouBike2.0_民興公園,南區,建國北路二段100巷/建國北路二段口,23,8,15,2026-08-21 14:31:03,24.12862,120.66456,1,"8,0",2026-08-21 15:12:29.741980
500604050,YouBike2.0_復興停車場,南區,復興路三段/國光路口(西側),28,2,26,2026-08-21 14:34:03,24.13175,120.67634,1,"2,0",2026-08-21 15:12:29.741980
500604051,YouBike2.0_健康公園附設停車場,南區,五權南路/五權南路380巷口(西北側),30,22,8,2026-08-21 14:53:02,24.12096,120.66988,1,"22,0",2026-08-21 15:12:29.741980
500604052,YouBike2.0_高工南和路口,南區,高工路/南和路口(北側),30,8,20,2026-08-21 14:39:02,24.11456,120.66834,1,"8,0",2026-08-21 15:12:29.741980
500604053,YouBike2.0_樹德柳橋(復興路一段207巷15弄),南區,復興路一段207巷15弄/復興路一段207巷口(西南側),25,3,22,2026-08-21 14:47:04,24.11238,120.64948,1,"3,0",2026-08-21 15:12:29.741980
500604054,YouBike2.0_文化部文化資產園區,南區,復興路三段/合作街口(東南側),40,0,40,2026-08-21 14:55:18,24.13291,120.67989,1,"0,0",2026-08-21 15:12:29.741980
500604055,YouBike2.0_國立中興大學(中興湖),南區,中興路/弘道路口(國立中興大學(中興湖)),52,13,39,2026-08-21 15:09:04,24.12043,120.67369,1,"11,2",2026-08-21 15:12:29.741980
500604056,YouBike2.0_大慶車站,南區,建國南路一段/大慶街二段口(西北側),64,40,24,2026-08-21 15:10:05,24.11859,120.64747,1,"40,0",2026-08-21 15:12:29.741980
500604057,YouBike2.0_四育國中,南區,復興路二段152號前,44,5,39,2026-08-21 15:11:03,24.126,120.66491,1,"5,0",2026-08-21 15:12:29.741980
500604058,YouBike2.0_忠明南復興路口,南區,忠明南路/復興路二段口(西北側),31,10,21,2026-08-21 15:11:03,24.12172,120.66129,1,"10,0",2026-08-21 15:12:29.741980
500604059,YouBike2.0_長春公園,南區,正義街/信義南街口(北側),15,1,14,2026-08-21 15:01:03,24.13041,120.67995,1,"1,0",2026-08-21 15:12:29.741980
500604060,YouBike2.0_文林公園,南區,建國南路二段/建國南路二段150巷口(西南側),17,0,17,2026-08-21 15:03:19,24.127679,120.664414,1,"0,0",2026-08-21 15:12:29.741980
500604061,YouBike2.0_國資圖停車場,南區,新榮街/復興園路口(東北側),25,6,19,2026-08-21 14:45:03,24.12876,120.671259,1,"6,0",2026-08-21 15:12:29.741980
500604062,YouBike2.0_僑泰中學(五權南一路),南區,五權南一路/南和一街口(東南側),25,4,21,2026-08-21 15:10:05,24.112659,120.668668,1,"4,0",2026-08-21 15:12:29.741980
500604063,YouBike2.0_臺中市樹德非營利幼兒園,南區,復興北路/樹德二巷口(東北側),15,0,15,2026-07-12 00:01:03,24.11516,120.64925,0,"0,0",2026-08-21 15:12:29.741980
500604064,YouBike2.0_樹德一巷復興北路口,南區,樹德一巷/復興北路口(東南側),15,9,6,2026-08-21 14:58:02,24.11234,120.64622,1,"9,0",2026-08-21 15:12:29.741980
500604065,YouBike2.0_美村南美村南路23巷口,南區,美村南路/美村南路23巷口(東南側),12,5,7,2026-08-21 15:04:04,24.12108,120.66691,1,"5,0",2026-08-21 15:12:29.741980
500604066,YouBike2.0_興大美村路口,南區,興大路/美村路二段口(東側),20,13,7,2026-08-21 15:10:05,24.122375,120.672031,1,"13,0",2026-08-21 15:12:29.741980
500604067,YouBike2.0_柳川東三民西路口,南區,柳川東路/三民西路口(西北側),12,4,8,2026-08-21 14:37:02,24.130317,120.659526,1,"4,0",2026-08-21 15:12:29.741980
500604068,YouBike2.0_藍花楹公園,南區,五權南路680巷96弄/五權南路614巷(東南側),15,0,15,2026-08-21 15:11:18,24.11232,120.67187,1,"0,0",2026-08-21 15:12:29.741980
500604069,YouBike2.0_大忠南三民西路口,南區,大忠南街/崇倫北街192巷口(西側),11,0,11,2026-08-21 15:07:19,24.130135,120.654973,1,"0,0",2026-08-21 15:12:29.741980
500604071,YouBike2.0_三民西柳川西路口,南區,三民西路/柳川西路一段口(東南側),11,5,6,2026-08-21 15:09:04,24.129927,120.65891,1,"5,0",2026-08-21 15:12:29.741980
500604072,YouBike2.0_忠明南路777巷口,南區,忠明南路/忠明南路777巷口(西南側),22,12,10,2026-08-21 14:50:04,24.123793,120.6602,1,"12,0",2026-08-21 15:12:29.741980
500604073,YouBike2.0_五權建國北路口(西南側),南區,五權路/建國北路口(西南側),33,5,26,2026-08-21 15:11:03,24.12965,120.66831,1,"5,0",2026-08-21 15:12:29.741980
500604074,YouBike2.0_五權建國北路口(東南側),南區,五權路/建國北路口(東南側),30,7,22,2026-08-21 15:05:03,24.12974,120.66854,1,"7,0",2026-08-21 15:12:29.741980
500604075,YouBike2.0_柳川西忠明南路口,南區,柳川西路/忠明南路口(北側),10,2,8,2026-08-21 13:55:04,24.12707,120.65907,1,"2,0",2026-08-21 15:12:29.741980
500604076,YouBike2.0_有恆街114巷口,南區,有恆街114巷/忠孝路57巷口,15,1,14,2026-08-21 15:10:05,24.12847,120.67638,1,"1,0",2026-08-21 15:12:29.741980
500604077,YouBike2.0_國光國小(興大路),南區,興大路/正義街口(西北側),22,4,18,2026-08-21 15:10:05,24.124283,120.680999,1,"4,0",2026-08-21 15:12:29.741980
500604078,YouBike2.0_大慶公園,南區,工學北路339號(東北側),15,4,11,2026-08-21 15:07:05,24.115757,120.657381,1,"4,0",2026-08-21 15:12:29.741980
500604079,YouBike2.0_忠孝路55巷口,南區,忠孝路55巷/忠孝路口(北側),10,0,10,2026-08-21 15:00:23,24.127757,120.676119,1,"0,0",2026-08-21 15:12:29.741980
500604081,YouBike2.0_忠明南南和路口,南區,南和路146號(西北側),12,3,9,2026-08-21 14:42:02,24.118879,120.668454,1,"3,0",2026-08-21 15:12:29.741980
500604082,YouBike2.0_文心南路大忠南街口,南區,文心南路/大忠南街口(東南側),20,4,12,2026-08-21 14:09:03,24.12265,120.64884,1,"4,0",2026-08-21 15:12:29.741980
500604083,YouBike2.0_臺中高工(高工工學六街口),南區,高工工學六街口(東側),50,21,29,2026-08-21 15:10:05,24.113292,120.660878,1,"21,0",2026-08-21 15:12:29.741980
500604084,YouBike2.0_忠明南工學北路口,南區,忠明南路888號(西北側),14,7,7,2026-08-21 14:53:02,24.119991,120.662433,1,"7,0",2026-08-21 15:12:29.741980
500604085,YouBike2.0_文心南文心南十路口,南區,文心南路/文心南十路口(東側),13,0,12,2026-08-21 15:11:18,24.11574,120.65501,1,"0,0",2026-08-21 15:12:29.741980
500604087,YouBike2.0_大慶街一段75巷口(東側),南區,大慶街一段75巷/德富路口(西南側),15,8,7,2026-08-21 14:41:03,24.11198,120.65977,1,"6,2",2026-08-21 15:12:29.741980
500604088,YouBike2.0_西川二西川一路口(西南側),南區,西川二路/西川一路口(西南側),15,3,12,2026-08-21 14:55:03,24.12827,120.65567,1,"3,0",2026-08-21 15:12:29.741980
500604089,YouBike2.0_中山醫學大學(口腔醫學門診部),南區,文心南路/建國北路一段口(西北側),30,10,20,2026-08-21 15:07:05,24.12167,120.64908,1,"10,0",2026-08-21 15:12:29.741980
500604090,YouBike2.0_大慶街二段7巷大慶街口,南區,大慶街二段7巷/大慶街二段口(西南側),12,10,2,2026-08-21 15:06:03,24.11447,120.65228,1,"10,0",2026-08-21 15:12:29.741980
500604091,YouBike2.0_文心南十德富路口,南區,文心南十路/德富路口(東北側),16,4,12,2026-08-21 14:53:02,24.117361,120.656891,1,"4,0",2026-08-21 15:12:29.741980
500604092,YouBike2.0_臺中高工(工學路),南區,工學路/工學五街口(東側),20,5,15,2026-08-21 14:01:03,24.116807,120.662664,1,"5,0",2026-08-21 15:12:29.741980
500604093,YouBike2.0_建成復興園路口,南區,建成路/復興園路口(西北側),15,6,9,2026-08-21 15:02:03,24.126602,120.671686,1,"6,0",2026-08-21 15:12:29.741980
500604094,YouBike2.0_福田水資源中心(屯區工程隊),南區,福田二街20號對側,16,4,12,2026-08-21 15:05:03,24.10897,120.66024,1,"4,0",2026-08-21 15:12:29.741980
500604097,YouBike2.0_信義南街國光路口,南區,信義南街/國光路口,22,4,18,2026-08-21 15:06:03,24.12944,120.67808,1,"4,0",2026-08-21 15:12:29.741980
500604098,YouBike2.0_建成學府路口,南區,建成路/學府路(西側),30,5,25,2026-08-21 14:42:02,24.126575,120.674879,1,"5,0",2026-08-21 15:12:29.741980
500604099,YouBike2.0_大慶街二段11之5巷口,南區,樹德一巷/大慶街二段11之5巷口,15,5,10,2026-08-21 14:55:03,24.11446,120.65183,1,"5,0",2026-08-21 15:12:29.741980
500604100,YouBike2.0_崇倫橋,南區,東興二街/西川二路口(西側),20,5,15,2026-08-21 14:46:03,24.126213,120.656015,1,"5,0",2026-08-21 15:12:29.741980
500604101,YouBike2.0_中興大學_興大二村,南區,國光路329號,28,12,16,2026-08-21 15:04:04,24.12131,120.67949,1,"12,0",2026-08-21 15:12:29.741980
500604106,YouBike2.0_中興大學_男生宿舍,南區,忠明南路/興大路口,37,3,33,2026-08-21 15:09:04,24.11889,120.67195,1,"3,0",2026-08-21 15:12:29.741980
500604108,YouBike2.0_復興北樹德二巷口,南區,復興北路/樹德二巷口(西北側),26,7,19,2026-08-21 15:08:03,24.11453,120.64840,1,"7,0",2026-08-21 15:12:29.741980
500604109,YouBike2.0_建國北東興路口,南區,建國北路一段/東興路一段口(東側),19,8,11,2026-08-21 15:10:05,24.12279,120.65374,1,"8,0",2026-08-21 15:12:29.741980
500604110,YouBike2.0_復新公園,南區,復新街/學府路口(東側),20,12,8,2026-08-21 15:06:03,24.12445,120.67568,1,"12,0",2026-08-21 15:12:29.741980
500605001,YouBike2.0_健行忠太東路口,北區,健行路898號(對側人行道),20,0,20,2026-08-21 14:37:16,24.15916,120.66798,1,"0,0",2026-08-21 15:12:29.741980
500605002,YouBike2.0_文心山西路口(西南側),北區,文心路四段194號前,22,2,20,2026-08-21 15:08:02,24.17336,120.67588,1,"2,0",2026-08-21 15:12:29.741980
500605003,YouBike2.0_臺中二中(梅川東路三段),北區,梅川東路三段/文武街口(西南側),20,7,13,2026-08-21 14:41:03,24.15391,120.67446,1,"7,0",2026-08-21 15:12:29.741980
500605004,YouBike2.0_捷運文心中清站,北區,文心路三段/中清路二段(西南側),70,14,56,2026-08-21 15:10:05,24.17352,120.67058,1,"4,10",2026-08-21 15:12:29.741980
500605005,YouBike2.0_臺中孔廟(雙十路),北區,雙十路二段30號(前人行道),47,3,44,2026-08-21 15:07:05,24.15378,120.6893,1,"3,0",2026-08-21 15:12:29.741980
500605006,YouBike2.0_太平國小(中華路),北區,中華路二段/太平路口(東北側),28,4,23,2026-08-21 14:56:02,24.1495,120.6811,1,"4,0",2026-08-21 15:12:29.741980
500605007,YouBike2.0_賴明公園(漢口路),北區,漢口路四段/梅川東路三段口(東北側),35,4,31,2026-08-21 15:10:05,24.16710,120.67865,1,"4,0",2026-08-21 15:12:29.741980
500605008,YouBike2.0_寶覺禪寺(健行路),北區,健行路140號前,44,5,39,2026-08-21 15:04:03,24.15911,120.68721,1,"5,0",2026-08-21 15:12:29.741980
500605009,YouBike2.0_中華精武路口,北區,精武路401號(西側人行道),15,1,14,2026-08-21 14:30:04,24.14807,120.67976,1,"1,0",2026-08-21 15:12:29.741980
500605010,YouBike2.0_英士公園(日興街),北區,日興街190號(對側人行道),82,9,72,2026-08-21 15:10:05,24.1514,120.6758,1,"9,0",2026-08-21 15:12:29.741980
500605011,YouBike2.0_臺中公園(公園路),北區,公園路/市府路口(東側),52,2,50,2026-08-21 15:08:02,24.14296,120.68377,1,"2,0",2026-08-21 15:12:29.741980
500605012,YouBike2.0_進化廣場(興進路),北區,興進路181號,46,2,44,2026-08-21 15:07:05,24.1552,120.69315,1,"2,0",2026-08-21 15:12:29.741980
500605013,YouBike2.0_雙十自由路口,北區,雙十路/自由路二段口,17,4,13,2026-08-21 15:10:05,24.1432,120.68547,1,"3,1",2026-08-21 15:12:29.741980
500605015,YouBike2.0_雙十國中(進德北路),北區,進德北路/力行路口(西南側),20,3,17,2026-08-21 15:05:03,24.15181,120.6924,1,"3,0",2026-08-21 15:12:29.741980
500605016,YouBike2.0_東成東成二街口(南側),北區,東成路/東成二街口(南側),43,0,43,2026-08-21 15:08:16,24.15698,120.70127,1,"0,0",2026-08-21 15:12:29.741980
500605017,YouBike2.0_英才公園(民權路),北區,民權路291號(對側人行道),19,2,17,2026-08-21 15:06:02,24.15402,120.67056,1,"2,0",2026-08-21 15:12:29.741980
500605018,YouBike2.0_東成二天祥街口,北區,東成二街71號(對側),15,5,10,2026-08-21 14:57:02,24.15953,120.70198,1,"4,1",2026-08-21 15:12:29.741980
500605019,YouBike2.0_健行國小(健行路),北區,健行路666號,37,2,35,2026-08-21 15:00:05,24.15928,120.6741,1,"2,0",2026-08-21 15:12:29.741980
500605020,YouBike2.0_東成三東光東街口,北區,東成三街35號(對面側人行道),16,1,15,2026-08-21 14:56:02,24.15383,120.7006,1,"1,0",2026-08-21 15:12:29.741980
500605021,YouBike2.0_北屯雙十路二段100巷口,北區,北屯路/雙十路二段100巷口(東北側),20,6,14,2026-08-21 14:57:02,24.15929,120.69155,1,"6,0",2026-08-21 15:12:29.741980
500605022,YouBike2.0_三民興進路口,北區,三民路/興進路口(東北側),14,5,9,2026-08-21 15:05:03,24.15685,120.68891,1,"5,0",2026-08-21 15:12:29.741980
500605023,YouBike2.0_國立自然科學博物館(博館路),北區,博館路/中興街(西北側),65,54,11,2026-08-21 15:11:03,24.15683,120.66509,1,"53,1",2026-08-21 15:12:29.741980
500605024,YouBike2.0_中德停車場,北區,太原四街/太原五街口(東北側),15,10,5,2026-08-21 15:11:03,24.16584,120.66929,1,"10,0",2026-08-21 15:12:29.741980
500605025,YouBike2.0_賴厝國小(太原路),北區,太原路二段/東漢街口(西北側),17,3,14,2026-08-21 14:29:03,24.16553,120.67906,1,"3,0",2026-08-21 15:12:29.741980
500605026,YouBike2.0_梅川公園,北區,梅川西路四段/天津路二段(西北側),15,5,10,2026-08-21 14:52:03,24.16992,120.679,1,"5,0",2026-08-21 15:12:29.741980
500605027,YouBike2.0_臺中市監理站,北區,德化街/北屯路口(南側),19,3,15,2026-08-21 14:48:03,24.16139,120.69208,1,"2,1",2026-08-21 15:12:29.741980
500605028,YouBike2.0_美德美德街68巷口,北區,美德街70號(對側人行道),15,8,6,2026-08-21 15:07:05,24.15765,120.68291,1,"8,0",2026-08-21 15:12:29.741980
500605029,YouBike2.0_學士育德路口(東側),北區,學士路/育德路口(東側),63,38,25,2026-08-21 15:03:03,24.15767,120.68117,1,"38,0",2026-08-21 15:12:29.741980
500605030,YouBike2.0_長青公園(北平路),北區,北平路一段/北平二街口(東北側),42,11,31,2026-08-21 15:07:05,24.17177,120.66965,1,"11,0",2026-08-21 15:12:29.741980
500605031,YouBike2.0_武昌公園(武昌路),北區,武昌路/陜西路口(西北側),47,10,37,2026-08-21 15:08:02,24.16879,120.66804,1,"9,1",2026-08-21 15:12:29.741980
500605032,YouBike2.0_曉明公園(陝西東五街),北區,陝西東五街121號(對側人行道),39,1,38,2026-08-21 15:09:04,24.16819,120.67118,1,"1,0",2026-08-21 15:12:29.741980
500605033,YouBike2.0_太原北中清路口(西側),北區,太原北路/太原九街口(南側),35,5,30,2026-08-21 14:48:03,24.16509,120.67322,1,"5,0",2026-08-21 15:12:29.741980
500605034,YouBike2.0_中德公園(忠明六街),北區,忠明六街26號(對側人行道),40,3,28,2026-08-21 15:11:03,24.1637,120.66819,1,"3,0",2026-08-21 15:12:29.741980
500605035,YouBike2.0_博館育德路口,北區,博館路/育德路口(西南側),48,3,45,2026-08-21 15:06:02,24.15746,120.66911,1,"3,0",2026-08-21 15:12:29.741980
500605036,YouBike2.0_北區行政大樓,北區,永興街/太原路二段口(西南側),48,0,48,2026-08-21 15:09:58,24.16607,120.68241,1,"0,0",2026-08-21 15:12:29.741980
500605037,YouBike2.0_臺中一中,北區,育才街/尊賢街口(東北側),60,22,38,2026-08-21 15:10:05,24.14895,120.68705,1,"22,0",2026-08-21 15:12:29.741980
500605038,YouBike2.0_興進園道,北區,興進路/興進路76巷口(西南側),24,1,22,2026-08-21 15:11:03,24.15556,120.69665,1,"1,0",2026-08-21 15:12:29.741980
500605039,YouBike2.0_北區太平國小,北區,太平路/大誠街口(西南側),36,11,25,2026-08-21 15:02:02,24.14866,120.6816,1,"11,0",2026-08-21 15:12:29.741980
500605040,YouBike2.0_太原華美街口,北區,太原路一段/華美街二段口(東北側),28,9,19,2026-08-21 13:52:03,24.16482,120.66496,1,"8,1",2026-08-21 15:12:29.741980
500605041,YouBike2.0_英才公園,北區,英才路/民權路口(東南側),30,1,29,2026-08-21 15:11:03,24.15562,120.67097,1,"1,0",2026-08-21 15:12:29.741980
500605042,YouBike2.0_梅川園道,北區,梅川東路三段/尚德街127巷口(西側),30,8,22,2026-08-21 15:07:05,24.16158,120.6766,1,"8,0",2026-08-21 15:12:29.741980
500605043,YouBike2.0_雙十育樂街口,北區,雙十路二段/育樂街口(南側),25,8,17,2026-08-21 14:57:02,24.15778,120.69097,1,"8,0",2026-08-21 15:12:29.741980
500605044,YouBike2.0_育德梅川東路口,北區,育德路/梅川東路三段口(西南側),24,6,18,2026-08-21 15:07:05,24.15748,120.67547,1,"6,0",2026-08-21 15:12:29.741980
500605045,YouBike2.0_北區國民運動中心,北區,崇德路一段55號,22,7,15,2026-08-21 15:10:05,24.15716,120.68484,1,"7,0",2026-08-21 15:12:29.741980
500605046,YouBike2.0_山西公園,北區,山西路二段/北平路二段口(東南側),38,2,36,2026-08-21 15:07:05,24.17106,120.6759,1,"1,1",2026-08-21 15:12:29.741980
500605047,YouBike2.0_崇德進化北路口,北區,崇德路一段462號(前人行道),45,9,35,2026-08-21 14:58:02,24.163505,120.685128,1,"9,0",2026-08-21 15:12:29.741980
500605049,YouBike2.0_東光東成路口(西側),北區,東光路/東成路口(西側),15,1,14,2026-08-21 14:18:03,24.15749,120.69906,1,"1,0",2026-08-21 15:12:29.741980
500605050,YouBike2.0_進化自強一街口,北區,進化路/自強一街口(東南側),10,3,7,2026-08-21 15:09:04,24.15331,120.69453,1,"3,0",2026-08-21 15:12:29.741980
500605051,YouBike2.0_興進南京東路口,北區,興進路/南京東路口(東北側),14,0,13,2026-08-21 15:01:20,24.155812,120.698462,1,"0,0",2026-08-21 15:12:29.741980
500605052,YouBike2.0_柳川西五常街口,北區,柳川西路/五常街口(東側),42,15,27,2026-08-21 14:48:03,24.155104,120.680666,1,"14,1",2026-08-21 15:12:29.741980
500605053,YouBike2.0_公園三民路口,北區,公園路/三民路三段口(東側),20,13,7,2026-08-21 15:10:05,24.144257,120.682095,1,"13,0",2026-08-21 15:12:29.741980
500605054,YouBike2.0_臺中市立圖書館精武分館,北區,精武路291之3號前,15,8,7,2026-08-21 15:09:04,24.146078,120.685044,1,"8,0",2026-08-21 15:12:29.741980
500605056,YouBike2.0_東光東光東街口,北區,東光路/東光東街口(西南側),17,1,16,2026-08-21 14:39:02,24.153972,120.698586,1,"1,0",2026-08-21 15:12:29.741980
500605057,YouBike2.0_東成三東光五街口,北區,東成三街/東光五街口(東南側),15,0,15,2026-08-21 14:02:23,24.154372,120.700651,1,"0,0",2026-08-21 15:12:29.741980
500605058,YouBike2.0_中清進化北路口(東南側),北區,進化北路487號旁,15,3,12,2026-08-21 15:09:04,24.16274,120.67488,1,"3,0",2026-08-21 15:12:29.741980
500605059,YouBike2.0_篤行國小(英才路),北區,英才路236號(對側人行道),20,7,13,2026-08-21 15:07:05,24.15566,120.67324,1,"6,1",2026-08-21 15:12:29.741980
500605060,YouBike2.0_立人國中(天津路),北區,天津路一段130號(對側人行道),20,7,13,2026-08-21 14:43:02,24.17011,120.67108,1,"7,0",2026-08-21 15:12:29.741980
500605061,YouBike2.0_臺中科技大學(錦平街),北區,錦平街40號(對側人行道),20,9,11,2026-08-21 15:11:03,24.151951,120.683442,1,"9,0",2026-08-21 15:12:29.741980
500605062,YouBike2.0_學士德化街口,北區,學士路/德化街口(西南側),14,0,14,2026-08-21 15:09:58,24.161545,120.680934,1,"0,0",2026-08-21 15:12:29.741980
500605063,YouBike2.0_豬事圓滿公園,北區,東光路/興進路口(東北側),15,7,8,2026-08-21 15:02:03,24.155907,120.699202,1,"7,0",2026-08-21 15:12:29.741980
500605064,YouBike2.0_省三國小,北區,崇德路一段/健行路口(西北側),16,7,9,2026-08-21 14:53:02,24.15925,120.68484,1,"7,0",2026-08-21 15:12:29.741980
500605065,YouBike2.0_山西太原路口,北區,山西路一段/太原路二段口,9,2,7,2026-08-21 15:04:04,24.16531,120.6754,1,"1,1",2026-08-21 15:12:29.741980
500605066,YouBike2.0_五義街崇德路口,北區,五義街/崇德路一段口(西南側),12,3,9,2026-08-21 14:31:03,24.15589,120.68538,1,"3,0",2026-08-21 15:12:29.741980
500605067,YouBike2.0_青島山西路口(西側),北區,青島路二段/山西路二段口(西側),14,0,14,2026-08-21 14:12:20,24.16871,120.67458,1,"0,0",2026-08-21 15:12:29.741980
500605068,YouBike2.0_尚德街育德路口,北區,尚德街/育德路口(東西兩側),24,20,4,2026-08-21 15:10:05,24.15736,120.677658,1,"19,1",2026-08-21 15:12:29.741980
500605070,YouBike2.0_文心梅川西路口(西南側),北區,文心路四段/梅川西路四段口(西南側),17,11,6,2026-08-21 15:11:03,24.17283,120.67923,1,"10,1",2026-08-21 15:12:29.741980
500605071,YouBike2.0_國豐國瑞街口,北區,國豐街/國瑞街口(西南側),10,2,8,2026-08-21 14:37:02,24.15737,120.69591,1,"2,0",2026-08-21 15:12:29.741980
500605072,YouBike2.0_散步步道公園(柳陽東街),北區,柳陽東街/北興街口(北側),15,0,15,2026-08-21 15:06:17,24.16413,120.68876,1,"0,0",2026-08-21 15:12:29.741980
500605073,YouBike2.0_福樂國豐街口,北區,福樂街69號對側,17,0,17,2026-08-21 14:59:21,24.15925,120.69639,1,"0,0",2026-08-21 15:12:29.741980
500605074,YouBike2.0_大全聯(忠明店),北區,忠明路499號,16,3,13,2026-08-21 14:56:02,24.163,120.67177,1,"3,0",2026-08-21 15:12:29.741980
500605075,YouBike2.0_健行國小(梅亭街),北區,梅亭街/華中街口,25,2,23,2026-08-21 15:11:03,24.1604,120.67225,1,"2,0",2026-08-21 15:12:29.741980
500605076,YouBike2.0_忠太西路德化街口,北區,忠太西路26號前,13,0,13,2026-08-21 14:44:17,24.1612,120.6679,1,"0,0",2026-08-21 15:12:29.741980
500605077,YouBike2.0_臺中實小附設幼兒園,北區,民族路282號,18,3,15,2026-08-21 14:48:04,24.14498,120.67349,1,"3,0",2026-08-21 15:12:29.741980
500605079,YouBike2.0_中華停車場(機車),北區,中華路一段225巷70弄6號,15,11,4,2026-08-21 14:59:03,24.14868,120.67818,1,"11,0",2026-08-21 15:12:29.741980
500605080,YouBike2.0_柳川西柳川西路三段157巷口,北區,柳川西路三段/柳川西路三段157巷口,20,2,18,2026-08-21 15:00:05,24.14757,120.67747,1,"2,0",2026-08-21 15:12:29.741980
500605081,YouBike2.0_進化北崇德路口,北區,進化北路221號,26,3,23,2026-08-21 15:01:03,24.16283,120.68473,1,"3,0",2026-08-21 15:12:29.741980
500605082,YouBike2.0_學士英才路口,北區,學士路91號旁,22,15,6,2026-08-21 15:09:04,24.15622,120.68155,1,"15,0",2026-08-21 15:12:29.741980
500605083,YouBike2.0_忠太東太原路口,北區,忠太東路125號(對側人行道),17,4,13,2026-08-21 14:35:03,24.16478,120.67208,1,"4,0",2026-08-21 15:12:29.741980
500605086,YouBike2.0_漢口山西路口,北區,漢口路四段/山西路二段口,21,10,11,2026-08-21 15:10:05,24.16703,120.67479,1,"8,2",2026-08-21 15:12:29.741980
500605087,YouBike2.0_中山堂(五義街),北區,五義街/學士路口(東北側),16,3,13,2026-08-21 15:01:03,24.15487,120.68252,1,"3,0",2026-08-21 15:12:29.741980
500605138,YouBike2.0_中清文心路口(東南側),北區,文心路四段/中清路一段口(東南側),13,2,11,2026-08-21 15:03:03,24.17378,120.67216,1,"1,1",2026-08-21 15:12:29.741980
500606001,YouBike2.0_捷運文心櫻花站,西屯區,文心路三段107之17號旁,40,13,27,2026-08-21 15:09:04,24.16802,120.65394,1,"13,0",2026-08-21 15:12:29.741980
500606002,YouBike2.0_捷運市府站(出口1),西屯區,文心路二段/台灣大道二段口(西北側),61,5,56,2026-08-21 15:09:04,24.16241,120.64912,1,"5,0",2026-08-21 15:12:29.741980
500606003,YouBike2.0_捷運市府站(出口2),西屯區,大墩二十街口/文心路二段口(東北側),44,12,32,2026-08-21 15:10:05,24.16146,120.64933,1,"12,0",2026-08-21 15:12:29.741980
500606004,YouBike2.0_大有公園,西屯區,太原路一段/大有二街口(西北側),15,5,10,2026-08-21 15:09:04,24.15983,120.65869,1,"5,0",2026-08-21 15:12:29.741980
500606005,YouBike2.0_大隆文心路口(東南側),西屯區,大隆路/文心路二段口(東南側),30,2,28,2026-08-21 15:09:04,24.1591,120.64794,1,"1,1",2026-08-21 15:12:29.741980
500606006,YouBike2.0_臺灣大道文心路口(西北側),西屯區,台灣大道三段/文心路二段口(西北側),30,4,26,2026-08-21 14:51:03,24.16300,120.64945,1,"4,0",2026-08-21 15:12:29.741980
500606007,YouBike2.0_惠來國小(洛陽東街),西屯區,洛陽路/洛陽東街口(西南側),13,2,11,2026-08-21 15:07:05,24.16495,120.65018,1,"2,0",2026-08-21 15:12:29.741980
500606008,YouBike2.0_甘肅公園,西屯區,甘肅路一段203號(對側人行道),21,0,21,2026-08-21 14:41:16,24.16889,120.65671,1,"0,0",2026-08-21 15:12:29.741980
500606009,YouBike2.0_幸福兒童公園,西屯區,櫻城一街85號(東南側),28,2,26,2026-08-21 15:09:04,24.17233,120.65211,1,"2,0",2026-08-21 15:12:29.741980
500606010,YouBike2.0_逢甲公園,西屯區,逢甲路239號(對側人行道),24,4,20,2026-08-21 15:10:05,24.17632,120.64074,1,"3,1",2026-08-21 15:12:29.741980
500606012,YouBike2.0_中平經貿路口,西屯區,中平路/經貿路(北側),20,3,17,2026-08-21 15:11:03,24.17644,120.65906,1,"3,0",2026-08-21 15:12:29.741980
500606013,YouBike2.0_皇城帝寶,西屯區,皇城街50號,36,7,29,2026-08-21 15:04:03,24.17382,120.66149,1,"6,1",2026-08-21 15:12:29.741980
500606014,YouBike2.0_大容公園,西屯區,大墩十七街/大容東一街口(東北側),20,7,12,2026-08-21 15:03:03,24.15566,120.64832,1,"7,0",2026-08-21 15:12:29.741980
500606015,YouBike2.0_東興立體停車場,西屯區,東興路三段/大墩十九街口(南側),17,14,3,2026-08-21 15:01:03,24.1566,120.6545,1,"14,0",2026-08-21 15:12:29.741980
500606016,YouBike2.0_惠泰公園,西屯區,黎明路三段/市政北二路口(南側),12,3,9,2026-08-21 14:55:03,24.16467,120.63461,1,"3,0",2026-08-21 15:12:29.741980
500606017,YouBike2.0_福星公園(弘孝路),西屯區,弘孝路/櫻花路口(東北側),21,9,12,2026-08-21 15:05:03,24.17186,120.64955,1,"9,0",2026-08-21 15:12:29.741980
500606018,YouBike2.0_青海上石路口,西屯區,青海路二段207-18號前人行道,33,20,13,2026-08-21 15:00:05,24.1705,120.64518,1,"20,0",2026-08-21 15:12:29.741980
500606019,YouBike2.0_秋紅谷(河南路),西屯區,河南路三段/市政北七路口(西北側),28,16,12,2026-08-21 14:58:02,24.16614,120.63961,1,"15,1",2026-08-21 15:12:29.741980
500606020,YouBike2.0_逢甲福星路口,西屯區,逢甲路/福星路口(西南側),99,2,96,2026-08-21 15:11:03,24.17876,120.64487,1,"2,0",2026-08-21 15:12:29.741980
500606021,YouBike2.0_臺灣大道河南路口(西北側),西屯區,台灣大道三段/河南路二段口(西北側),20,0,0,2026-08-12 15:52:03,24.16799,120.641,0,"0,0",2026-08-21 15:12:29.741980
500606022,YouBike2.0_臺中市政府(惠中路),西屯區,惠中路一段6號,42,37,0,2026-08-21 15:01:03,24.16303,120.64574,1,"37,0",2026-08-21 15:12:29.741980
500606023,YouBike2.0_公51停車場,西屯區,甘肅路二段/福上巷口(西北側),15,2,13,2026-08-21 14:44:03,24.17509,120.65522,1,"2,0",2026-08-21 15:12:29.741980
500606024,YouBike2.0_漢口立體停車場,西屯區,漢口路二段/寧夏路口(北側),18,5,13,2026-08-21 15:11:03,24.16547,120.66217,1,"4,1",2026-08-21 15:12:29.741980
500606025,YouBike2.0_市政公園(市政北三路),西屯區,市政北三路/文心路二段(北側),20,4,16,2026-08-21 14:55:03,24.15897,120.64684,1,"4,0",2026-08-21 15:12:29.741980
500606026,YouBike2.0_文心四川路口,西屯區,文心路三段/四川路口(東南側),15,0,15,2026-08-21 15:01:20,24.16406,120.65073,1,"0,0",2026-08-21 15:12:29.741980
500606027,YouBike2.0_長安公園,西屯區,長安路一段41-1號(西南側),25,7,18,2026-08-21 14:46:03,24.17021,120.65429,1,"6,1",2026-08-21 15:12:29.741980
500606029,YouBike2.0_文心華美西街口(東南側),西屯區,文心路三段/華美西街二段(東南側),15,4,11,2026-08-21 14:46:03,24.17301,120.66744,1,"3,1",2026-08-21 15:12:29.741980
500606030,YouBike2.0_中央公園(遊客服務中心),西屯區,中科路2966號(前人行道),40,2,38,2026-08-21 14:53:02,24.17987,120.65571,1,"2,0",2026-08-21 15:12:29.741980
500606031,YouBike2.0_敦化凱旋路口,西屯區,敦化路/凱旋路口(西北側),20,2,18,2026-08-21 13:39:03,24.18546,120.65255,1,"2,0",2026-08-21 15:12:29.741980
500606032,YouBike2.0_自我體驗區(僑大八街),西屯區,經貿九路138號(僑大八街),20,7,13,2026-08-21 15:04:03,24.18968,120.65201,1,"7,0",2026-08-21 15:12:29.741980
500606033,YouBike2.0_觸覺體驗區(經貿五路),西屯區,經貿九路138號(經貿五路),20,12,8,2026-08-21 15:11:03,24.19062,120.65487,1,"12,0",2026-08-21 15:12:29.741980
500606034,YouBike2.0_港隆經貿九路口,西屯區,港隆街/經貿九路口(東側),20,4,16,2026-08-21 13:36:02,24.19475,120.65,1,"4,0",2026-08-21 15:12:29.741980
500606035,YouBike2.0_惠順停車場(河南路),西屯區,河南路三段/市政北六路口(南側),30,19,11,2026-08-21 15:00:05,24.164743,120.639143,1,"19,0",2026-08-21 15:12:29.741980
500606036,YouBike2.0_文華高中(文心路),西屯區,文心路三段187號(對側人行道),94,0,94,2026-08-21 14:38:42,24.17114,120.65995,1,"0,0",2026-08-21 15:12:29.741980
500606037,YouBike2.0_中仁公園,西屯區,寧夏路89巷38號(對側人行道),28,5,23,2026-08-21 15:02:02,24.16561,120.66077,1,"5,0",2026-08-21 15:12:29.741980
500606038,YouBike2.0_重慶公園(天水西六街),西屯區,天水西六街7號(對側人行道),37,2,35,2026-08-21 15:11:03,24.16586,120.65553,1,"2,0",2026-08-21 15:12:29.741980
500606039,YouBike2.0_臺灣大道國際街口,西屯區,臺灣大道四段/國際街口(東南側),14,4,10,2026-08-21 14:47:04,24.18313,120.59352,1,"4,0",2026-08-21 15:12:29.741980
500606040,YouBike2.0_朝馬運動中心,西屯區,朝貴路/朝馬二街口(西南側),15,6,9,2026-08-21 15:06:02,24.168111,120.634139,1,"5,1",2026-08-21 15:12:29.741980
500606041,YouBike2.0_文修公園(西苑路),西屯區,西苑路/福吉街口(東南側),18,3,15,2026-08-21 15:09:04,24.184324,120.641479,1,"3,0",2026-08-21 15:12:29.741980
500606042,YouBike2.0_文修公園(烈美街),西屯區,烈美街/福星北三街口(西南側),20,4,16,2026-08-21 15:11:03,24.18429,120.642413,1,"4,0",2026-08-21 15:12:29.741980
500606043,YouBike2.0_同心停車場,西屯區,黎明路三段/福科路口(東南側),17,3,13,2026-08-21 14:54:02,24.178866,120.63749,1,"3,0",2026-08-21 15:12:29.741980
500606044,YouBike2.0_上安公園(南側),西屯區,上仁街/上安路口(西南側),45,2,43,2026-08-21 15:07:05,24.170154,120.640555,1,"2,0",2026-08-21 15:12:29.741980
500606045,YouBike2.0_西大墩公園(福科路),西屯區,福科路/福科二路口(西南側),18,6,12,2026-08-21 13:15:04,24.179126,120.635924,1,"5,1",2026-08-21 15:12:29.741980
500606046,YouBike2.0_龍門公園,西屯區,龍門路/龍門二街口(東北側),10,5,5,2026-08-21 15:11:03,24.164015,120.631762,1,"5,0",2026-08-21 15:12:29.741980
500606047,YouBike2.0_環中朝馬路口,西屯區,環中路三段/朝馬路口(東南側),10,3,7,2026-08-21 13:32:03,24.169936,120.632564,1,"3,0",2026-08-21 15:12:29.741980
500606048,YouBike2.0_朝富環河路口,西屯區,朝富路/環河路口(西北側),15,9,6,2026-08-21 15:09:04,24.16593,120.6371,1,"9,0",2026-08-21 15:12:29.741980
500606049,YouBike2.0_至善青海路二段口,西屯區,至善路/青海路二段口(西南側),15,8,7,2026-08-21 15:10:05,24.173315,120.641065,1,"4,4",2026-08-21 15:12:29.741980
500606050,YouBike2.0_文輝公園,西屯區,上明三街/上仁街124巷口(東北側公園內),16,3,13,2026-08-21 15:05:03,24.1715194228316,120.64273308314056,1,"3,0",2026-08-21 15:12:29.741980
500606052,YouBike2.0_青海公園(四川東街),西屯區,四川東街55號(對側人行道),33,1,32,2026-08-21 14:39:16,24.16441,120.65334,1,"1,0",2026-08-21 15:12:29.741980
500606053,YouBike2.0_大鵬國小(中平路),西屯區,中平路/大鵬路口(東南側),15,2,13,2026-08-21 15:03:03,24.17793,120.66484,1,"2,0",2026-08-21 15:12:29.741980
500606054,YouBike2.0_逢大大鵬路口,西屯區,逢大路98號前,28,8,20,2026-08-21 14:58:02,24.17843,120.65047,1,"8,0",2026-08-21 15:12:29.741980
500606055,YouBike2.0_河南公園,西屯區,內江街5號(對側人行道),20,1,19,2026-08-21 15:04:03,24.1708,120.66298,1,"1,0",2026-08-21 15:12:29.741980
500606056,YouBike2.0_黎明中清路口,西屯區,黎明路三段/中清路二段口(西南側),16,3,13,2026-08-21 14:44:03,24.19658,120.65725,1,"3,0",2026-08-21 15:12:29.741980
500606057,YouBike2.0_大鵬臨停停車場,西屯區,中清西二街/中清西二街92巷口(西北側),15,0,15,2026-08-21 14:37:16,24.17569,120.66549,1,"0,0",2026-08-21 15:12:29.741980
500606058,YouBike2.0_捷運文華高中站,西屯區,文心路三段/河南路二段口(西北側),30,3,27,2026-08-21 15:11:03,24.171695,120.660816,1,"3,0",2026-08-21 15:12:29.741980
500606059,YouBike2.0_惠誠公園(市政南一路),西屯區,市政南一路/惠文七街(東南側),13,4,9,2026-08-21 14:36:02,24.158196,120.637742,1,"4,0",2026-08-21 15:12:29.741980
500606060,YouBike2.0_臺灣大道福安路口(西北側),西屯區,台灣大道四段/福安路口(西北側),10,3,7,2026-08-21 14:15:04,24.180186,120.621505,1,"3,0",2026-08-21 15:12:29.741980
500606061,YouBike2.0_臺灣大道安和路口(西北側),西屯區,臺灣大道四段/安和路口(西北側),13,6,7,2026-08-21 15:09:04,24.179566,120.622796,1,"6,0",2026-08-21 15:12:29.741980
500606062,YouBike2.0_福順停車場,西屯區,福順路/福元路(西南側),16,4,12,2026-08-21 15:00:05,24.180058,120.627221,1,"4,0",2026-08-21 15:12:29.741980
500606063,YouBike2.0_福科永福路口,西屯區,福科路/永福路口(西北側),12,10,2,2026-08-21 14:58:02,24.184159,120.620425,1,"10,0",2026-08-21 15:12:29.741980
500606064,YouBike2.0_福安公園,西屯區,福裕路/福泰東路(東北側),15,6,9,2026-08-21 14:57:02,24.182856,120.627591,1,"6,0",2026-08-21 15:12:29.741980
500606065,YouBike2.0_西苑高中代管籃球場,西屯區,安和路/安和路189巷(東南側),20,16,4,2026-08-21 14:23:03,24.18568,120.626651,1,"16,0",2026-08-21 15:12:29.741980
500606066,YouBike2.0_福科福康路口,西屯區,福科路/福康路口(西北側),16,10,6,2026-08-21 14:53:02,24.185521,120.617429,1,"10,0",2026-08-21 15:12:29.741980
500606067,YouBike2.0_漢翔福星北路口,西屯區,漢翔路/福星北路口(北側),45,1,43,2026-08-21 15:09:58,24.18521,120.64442,1,"1,0",2026-08-21 15:12:29.741980
500606068,YouBike2.0_漢口國中(漢口路),西屯區,漢口路一段54-1號前,17,3,14,2026-08-21 15:00:05,24.16137,120.65684,1,"3,0",2026-08-21 15:12:29.741980
500606069,YouBike2.0_河南停車場,西屯區,河南路一段122號,12,2,10,2026-08-21 14:33:05,24.16975,120.66217,1,"2,0",2026-08-21 15:12:29.741980
500606070,YouBike2.0_福星公園,西屯區,寶慶街50巷/河南路二段301巷(東側),34,14,20,2026-08-21 15:09:04,24.17242,120.6481,1,"14,0",2026-08-21 15:12:29.741980
500606071,YouBike2.0_大鵬國小,西屯區,大鵬路/大鵬路59巷口(西南側),34,1,33,2026-08-21 14:57:18,24.17811,120.66567,1,"1,0",2026-08-21 15:12:29.741980
500606072,YouBike2.0_臺灣大道玉門路口,西屯區,臺灣大道四段/玉門路口(西南側),50,27,23,2026-08-21 14:55:03,24.18425,120.60975,1,"27,0",2026-08-21 15:12:29.741980
500606073,YouBike2.0_臺灣大道福林路口,西屯區,臺灣大道四段/福林路口(西南側),28,8,20,2026-08-21 14:56:02,24.18361,120.61377,1,"8,0",2026-08-21 15:12:29.741980
500606074,YouBike2.0_安和國中,西屯區,天助街/中工三路口(西南側),30,10,20,2026-08-21 14:50:04,24.17396,120.61723,1,"10,0",2026-08-21 15:12:29.741980
500606075,YouBike2.0_秋紅谷,西屯區,朝富路/朝馬路口(東北側),99,4,95,2026-08-21 15:09:04,24.16858,120.63904,1,"4,0",2026-08-21 15:12:29.741980
500606076,YouBike2.0_櫻花棒球場,西屯區,櫻花路/洛陽路口(西側),53,5,48,2026-08-21 14:49:04,24.16867,120.6531,1,"5,0",2026-08-21 15:12:29.741980
500606077,YouBike2.0_頂何厝,西屯區,臺灣大道二段/東興路三段路口(西北側),28,7,21,2026-08-21 15:09:04,24.15924,120.65532,1,"7,0",2026-08-21 15:12:29.741980
500606078,YouBike2.0_新光/遠百,西屯區,臺灣大道三段/惠來路二段(西北側),85,49,9,2026-08-21 15:10:05,24.16614,120.64292,1,"49,0",2026-08-21 15:12:29.741980
500606079,YouBike2.0_市政府(文心樓),西屯區,文心路二段/大墩二十街口(西南側),64,26,38,2026-08-21 15:06:02,24.16143,120.6487,1,"24,2",2026-08-21 15:12:29.741980
500606080,YouBike2.0_青海逢甲路口,西屯區,青海路二段/逢甲路口(西北側),18,5,13,2026-08-21 15:04:03,24.17465,120.63923,1,"5,0",2026-08-21 15:12:29.741980
500606081,YouBike2.0_上石公園,西屯區,西屯路二段/上石北五巷口(西南側),30,0,30,2026-08-21 15:06:17,24.17284,120.64493,1,"0,0",2026-08-21 15:12:29.741980
500606082,YouBike2.0_市政公園停車場,西屯區,市政北五路/惠中路一段口(東南側),38,27,11,2026-08-21 15:05:03,24.16099,120.64453,1,"25,2",2026-08-21 15:12:29.741980
500606083,YouBike2.0_大隆東興路口,西屯區,大隆路40號前,48,0,38,2026-07-12 00:01:03,24.15573,120.65409,0,"0,0",2026-08-21 15:12:29.741980
500606084,YouBike2.0_臺中國家歌劇院,西屯區,惠民路/市政北六路口(西南側),61,30,31,2026-08-21 15:09:04,24.16407,120.64012,1,"29,1",2026-08-21 15:12:29.741980
500606085,YouBike2.0_協和停車場,西屯區,安和西路/福玄路口(西側),24,9,15,2026-08-21 13:20:04,24.17754,120.62188,1,"9,0",2026-08-21 15:12:29.741980
500606086,YouBike2.0_西大墩公園,西屯區,福科一街/福科二路口(西北側),26,12,14,2026-08-21 14:14:03,24.17692,120.63577,1,"12,0",2026-08-21 15:12:29.741980
500606087,YouBike2.0_福科國民中學,西屯區,西屯路三段/玉門路370巷口(東南側),28,6,22,2026-08-21 14:56:02,24.18972,120.61381,1,"6,0",2026-08-21 15:12:29.741980
500606088,YouBike2.0_潮洋環保公園,西屯區,朝貴路/朝馬七街(西南側),27,4,23,2026-08-21 15:05:03,24.16591,120.63341,1,"4,0",2026-08-21 15:12:29.741980
500606089,YouBike2.0_世斌公園,西屯區,永福路/福安路22巷口(東北側),26,14,12,2026-08-21 15:10:05,24.18219,120.61962,1,"14,0",2026-08-21 15:12:29.741980
500606090,YouBike2.0_大仁公園,西屯區,甘肅路一段/甘州六街口(西側),22,2,20,2026-08-21 14:59:03,24.16569,120.65929,1,"2,0",2026-08-21 15:12:29.741980
500606091,YouBike2.0_國安一號公園,西屯區,國安一路51號,30,3,27,2026-08-21 15:04:03,24.19061,120.61472,1,"3,0",2026-08-21 15:12:29.741980
500606092,YouBike2.0_三信公園,西屯區,漢口路二段182號(對側人行道),24,6,18,2026-08-21 14:58:02,24.16623,120.66372,1,"6,0",2026-08-21 15:12:29.741980
500606093,YouBike2.0_經貿七中清路口,西屯區,經貿七路12號(對側道路旁),20,6,14,2026-08-21 14:55:03,24.19278,120.65929,1,"6,0",2026-08-21 15:12:29.741980
500606094,YouBike2.0_國安國小,西屯區,東大路一段555號(對側人行道),32,4,28,2026-08-21 14:44:03,24.19398,120.60709,1,"4,0",2026-08-21 15:12:29.741980
500606095,YouBike2.0_上德公園,西屯區,上石路73號,24,6,17,2026-08-21 15:04:03,24.16931,120.64451,1,"5,1",2026-08-21 15:12:29.741980
500606096,YouBike2.0_文修公園,西屯區,福星路114號(對側人行道),22,0,22,2026-08-21 14:07:41,24.18234,120.642,1,"0,0",2026-08-21 15:12:29.741980
500606097,YouBike2.0_臺中市議會,西屯區,市政北一路56號(對側人行道),45,14,31,2026-08-21 15:00:05,24.15805,120.64403,1,"13,1",2026-08-21 15:12:29.741980
500606098,YouBike2.0_臺中至善公園,西屯區,至善路/逢甲路101巷口(西南側),28,12,16,2026-08-21 15:06:02,24.17492,120.64209,1,"12,0",2026-08-21 15:12:29.741980
500606099,YouBike2.0_高登公園,西屯區,重慶路431-433號(對側人行道),28,4,24,2026-08-21 14:48:03,24.17106,120.66571,1,"4,0",2026-08-21 15:12:29.741980
500606100,YouBike2.0_何厝公園,西屯區,四川路89號(對側人行道),30,0,30,2026-08-21 14:55:18,24.16061,120.65492,1,"0,0",2026-08-21 15:12:29.741980
500606101,YouBike2.0_大弘公園,西屯區,太原路一段204號(對側人行道),30,2,28,2026-08-21 15:10:05,24.1628,120.66128,1,"2,0",2026-08-21 15:12:29.741980
500606102,YouBike2.0_惠來停車場,西屯區,惠來路二段/市政北一路口(西南側),41,30,11,2026-08-21 15:10:05,24.15999,120.63964,1,"27,3",2026-08-21 15:12:29.741980
500606103,YouBike2.0_中科管理局,西屯區,中科路2號,24,11,13,2026-08-21 11:50:04,24.20889,120.6178,1,"11,0",2026-08-21 15:12:29.741980
500606104,YouBike2.0_巨大集團總部,西屯區,東大路一段999號(前人行道),22,5,17,2026-08-21 14:25:04,24.20865,120.61154,1,"5,0",2026-08-21 15:12:29.741980
500606105,YouBike2.0_臺灣大道福林路口(東北側),西屯區,臺灣大道四段/福林路口(東北側),18,5,13,2026-08-21 15:01:03,24.183812,120.614265,1,"4,1",2026-08-21 15:12:29.741980
500606106,YouBike2.0_福恩停車場,西屯區,工業區一路2巷/工業區一路口(西北側),18,0,18,2026-08-21 14:55:18,24.182439,120.615023,1,"0,0",2026-08-21 15:12:29.741980
500606107,YouBike2.0_工業區一路工業區一路58巷口,西屯區,工業區一路/工業區一路58巷口(西南側),22,2,20,2026-08-21 14:51:03,24.17958,120.614687,1,"2,0",2026-08-21 15:12:29.741980
500606108,YouBike2.0_工業區一路工業區一路72巷口,西屯區,工業區一路/工業區一路72巷口(西南側),16,2,14,2026-08-21 15:08:02,24.17712,120.614316,1,"1,1",2026-08-21 15:12:29.741980
500606109,YouBike2.0_工業區一路98巷口,西屯區,工業區一路98巷/工業區一路口(西南側),25,7,17,2026-08-21 14:37:02,24.17313,120.613429,1,"7,0",2026-08-21 15:12:29.741980
500606112,YouBike2.0_臺灣大道中工三路口(西北側),西屯區,臺灣大道四段/中工三路口(西北側),17,2,15,2026-08-21 14:59:03,24.18093,120.61911,1,"2,0",2026-08-21 15:12:29.741980
500606113,YouBike2.0_中工二路福中十街口,西屯區,中工二路/福中十街口(東南側),28,8,20,2026-08-21 14:18:03,24.17692,120.61593,1,"8,0",2026-08-21 15:12:29.741980
500606114,YouBike2.0_臺灣大道工業區一路口(東南側),西屯區,臺灣大道四段/工業區一路口(東南側),24,9,15,2026-08-21 15:04:03,24.18258,120.61566,1,"9,0",2026-08-21 15:12:29.741980
500606115,YouBike2.0_中工公園,西屯區,順和一街1號(對側人行道),16,13,3,2026-08-21 15:04:03,24.175597,120.589586,1,"13,0",2026-08-21 15:12:29.741980
500606116,YouBike2.0_協和公園,西屯區,玉成路/玉寶路口(西南側),16,5,11,2026-08-21 15:00:05,24.176782,120.620096,1,"5,0",2026-08-21 15:12:29.741980
500606117,YouBike2.0_臺灣大道安和路口(西南側),西屯區,臺灣大道四段/安和路口(西南側),15,12,3,2026-08-21 14:54:02,24.179134,120.622873,1,"11,1",2026-08-21 15:12:29.741980
500606118,YouBike2.0_協仁公園,西屯區,福元路/福玄路口(東南側),20,8,12,2026-08-21 15:06:02,24.175336,120.625631,1,"8,0",2026-08-21 15:12:29.741980
500606119,YouBike2.0_環中福星西路口,西屯區,環中路二段1129號前,15,2,13,2026-08-21 14:52:03,24.182771,120.636213,1,"2,0",2026-08-21 15:12:29.741980
500606120,YouBike2.0_福聯兒童公園,西屯區,福科路961巷/福瑞街27巷口(西北側),14,1,13,2026-08-21 15:11:03,24.18674,120.60545,1,"1,0",2026-08-21 15:12:29.741980
500606121,YouBike2.0_東大附中,西屯區,臺灣大道四段/東海路口(東側),26,13,13,2026-08-21 14:23:03,24.18355,120.60679,1,"12,1",2026-08-21 15:12:29.741980
500606122,YouBike2.0_臺灣大道約農路口,西屯區,臺灣大道四段/約農路口(東南側),45,5,40,2026-08-21 14:55:03,24.18269,120.60287,1,"5,0",2026-08-21 15:12:29.741980
500606123,YouBike2.0_福強街福科路900巷口,西屯區,福強街/福科路900巷口(東北側),20,3,17,2026-08-21 14:34:03,24.18915,120.60741,1,"2,1",2026-08-21 15:12:29.741980
500606124,YouBike2.0_福瑞里社區停車場,西屯區,福瑞街七十五巷/東大路一段口(東南側),17,4,13,2026-08-21 15:09:04,24.18835,120.6056,1,"4,0",2026-08-21 15:12:29.741980
500606125,YouBike2.0_五龍公園,西屯區,東大路一段/福瑞街七十五巷口(西側),10,1,9,2026-08-21 15:11:03,24.18847,120.60514,1,"1,0",2026-08-21 15:12:29.741980
500606126,YouBike2.0_成都公園,西屯區,成都路222號(旁公園),15,3,12,2026-08-21 15:11:03,24.169,120.66485,1,"3,0",2026-08-21 15:12:29.741980
500606127,YouBike2.0_國豐停車場,西屯區,國安一路128號(北側),15,5,9,2026-08-21 14:47:04,24.191838,120.613279,1,"5,0",2026-08-21 15:12:29.741980
500606128,YouBike2.0_東大西屯路三段口,西屯區,東大路一段/西屯路三段口(東南側),15,3,12,2026-08-21 15:11:03,24.19253,120.606514,1,"3,0",2026-08-21 15:12:29.741980
500606129,YouBike2.0_玉門西屯路三段口,西屯區,玉門路/西屯路三段口(東南側),22,0,22,2026-08-21 14:54:16,24.190807,120.610831,1,"0,0",2026-08-21 15:12:29.741980
500606130,YouBike2.0_福科國中(福林路),西屯區,福林路/西屯路三段口(西南側),19,16,3,2026-08-21 14:40:03,24.188139,120.615031,1,"16,0",2026-08-21 15:12:29.741980
500606131,YouBike2.0_上石國小(湳子巷),西屯區,湳子巷8之20號(對側人行道),20,1,19,2026-08-21 14:58:16,24.17343,120.64296,1,"1,0",2026-08-21 15:12:29.741980
500606132,YouBike2.0_上石國小(湳子巷8弄),西屯區,湳子巷/湳子巷8弄(東側),20,2,18,2026-08-21 14:59:03,24.17256,120.64328,1,"2,0",2026-08-21 15:12:29.741980
500606133,YouBike2.0_龍潭里活動中心,西屯區,龍德路二段366號前,14,8,5,2026-08-21 14:38:04,24.157639,120.626955,1,"8,0",2026-08-21 15:12:29.741980
500606134,YouBike2.0_宏恩公園,西屯區,西屯路三段宏恩一巷35弄13號(對側),16,10,6,2026-08-21 15:00:05,24.189588,120.61751,1,"10,0",2026-08-21 15:12:29.741980
500606135,YouBike2.0_港尾里守望相助隊,西屯區,中康二街/中康街口(西北側),15,4,11,2026-08-21 14:20:05,24.19807,120.6598,1,"3,1",2026-08-21 15:12:29.741980
500606136,YouBike2.0_廣興宮,西屯區,廣福路230號(對側廣場),12,4,8,2026-08-21 14:44:03,24.19864,120.64269,1,"4,0",2026-08-21 15:12:29.741980
500606137,YouBike2.0_國家中山科學研究院臺中院區,西屯區,西安街277巷300-2號(東側路旁),17,1,16,2026-08-21 14:32:04,24.18803,120.6462,1,"1,0",2026-08-21 15:12:29.741980
500606138,YouBike2.0_國安二號公園,西屯區,西屯路三段/玉門路口(東側),21,1,20,2026-08-21 15:01:20,24.19078,120.61159,1,"1,0",2026-08-21 15:12:29.741980
500606139,YouBike2.0_文華路86巷文華路口,西屯區,文華路86巷/文華路口(東南側),15,0,15,2026-08-21 14:45:17,24.176476,120.647166,1,"0,0",2026-08-21 15:12:29.741980
500606140,YouBike2.0_惠民公園,西屯區,西屯路二段200號(對側),24,8,16,2026-08-21 15:05:03,24.167846,120.649484,1,"8,0",2026-08-21 15:12:29.741980
500606143,YouBike2.0_泰安國小,西屯區,環中路二段/同志巷口(西南側),12,3,9,2026-08-21 15:07:05,24.197705,120.650182,1,"3,0",2026-08-21 15:12:29.741980
500606144,YouBike2.0_漢翔上墩路口,西屯區,漢翔路/上墩路口(西南側),20,10,10,2026-08-21 13:58:04,24.185221,120.638921,1,"10,0",2026-08-21 15:12:29.741980
500606145,YouBike2.0_宏福一巷宏福三巷口,西屯區,宏福一巷/宏福三巷口(西側),12,4,8,2026-08-21 14:18:03,24.187536,120.616197,1,"4,0",2026-08-21 15:12:29.741980
500606146,YouBike2.0_中央公園(福上巷),西屯區,福上巷/河南路二段口,23,6,17,2026-08-21 14:49:05,24.17594,120.6533,1,"6,0",2026-08-21 15:12:29.741980
500606147,YouBike2.0_西屯張廖家廟,西屯區,福星北路/文華路138巷口(東南側),16,5,11,2026-08-21 15:11:03,24.182742,120.644986,1,"4,1",2026-08-21 15:12:29.741980
500606148,YouBike2.0_朝馬停車場,西屯區,上安路199號旁,20,9,11,2026-08-21 15:01:03,24.17368,120.63619,1,"9,0",2026-08-21 15:12:29.741980
500606149,YouBike2.0_漢翔福星北路口(東北側),西屯區,漢翔路37號(對側人行道),22,1,21,2026-08-21 15:11:18,24.18516,120.64546,1,"1,0",2026-08-21 15:12:29.741980
500606150,YouBike2.0_經貿五僑大路口,西屯區,經貿五路/僑大路口(東側),20,1,19,2026-08-21 12:14:02,24.19069,120.64441,1,"1,0",2026-08-21 15:12:29.741980
500606151,YouBike2.0_港尾萬魂祠,西屯區,環中路一段/中清路二段口(東側),12,1,11,2026-08-21 14:50:04,24.19985,120.65671,1,"1,0",2026-08-21 15:12:29.741980
500606152,YouBike2.0_中工三路天佑街口,西屯區,中工三路/天佑街口(西南側),10,1,9,2026-08-21 14:39:02,24.17893,120.61879,1,"0,1",2026-08-21 15:12:29.741980
500606153,YouBike2.0_西安街277巷6弄口(北側),西屯區,西安街277巷59號(對側),11,0,11,2026-08-21 14:51:17,24.18372,120.64824,1,"0,0",2026-08-21 15:12:29.741980
500606154,YouBike2.0_惠來公園,西屯區,市政南二路/惠文五街(西南側),25,3,22,2026-08-21 14:46:03,24.15571,120.639,1,"3,0",2026-08-21 15:12:29.741980
500606155,YouBike2.0_中山國中,西屯區,寧夏路198號(對側人行道),20,5,15,2026-08-21 14:54:02,24.16794,120.66064,1,"4,1",2026-08-21 15:12:29.741980
500606156,YouBike2.0_朝貴公園,西屯區,朝貴一街96號(東南側),12,1,11,2026-08-21 14:56:17,24.170587,120.635093,1,"1,0",2026-08-21 15:12:29.741980
500606157,YouBike2.0_三角埔(福雅路),西屯區,福雅路/西林巷口(東北側),26,16,8,2026-08-21 14:53:02,24.201713,120.627808,1,"16,0",2026-08-21 15:12:29.741980
500606158,YouBike2.0_中科福雅路口,西屯區,中科路/福雅路口(西南側),20,7,13,2026-08-21 14:56:02,24.205873,120.628681,1,"6,1",2026-08-21 15:12:29.741980
500606159,YouBike2.0_中清廣興巷口,西屯區,中清路/廣興巷口(西北側),13,4,9,2026-08-21 14:17:03,24.203724,120.653146,1,"4,0",2026-08-21 15:12:29.741980
500606160,YouBike2.0_惠順公園,西屯區,政和路/惠文二街口(東南側),12,4,8,2026-08-21 14:55:03,24.15585,120.64202,1,"4,0",2026-08-21 15:12:29.741980
500606161,YouBike2.0_文心市政北一路口,西屯區,文心路二段/市政北一路口,14,5,9,2026-08-21 14:54:02,24.15665,120.64666,1,"5,0",2026-08-21 15:12:29.741980
500606162,YouBike2.0_惠中市政路口(東北側),西屯區,惠中路二段/市政路口(東北側),18,7,11,2026-08-21 14:45:03,24.15764,120.64211,1,"7,0",2026-08-21 15:12:29.741980
500606163,YouBike2.0_臺灣大道四川五街口,西屯區,台灣大道二段/四川五街口(西北側),12,3,9,2026-08-21 15:10:05,24.16165,120.65185,1,"3,0",2026-08-21 15:12:29.741980
500606164,YouBike2.0_華美公園,西屯區,寧漢二街36號(對側人行道),14,4,10,2026-08-21 15:11:03,24.16462,120.663968,1,"4,0",2026-08-21 15:12:29.741980
500606165,YouBike2.0_大鵬新城,西屯區,逢大路/凱旋一路口(西北側),18,1,17,2026-08-21 15:01:03,24.177437,120.650269,1,"1,0",2026-08-21 15:12:29.741980
500606166,YouBike2.0_八張犁淨水廠,西屯區,廣福路165號(東北側),13,3,9,2026-08-21 10:36:04,24.197472,120.642284,1,"3,0",2026-08-21 15:12:29.741980
500606167,YouBike2.0_西屯永興宮,西屯區,安林路29號(東側),12,2,10,2026-08-21 15:08:02,24.198141,120.623678,1,"2,0",2026-08-21 15:12:29.741980
500606168,YouBike2.0_何安里活動中心,西屯區,四川路126號(北側),16,3,13,2026-08-21 14:48:03,24.162574,120.653654,1,"3,0",2026-08-21 15:12:29.741980
500606169,YouBike2.0_上石惠來路口,西屯區,惠來路三段/上石路口(西北側),25,8,17,2026-08-21 15:10:05,24.16644,120.64412,1,"8,0",2026-08-21 15:12:29.741980
500606170,YouBike2.0_安和公園,西屯區,安和路/安和二街口(西南側),15,12,3,2026-08-21 15:10:05,24.17565,120.62288,1,"11,1",2026-08-21 15:12:29.741980
500606171,YouBike2.0_經貿五僑大八街口,西屯區,經貿五路/僑大八街口(東南側),20,10,10,2026-08-21 15:01:03,24.19104,120.65226,1,"10,0",2026-08-21 15:12:29.741980
500606173,YouBike2.0_惠中路停車場,西屯區,惠中路/惠中路148巷口(北側),20,11,9,2026-08-21 15:08:02,24.16523,120.64673,1,"11,0",2026-08-21 15:12:29.741980
500606174,YouBike2.0_馬龍潭停車場,西屯區,龍富路五段396號(東北側),15,9,6,2026-08-21 12:35:03,24.1598,120.62986,1,"9,0",2026-08-21 15:12:29.741980
500606175,YouBike2.0_環中市政南一路口(西北側),西屯區,環中路三段/市政南一路口(西北側),16,2,14,2026-08-21 14:57:02,24.16012,120.627,1,"1,1",2026-08-21 15:12:29.741980
500606176,YouBike2.0_大仁國小,西屯區,重慶路/甘肅路一段口(東南側),25,6,19,2026-08-21 15:04:04,24.16783,120.65778,1,"5,1",2026-08-21 15:12:29.741980
500606177,YouBike2.0_安和國中(水尾巷),西屯區,水尾巷/中工二路口(東北側),20,7,13,2026-08-21 14:57:02,24.172,120.61525,1,"7,0",2026-08-21 15:12:29.741980
500606179,YouBike2.0_福科路福科路658巷口,西屯區,福科路/福科路658巷口(西北側及東北側),11,8,3,2026-08-21 14:37:02,24.18707,120.61154,1,"8,0",2026-08-21 15:12:29.741980
500606180,YouBike2.0_福林國安二路口(東北側),西屯區,福林路/國安二路口(東北側),15,1,14,2026-08-21 15:10:05,24.19104,120.61665,1,"1,0",2026-08-21 15:12:29.741980
500606181,YouBike2.0_東海大學_語文館,西屯區,力行路側(男宿21棟前),22,17,5,2026-08-21 14:43:02,24.18098,120.59938,1,"17,0",2026-08-21 15:12:29.741980
500606182,YouBike2.0_東海大學_男生宿舍,西屯區,力行路/約農路口(西北側),30,14,16,2026-08-21 14:13:02,24.18055,120.60094,1,"14,0",2026-08-21 15:12:29.741980
500606183,YouBike2.0_東海大學_路思義教堂,西屯區,德耀路/約農路口(西南側),15,13,2,2026-08-21 14:49:05,24.17943,120.60011,1,"1,12",2026-08-21 15:12:29.741980
500606184,YouBike2.0_東海大學_基礎科學館,西屯區,科技路/求真路口(西南側),27,6,21,2026-08-21 15:10:05,24.17761,120.59946,1,"6,0",2026-08-21 15:12:29.741980
500606185,YouBike2.0_東海大學_女生宿舍,西屯區,篤信路/銘賢路口(南側),20,10,10,2026-08-21 14:53:02,24.17864,120.60199,1,"8,2",2026-08-21 15:12:29.741980
500606186,YouBike2.0_東海大學_乳品小棧,西屯區,東海路51號(東北側),30,14,16,2026-08-21 14:47:04,24.1795,120.6062,1,"14,0",2026-08-21 15:12:29.741980
500606187,YouBike2.0_東海大學_管理學院,西屯區,管理學院停車場內(力行路側),23,6,17,2026-08-21 14:58:02,24.18298,120.61223,1,"6,0",2026-08-21 15:12:29.741980
500606188,YouBike2.0_東海大學_二校宿舍,西屯區,力行路/湖東路(東北側),25,6,19,2026-08-21 15:03:03,24.17986,120.61161,1,"6,0",2026-08-21 15:12:29.741980
500606189,YouBike2.0_東海大學_鹿舍食加廠,西屯區,力行路停車場內(西北側),25,10,15,2026-08-21 13:45:02,24.18239,120.60984,1,"10,0",2026-08-21 15:12:29.741980
500606190,YouBike2.0_臺中都會公園,西屯區,都會園路/都會園路1215巷口(東北側),15,6,9,2026-08-21 11:39:02,24.20761,120.59945,1,"5,1",2026-08-21 15:12:29.741980
500606191,YouBike2.0_安和協和南巷口,西屯區,安和路/協和南巷口(西南側),15,5,10,2026-08-21 08:27:03,24.16372,120.61829,1,"5,0",2026-08-21 15:12:29.741980
500606192,YouBike2.0_福星路654巷口,西屯區,福星路/福星路654巷口(東南側),14,2,12,2026-08-21 15:08:16,24.17347,120.64872,1,"2,0",2026-08-21 15:12:29.741980
500606193,YouBike2.0_廣福路橋下籃球場,西屯區,中科路/廣福路156巷口(西北側),12,10,2,2026-08-21 14:13:02,24.20056,120.647,1,"10,0",2026-08-21 15:12:29.741980
500606195,YouBike2.0_協和國小,西屯區,安和路99號(西南側),13,6,7,2026-08-21 15:05:03,24.16944,120.61963,1,"6,0",2026-08-21 15:12:29.741980
500606196,YouBike2.0_大鵬公園,西屯區,長安路二段71巷/長安路二段71巷5弄口(西北側),15,1,14,2026-08-21 15:08:03,24.17367,120.66308,1,"0,1",2026-08-21 15:12:29.741980
500606197,YouBike2.0_銀聯三村停車場,西屯區,何安二巷16號(東側),15,4,11,2026-08-21 14:55:03,24.16597,120.65775,1,"3,1",2026-08-21 15:12:29.741980
500606198,YouBike2.0_福雅福雅路252巷口,西屯區,福雅路/福雅路252巷口(西南側),16,3,13,2026-08-21 14:47:04,24.19079,120.621627,1,"3,0",2026-08-21 15:12:29.741980
500606199,YouBike2.0_協仁虹揚橋口,西屯區,協仁街/虹揚橋口(東北側),15,12,3,2026-08-21 14:52:03,24.173422,120.624911,1,"12,0",2026-08-21 15:12:29.741980
500606200,YouBike2.0_漢口國中(忠義街),西屯區,忠義街/大有街口(西北側),18,0,18,2026-08-21 14:59:21,24.161846,120.65856,1,"0,0",2026-08-21 15:12:29.741980
500606201,YouBike2.0_上安路青海南街口,西屯區,青海南街191號旁,16,3,13,2026-08-21 14:33:05,24.17435,120.63498,1,"2,1",2026-08-21 15:12:29.741980
500606203,YouBike2.0_福壽兒童公園,西屯區,甘州街19號對側,18,0,18,2026-08-21 15:10:05,24.16434,120.65634,1,"0,0",2026-08-21 15:12:29.741980
500606204,YouBike2.0_臺灣大道新興路口,西屯區,臺灣大道四段2147號,46,16,30,2026-08-21 15:10:05,24.18262,120.59347,1,"16,0",2026-08-21 15:12:29.741980
500606205,YouBike2.0_漢翔黎明路口(東北側),西屯區,漢翔路/黎明路三段口(東北側),11,2,9,2026-08-21 15:11:03,24.185216,120.640276,1,"2,0",2026-08-21 15:12:29.741980
500606206,YouBike2.0_大容東大墩十九街口,西屯區,大容東街182號(對側人行道),17,3,14,2026-08-21 14:59:03,24.15929,120.65044,1,"3,0",2026-08-21 15:12:29.741980
500606207,YouBike2.0_大墩公園,西屯區,大墩十九街193號對側,17,8,9,2026-08-21 15:02:03,24.15858,120.6515,1,"8,0",2026-08-21 15:12:29.741980
500606208,YouBike2.0_環中臺灣大道四段三巷口,西屯區,環中路三段/臺灣大道四段三巷口,15,9,6,2026-08-21 08:07:02,24.17242,120.63284,1,"9,0",2026-08-21 15:12:29.741980
500606209,YouBike2.0_福雅安林路口,西屯區,福雅路/安林路口,10,4,6,2026-08-21 15:02:03,24.19447,120.62412,1,"4,0",2026-08-21 15:12:29.741980
500606210,YouBike2.0_大漁池文化公園,西屯區,烈美街57號對側,16,6,10,2026-08-21 15:10:05,24.17879,120.64213,1,"6,0",2026-08-21 15:12:29.741980
500606211,YouBike2.0_臺灣大道福聯街口,西屯區,臺灣大道四段1448號,11,0,11,2026-08-21 14:44:17,24.18425,120.60806,1,"0,0",2026-08-21 15:12:29.741980
500606212,YouBike2.0_福科玉門路口,西屯區,福科路/玉門路口(東北側),23,14,9,2026-08-21 14:58:02,24.187196,120.610396,1,"14,0",2026-08-21 15:12:29.741980
500606213,YouBike2.0_大安公園,西屯區,大安街43號對側,21,6,14,2026-08-21 15:05:03,24.15803,120.65431,1,"5,1",2026-08-21 15:12:29.741980
500606214,YouBike2.0_大聖公園,西屯區,大聖街509號,10,1,9,2026-08-21 14:30:04,24.15866,120.65292,1,"1,0",2026-08-21 15:12:29.741980
500606215,YouBike2.0_何仁里活動中心(洛陽公園),西屯區,洛陽路125巷21號,17,4,13,2026-08-21 14:51:03,24.16827,120.65107,1,"4,0",2026-08-21 15:12:29.741980
500606216,YouBike2.0_大容東大墩十八街口,西屯區,大容東街/大墩十八街口,15,1,14,2026-08-21 15:05:18,24.15751,120.64833,1,"1,0",2026-08-21 15:12:29.741980
500606217,YouBike2.0_僑光科技大學,西屯區,福星北路194-1號,43,2,40,2026-08-21 15:08:03,24.18726,120.64393,1,"2,0",2026-08-21 15:12:29.741980
500606218,YouBike2.0_CBD時代廣場,西屯區,朝富路213號,12,7,5,2026-08-21 14:57:02,24.16265,120.63525,1,"7,0",2026-08-21 15:12:29.741980
500606219,YouBike2.0_逢甲大學體育館,西屯區,西安街279號(對側人行道),58,12,46,2026-08-21 15:03:03,24.18189,120.64869,1,"11,1",2026-08-21 15:12:29.741980
500606220,YouBike2.0_臺中綠美圖,西屯區,中科路/黎明路三段口,50,12,38,2026-08-21 15:05:03,24.19406,120.65419,1,"12,0",2026-08-21 15:12:29.741980
500606221,YouBike2.0_水堀頭黃昏市場,西屯區,福雅路/西屯路三段口(東北側),18,1,17,2026-08-21 15:04:04,24.187894,120.620564,1,"1,0",2026-08-21 15:12:29.741980
500606222,YouBike2.0_洛陽青海路口,西屯區,青海路二段41號(東南側),20,6,14,2026-08-21 14:47:04,24.1663,120.65055,1,"6,0",2026-08-21 15:12:29.741980
500606223,YouBike2.0_大聖大墩二十街口,西屯區,大聖街/大墩二十街口(西南側),11,3,8,2026-08-21 14:31:03,24.15915,120.6532,1,"3,0",2026-08-21 15:12:29.741980
500606224,YouBike2.0_臺灣大道二段777巷口,西屯區,臺灣大道二段/臺灣大道二段777巷口,17,2,15,2026-08-21 14:11:03,24.15996,120.65416,1,"2,0",2026-08-21 15:12:29.741980
500606226,YouBike2.0_逢甲福星路口(二),西屯區,逢甲路/福星路口(西南側),60,13,47,2026-08-21 14:41:03,24.17864,120.64464,1,"12,1",2026-08-21 15:12:29.741980
500606227,YouBike2.0_臺中流行影音中心,西屯區,經貿路一段299號,33,5,28,2026-08-21 14:26:03,24.18150,120.65804,1,"5,0",2026-08-21 15:12:29.741980
500606228,YouBike2.0_水湳轉運中心(經貿路),西屯區,經貿路二段/經貿九路口,50,1,49,2026-08-21 14:58:02,24.19646,120.65449,1,"1,0",2026-08-21 15:12:29.741980
500606230,YouBike2.0_臺灣大道太原路口,西屯區,臺灣大道二段622號,21,5,16,2026-08-21 14:49:05,24.15859,120.65734,1,"4,1",2026-08-21 15:12:29.741980
500606231,YouBike2.0_永安國小(福祥街),西屯區,福祥街/西屯路三段口,18,7,11,2026-08-21 14:59:03,24.18515,120.62383,1,"7,0",2026-08-21 15:12:29.741980
500606232,YouBike2.0_臺灣大道黎明路口,西屯區,臺灣大道三段/黎明路三段口,27,13,14,2026-08-21 15:09:04,24.17085,120.63687,1,"13,0",2026-08-21 15:12:29.741980
500606233,YouBike2.0_福上新城,西屯區,莒光三巷/福上巷口(南側),19,3,16,2026-08-21 14:53:02,24.17539,120.66029,1,"2,1",2026-08-21 15:12:29.741980
500606235,YouBike2.0_水湳轉運中心(中科路),西屯區,中科路/經貿九路口,50,5,44,2026-08-21 14:41:03,24.19600,120.65327,1,"5,0",2026-08-21 15:12:29.741980
500607001,YouBike2.0_捷運水安宮站,南屯區,文心路一段/水安街口(北側),37,37,0,2026-08-21 15:11:03,24.15324,120.64652,1,"37,0",2026-08-21 15:12:29.741980
500607002,YouBike2.0_楓安公園,南屯區,楓和路/永春東二路(東南側),15,6,9,2026-08-21 14:08:03,24.11755,120.63062,1,"6,0",2026-08-21 15:12:29.741980
500607003,YouBike2.0_公益黎明路口(西南側),南屯區,公益路二段/黎明路二段口(西南側),19,2,17,2026-08-21 15:09:04,24.15108,120.63510,1,"2,0",2026-08-21 15:12:29.741980
500607004,YouBike2.0_公益永春東七路口(東南側),南屯區,公益路二段/永春東七路口(東南側),15,0,15,2026-08-21 14:55:18,24.15092,120.63357,1,"0,0",2026-08-21 15:12:29.741980
500607005,YouBike2.0_公益河南路口(東南側),南屯區,公益路二段497號前,18,8,10,2026-08-21 15:11:03,24.15133,120.63752,1,"8,0",2026-08-21 15:12:29.741980
500607006,YouBike2.0_惠智公園,南屯區,大墩十一街510巷2號(對側人行道),17,6,11,2026-08-21 15:01:03,24.14919,120.63918,1,"6,0",2026-08-21 15:12:29.741980
500607007,YouBike2.0_公益大進街口(東北側),南屯區,公益路二段42號(旁人行道),14,2,12,2026-08-21 14:56:02,24.15102,120.65150,1,"2,0",2026-08-21 15:12:29.741980
500607008,YouBike2.0_文心公益路口(東南側),南屯區,文心路一段430號,24,0,24,2026-08-21 15:11:18,24.15068,120.64692,1,"0,0",2026-08-21 15:12:29.741980
500607009,YouBike2.0_黎明大業路口,南屯區,黎明路二段497號,19,6,13,2026-08-21 15:08:02,24.15357,120.63477,1,"6,0",2026-08-21 15:12:29.741980
500607010,YouBike2.0_文心南文心南七路口(西南側),南屯區,文心南路/文心南七路口(西南側),22,14,8,2026-08-21 15:11:03,24.12946,120.64628,1,"14,0",2026-08-21 15:12:29.741980
500607011,YouBike2.0_豐樂雕塑公園(永春東一路),南屯區,永春東一路/豐功路口(東南側),20,4,16,2026-08-21 14:58:02,24.13071,120.64140,1,"4,0",2026-08-21 15:12:29.741980
500607012,YouBike2.0_大進公園,南屯區,東興路二段81號,30,3,27,2026-08-21 15:08:02,24.13885,120.65283,1,"3,0",2026-08-21 15:12:29.741980
500607013,YouBike2.0_正心兒童公園(大墩南路),南屯區,大墩南路/文心南二路(東南側),25,5,19,2026-08-21 15:10:05,24.13578,120.65008,1,"5,0",2026-08-21 15:12:29.741980
500607014,YouBike2.0_捷運南屯站,南屯區,五權西路二段328號,20,0,0,2026-07-12 00:01:03,24.14017,120.64704,0,"0,0",2026-08-21 15:12:29.741980
500607015,YouBike2.0_南屯國民運動中心,南屯區,黎明路一段998號,13,5,8,2026-08-21 15:00:05,24.13798,120.63752,1,"5,0",2026-08-21 15:12:29.741980
500607016,YouBike2.0_文心森林公園(文心路),南屯區,文心路一段/向上路二段口(西南側),71,18,53,2026-08-21 15:11:03,24.14664,120.64651,1,"18,0",2026-08-21 15:12:29.741980
500607017,YouBike2.0_惠義公園,南屯區,大墩十二街361號,14,2,12,2026-08-21 15:08:02,24.1498,120.64541,1,"2,0",2026-08-21 15:12:29.741980
500607018,YouBike2.0_惠文高中(公益路),南屯區,公益路二段/惠中路三段口(西北側),32,12,20,2026-08-21 15:10:05,24.15138,120.64039,1,"12,0",2026-08-21 15:12:29.741980
500607019,YouBike2.0_惠文高中(大業路),南屯區,大業路/惠中路二段(西南側),65,2,63,2026-08-21 15:07:05,24.15364,120.63993,1,"2,0",2026-08-21 15:12:29.741980
500607020,YouBike2.0_南苑公園(文心南五路),南屯區,文心南五路一段283號(對側人行道),66,10,55,2026-08-21 15:10:05,24.13211,120.64761,1,"10,0",2026-08-21 15:12:29.741980
500607021,YouBike2.0_文心森林公園(惠文路),南屯區,惠文路361號對側,25,17,8,2026-08-21 15:06:02,24.14429,120.64329,1,"17,0",2026-08-21 15:12:29.741980
500607022,YouBike2.0_豐富公園(東興三民西路口),南屯區,東興路一段/三民西路口(東北側),15,10,5,2026-08-21 13:54:02,24.12898,120.65335,1,"10,0",2026-08-21 15:12:29.741980
500607023,YouBike2.0_萬和國中(文心南三路),南屯區,文心南三路843號(對側人行道),34,5,29,2026-08-21 14:48:03,24.1336,120.6397,1,"5,0",2026-08-21 15:12:29.741980
500607024,YouBike2.0_豐樂雕塑公園(向心南路),南屯區,向心南路/文心南五路一段口(西南側),44,9,35,2026-08-21 15:06:02,24.13189,120.64384,1,"8,1",2026-08-21 15:12:29.741980
500607025,YouBike2.0_向心南文心南七路口,南屯區,向心南路/文心南七路口(西南側),15,9,6,2026-08-21 15:10:05,24.12939,120.64389,1,"8,1",2026-08-21 15:12:29.741980
500607026,YouBike2.0_文心南九向心南路口,南屯區,文心南九路/向心南路口(兩側人行道),13,6,7,2026-08-21 14:26:03,24.12784,120.64366,1,"6,0",2026-08-21 15:12:29.741980
500607027,YouBike2.0_文心南六文心南六路171巷口,南屯區,文心南六路/文心南六路171巷口(西北側),32,7,24,2026-08-21 15:04:03,24.1308,120.64913,1,"7,0",2026-08-21 15:12:29.741980
500607028,YouBike2.0_文心南五大墩南路口(西南側),南屯區,文心南五路/大墩南路口(西南側),14,1,13,2026-08-21 14:42:02,24.13191,120.64967,1,"1,0",2026-08-21 15:12:29.741980
500607029,YouBike2.0_永春國小(永春東路360巷),南屯區,永春東路/永春東路360巷口(東北側),10,5,5,2026-08-21 15:08:02,24.13488,120.64733,1,"4,1",2026-08-21 15:12:29.741980
500607030,YouBike2.0_臺中特殊教育學校,南屯區,大觀路/公益路二段口(西南側),50,10,40,2026-08-21 14:59:03,24.15139,120.6426,1,"10,0",2026-08-21 15:12:29.741980
500607031,YouBike2.0_鎮平公園(楓樹西街366巷),南屯區,楓樹西街366巷/黎明路一段口(東側人行道),22,3,19,2026-08-21 14:42:02,24.12057,120.62915,1,"3,0",2026-08-21 15:12:29.741980
500607032,YouBike2.0_南屯公園(大墩七街),南屯區,大墩七街/惠中路三段口(西南側),55,4,51,2026-08-21 15:08:02,24.1442369,120.6401852,1,"4,0",2026-08-21 15:12:29.741980
500607033,YouBike2.0_旌旗教會,南屯區,文心南五路三段160號,16,3,13,2026-08-21 13:25:03,24.1442996,120.6309,1,"3,0",2026-08-21 15:12:29.741980
500607034,YouBike2.0_佛教正德醫院,南屯區,文心南五路三段100號,15,3,12,2026-08-21 15:09:04,24.1429027,120.6308554,1,"3,0",2026-08-21 15:12:29.741980
500607035,YouBike2.0_三塊厝公有停車場,南屯區,大墩十一街/江和街口(西南側),15,9,6,2026-08-21 14:35:02,24.148109,120.632465,1,"9,0",2026-08-21 15:12:29.741980
500607036,YouBike2.0_黎明公園,南屯區,懷德街/干城街口(西南側),18,2,16,2026-08-21 15:05:03,24.15529,120.629923,1,"2,0",2026-08-21 15:12:29.741980
500607037,YouBike2.0_兒三公園,南屯區,大同十街/大同九街口(西北側),8,4,4,2026-08-21 13:56:02,24.112997,120.627915,1,"4,0",2026-08-21 15:12:29.741980
500607038,YouBike2.0_鄰公七公園,南屯區,大同九街/大同十街口(東南側),10,4,6,2026-08-21 14:10:02,24.112579,120.628574,1,"4,0",2026-08-21 15:12:29.741980
500607039,YouBike2.0_楓香公園(楓樹南街),南屯區,楓樹南街243號(對側人行道),26,3,23,2026-08-21 14:32:04,24.11569,120.6289,1,"3,0",2026-08-21 15:12:29.741980
500607040,YouBike2.0_文昌兒童公園,南屯區,文昌街/文昌街225巷口(東南側),17,5,10,2026-08-21 15:06:02,24.138501,120.63583,1,"5,0",2026-08-21 15:12:29.741980
500607041,YouBike2.0_田心公園,南屯區,惠弘街/惠德街口(西南側),17,2,15,2026-08-21 14:50:04,24.139972,120.642972,1,"2,0",2026-08-21 15:12:29.741980
500607043,YouBike2.0_文心森林公園(惠文向上路口),南屯區,惠文路/向上路二段口(東南側),20,7,13,2026-08-21 15:11:03,24.14675,120.643847,1,"7,0",2026-08-21 15:12:29.741980
500607044,YouBike2.0_豐功停車場,南屯區,文心南三路/向心南路口(東北側),12,2,10,2026-08-21 14:56:02,24.133454,120.644307,1,"2,0",2026-08-21 15:12:29.741980
500607045,YouBike2.0_黎明國中,南屯區,黎明路二段658號前,50,7,43,2026-08-21 15:03:03,24.15649,120.63439,1,"6,1",2026-08-21 15:12:29.741980
500607046,YouBike2.0_向心兒童公園,南屯區,文心南二路/向心南路口(東南側),46,6,40,2026-08-21 15:01:03,24.13593,120.64462,1,"6,0",2026-08-21 15:12:29.741980
500607047,YouBike2.0_大興公園,南屯區,南屯路二段/精誠南路口(西南側),32,1,31,2026-08-21 15:01:20,24.13526,120.65436,1,"1,0",2026-08-21 15:12:29.741980
500607048,YouBike2.0_五權西文心路口,南屯區,五權西路二段/文心路一段路口(東南側),42,12,30,2026-08-21 15:09:04,24.13993,120.64688,1,"12,0",2026-08-21 15:12:29.741980
500607049,YouBike2.0_大業公園,南屯區,大業路/大進街口(西北側),38,2,36,2026-08-21 15:09:04,24.15369,120.65128,1,"2,0",2026-08-21 15:12:29.741980
500607050,YouBike2.0_公益大英街口,南屯區,公益路二段131號前,34,2,32,2026-08-21 15:09:04,24.15081,120.64848,1,"2,0",2026-08-21 15:12:29.741980
500607051,YouBike2.0_公益惠文路口,南屯區,公益路二段/惠文路口(東南側),15,2,13,2026-08-21 14:43:02,24.150873,120.644278,1,"2,0",2026-08-21 15:12:29.741980
500607052,YouBike2.0_禮惠公園(大墩六街),南屯區,大墩六街/大墩六街350巷口(西南側),14,6,8,2026-08-21 14:59:03,24.14282,120.644419,1,"6,0",2026-08-21 15:12:29.741980
500607053,YouBike2.0_豐富公園,南屯區,東興路一段/文心南五路一段口(東南側),19,7,12,2026-08-21 15:05:03,24.13166,120.65325,1,"7,0",2026-08-21 15:12:29.741980
500607054,YouBike2.0_萬和宮,南屯區,萬和路一段/文昌街口(西側),40,3,37,2026-08-21 15:02:02,24.1377,120.639,1,"3,0",2026-08-21 15:12:29.741980
500607055,YouBike2.0_黎光公園,南屯區,干城街/懷德街口(南側),34,2,32,2026-08-21 14:43:02,24.15187,120.63052,1,"2,0",2026-08-21 15:12:29.741980
500607056,YouBike2.0_保安公園,南屯區,文山五街/保安五街口（西北側）,48,5,42,2026-08-21 14:50:04,24.14725,120.6122,1,"5,0",2026-08-21 15:12:29.741980
500607057,YouBike2.0_春社公園,南屯區,永春路/嶺東路80巷口(東南側),36,8,28,2026-08-21 14:34:03,24.14051,120.61049,1,"8,0",2026-08-21 15:12:29.741980
500607058,YouBike2.0_南屯區公所,南屯區,永春東路679號前,32,7,25,2026-08-21 14:55:03,24.13467,120.64454,1,"7,0",2026-08-21 15:12:29.741980
500607059,YouBike2.0_犁頭店公園,南屯區,惠中路三段/大墩四街口(西南側),40,8,32,2026-08-21 15:05:03,24.14234,120.64057,1,"8,0",2026-08-21 15:12:29.741980
500607060,YouBike2.0_春安國小,南屯區,春安路/春安一街口(西北側),10,4,6,2026-08-21 13:44:03,24.13454,120.60872,1,"4,0",2026-08-21 15:12:29.741980
500607061,YouBike2.0_水安公園,南屯區,文心路一段/大業路口(西北側),50,10,40,2026-08-21 15:11:18,24.15393,120.64658,1,"10,0",2026-08-21 15:12:29.741980
500607062,YouBike2.0_南屯親子館/環保局環境檢驗科,南屯區,南屯路二段409號前,19,6,13,2026-08-21 15:08:02,24.13832,120.64284,1,"5,1",2026-08-21 15:12:29.741980
500607063,YouBike2.0_南屯區福德公園,南屯區,干城街/干城街202巷口(西南側),13,6,7,2026-08-21 15:09:04,24.152823,120.628839,1,"6,0",2026-08-21 15:12:29.741980
500607064,YouBike2.0_李科永紀念圖書館,南屯區,龍富路五段1號前,15,12,3,2026-08-21 15:06:02,24.151886,120.626384,1,"12,0",2026-08-21 15:12:29.741980
500607065,YouBike2.0_新富小公園,南屯區,新富路/龍富十五路口(西北側),15,1,14,2026-08-21 14:05:04,24.143118,120.624913,1,"1,0",2026-08-21 15:12:29.741980
500607066,YouBike2.0_臺中市環保局南屯清潔隊,南屯區,東興路一段/永春東路口(東南側),22,8,14,2026-08-21 15:05:03,24.134676,120.653126,1,"8,0",2026-08-21 15:12:29.741980
500607067,YouBike2.0_精密園區勞工聯合服務中心,南屯區,精科路26號前,15,13,2,2026-08-21 14:29:03,24.14768,120.60624,1,"13,0",2026-08-21 15:12:29.741980
500607068,YouBike2.0_精科公園(文山路),南屯區,文山路/保安八街口(北側),15,6,9,2026-08-21 14:28:02,24.14511,120.60833,1,"6,0",2026-08-21 15:12:29.741980
500607069,YouBike2.0_精科公園(文山三街),南屯區,文山三街/保安八街口(南側),15,11,4,2026-08-21 15:08:02,24.1463,120.60873,1,"11,0",2026-08-21 15:12:29.741980
500607070,YouBike2.0_文山公園,南屯區,文山九街78號(對側人行道),20,3,17,2026-08-21 14:40:03,24.15024,120.61408,1,"3,0",2026-08-21 15:12:29.741980
500607071,YouBike2.0_嶺東科技大學(春安校區),南屯區,嶺東路1號,33,17,16,2026-08-21 14:55:03,24.13821,120.6095,1,"17,0",2026-08-21 15:12:29.741980
500607072,YouBike2.0_嶺東科技大學(寶文校區),南屯區,中台路7號旁停車場內,30,27,3,2026-08-21 15:04:03,24.13564,120.60254,1,"26,1",2026-08-21 15:12:29.741980
500607073,YouBike2.0_精科五精科南路口,南屯區,精科五路/精科南路口,10,8,2,2026-08-21 13:33:03,24.14768,120.59485,1,"8,0",2026-08-21 15:12:29.741980
500607074,YouBike2.0_春安停車場,南屯區,春安三街/春安二街口(東北側),14,5,9,2026-08-21 15:08:02,24.13575,120.60751,1,"5,0",2026-08-21 15:12:29.741980
500607075,YouBike2.0_精科精科中路口,南屯區,精科路/精科中路口(西側),14,11,2,2026-08-21 14:03:03,24.14311,120.60079,1,"11,0",2026-08-21 15:12:29.741980
500607076,YouBike2.0_下牛埔仔公園,南屯區,南光路91巷/黎明路一段37巷口(西南側),15,2,13,2026-08-21 14:57:02,24.113641,120.622589,1,"2,0",2026-08-21 15:12:29.741980
500607077,YouBike2.0_壹善堂(旁公園),南屯區,忠勇路/忠勇路65巷口(南側),18,4,14,2026-08-21 15:09:04,24.14489,120.61471,1,"4,0",2026-08-21 15:12:29.741980
500607078,YouBike2.0_向上益豐路(東北側),南屯區,向上路三段/益豐路四段口(東北側),16,2,14,2026-08-21 14:12:04,24.1451,120.6286,1,"2,0",2026-08-21 15:12:29.741980
500607079,YouBike2.0_向上五權西路口,南屯區,五權西路二段/向上路三段口(西側),15,4,11,2026-08-21 15:02:02,24.145639,120.632052,1,"4,0",2026-08-21 15:12:29.741980
500607080,YouBike2.0_大墩十一大通街口,南屯區,大墩十一街/大通街口(東南側),14,7,7,2026-08-21 14:59:03,24.148685,120.641758,1,"7,0",2026-08-21 15:12:29.741980
500607081,YouBike2.0_文心森林公園(大墩七街),南屯區,大墩七街/文心路一段口(西北側),34,14,20,2026-08-21 15:07:05,24.143863,120.646447,1,"14,0",2026-08-21 15:12:29.741980
500607082,YouBike2.0_彩虹眷村,南屯區,春社西巷28號(對側停車場),17,6,11,2026-08-21 14:45:03,24.134417,120.610244,1,"6,0",2026-08-21 15:12:29.741980
500607083,YouBike2.0_臺中精密園區標準廠房,南屯區,精科南路/精科南一街口(西南側),12,10,2,2026-08-21 14:52:03,24.148632,120.587854,1,"10,0",2026-08-21 15:12:29.741980
500607084,YouBike2.0_三采公園,南屯區,永春東七路/大墩十二街口(東北側),11,0,11,2026-08-21 15:00:23,24.149881,120.633477,1,"0,0",2026-08-21 15:12:29.741980
500607085,YouBike2.0_南苑公園(文心南三路),南屯區,文心南三路/豐富路299巷口(西南側),15,1,14,2026-08-21 15:08:16,24.133297,120.647208,1,"1,0",2026-08-21 15:12:29.741980
500607086,YouBike2.0_益文二街永春路口,南屯區,益文二街/永春路口(西南側),10,4,6,2026-08-21 14:45:03,24.141176,120.632216,1,"4,0",2026-08-21 15:12:29.741980
500607087,YouBike2.0_大墩十二街公有停車場,南屯區,大墩十二街/益豐西街口(東南側),20,9,11,2026-08-21 14:46:03,24.14949,120.62763,1,"9,0",2026-08-21 15:12:29.741980
500607090,YouBike2.0_懷德街籃球場,南屯區,懷德街/干城街116巷3弄口(東北側),15,7,8,2026-08-21 14:10:02,24.15662,120.63013,1,"7,0",2026-08-21 15:12:29.741980
500607091,YouBike2.0_博愛街大業路口(西南側),南屯區,博愛街/大業路口(西南側),20,6,14,2026-08-21 15:10:05,24.15331,120.63184,1,"6,0",2026-08-21 15:12:29.741980
500607092,YouBike2.0_干城街115巷3弄口,南屯區,博愛街/干城街115巷3弄口,20,9,11,2026-08-21 15:11:03,24.15466,120.63157,1,"9,0",2026-08-21 15:12:29.741980
500607093,YouBike2.0_新富二街公園,南屯區,新富二街63號(東南側),11,5,6,2026-08-21 13:16:03,24.13744,120.62686,1,"5,0",2026-08-21 15:12:29.741980
500607094,YouBike2.0_豐富公園(精誠南文心南五路口),南屯區,精誠南路/文心南五路口(西南側),15,5,10,2026-08-21 14:59:03,24.1319,120.6545,1,"5,0",2026-08-21 15:12:29.741980
500607095,YouBike2.0_文心南九永春東一路口,南屯區,文心南九路/永春東一路口(東南側),15,2,13,2026-08-21 14:45:03,24.12823,120.64139,1,"2,0",2026-08-21 15:12:29.741980
500607096,YouBike2.0_黎新公園(龍富二十路),南屯區,龍富二十路/龍德路二段口(東南側),12,4,8,2026-08-21 14:23:03,24.15443,120.62544,1,"4,0",2026-08-21 15:12:29.741980
500607097,YouBike2.0_筏子溪門戶迎賓水岸廊道(南端),南屯區,筏子東街一段59號(西南端),14,3,11,2026-08-21 15:03:03,24.12364,120.61912,1,"3,0",2026-08-21 15:12:29.741980
500607098,YouBike2.0_向上環中路口(東北側),南屯區,向上路三段/環中路四段口(東北側),13,7,6,2026-08-21 14:20:05,24.14524,120.62375,1,"7,0",2026-08-21 15:12:29.741980
500607099,YouBike2.0_龍富十七文心南五路口,南屯區,文心南五路三段239號(對側),12,4,8,2026-08-21 14:58:02,24.14563,120.63066,1,"4,0",2026-08-21 15:12:29.741980
500607100,YouBike2.0_五權西文心南五路口,南屯區,五權西路二段/文心南五路三段口,11,1,10,2026-08-20 20:50:03,24.14637,120.63093,1,"1,0",2026-08-21 15:12:29.741980
500607102,YouBike2.0_永春新富路口(南側),南屯區,永春路/新富路口(南側),11,3,8,2026-08-21 13:46:02,24.14059,120.62495,1,"3,0",2026-08-21 15:12:29.741980
500607103,YouBike2.0_臺中魚市場,南屯區,環中路四段2號前,27,6,21,2026-08-21 15:06:03,24.14817,120.62301,1,"6,0",2026-08-21 15:12:29.741980
500607104,YouBike2.0_寶山里活動中心(西側),南屯區,忠勇路127-20號(西北側),26,5,21,2026-08-21 13:23:04,24.156012,120.616874,1,"5,0",2026-08-21 15:12:29.741980
500607105,YouBike2.0_永春東三永順路口,南屯區,永春東三路/永順路口(南側),15,1,14,2026-08-21 10:09:04,24.13021,120.63704,1,"1,0",2026-08-21 15:12:29.741980
500607107,YouBike2.0_高鐵新市鎮生態公園(龍富九路),南屯區,龍富九路/龍富路三段口(東南側),14,5,9,2026-08-21 10:21:03,24.134995,120.626869,1,"5,0",2026-08-21 15:12:29.741980
500607108,YouBike2.0_高鐵新市鎮生態公園(龍富七路),南屯區,龍富七路/龍富路三段口(東北側),15,6,9,2026-08-21 12:46:03,24.1323,120.62885,1,"6,0",2026-08-21 15:12:29.741980
500607109,YouBike2.0_五權西南屯路二段870巷口(西南側),南屯區,五權西路二段/南屯路二段870巷口(西南側),14,6,8,2026-08-21 15:06:03,24.14337,120.63539,1,"5,1",2026-08-21 15:12:29.741980
500607110,YouBike2.0_五權西三厝街口(西北側),南屯區,五權西路二段/三厝街口(西北側),11,4,7,2026-08-21 14:22:04,24.14349,120.63565,1,"4,0",2026-08-21 15:12:29.741980
500607111,YouBike2.0_五權西南屯路二段870巷口(東南側),南屯區,五權西路二段/南屯路二段870巷口(東南側),11,0,11,2026-08-21 12:48:18,24.1429,120.63607,1,"0,0",2026-08-21 15:12:29.741980
500607112,YouBike2.0_黎新公園(龍富路),南屯區,龍富路五段25號(前),15,9,6,2026-08-21 15:06:03,24.15302,120.6268,1,"9,0",2026-08-21 15:12:29.741980
500607113,YouBike2.0_三義兒童公園,南屯區,河南路四段150-2號,14,0,14,2026-08-21 14:57:18,24.1567,120.63594,1,"0,0",2026-08-21 15:12:29.741980
500607115,YouBike2.0_大墩路大墩十一街口(西北側),南屯區,大墩路531號、大墩路533號前人行道,16,10,6,2026-08-21 15:10:05,24.14895,120.64974,1,"10,0",2026-08-21 15:12:29.741980
500607116,YouBike2.0_筏子東街永春路口(西南側),南屯區,筏子東街一段/永春路口(西南側),15,4,11,2026-08-21 11:09:02,24.139598,120.620656,1,"4,0",2026-08-21 15:12:29.741980
500607117,YouBike2.0_環中路新民巷口,南屯區,環中路四段/新民巷口(西北側),13,5,8,2026-08-21 14:23:03,24.12956,120.6271,1,"5,0",2026-08-21 15:12:29.741980
500607118,YouBike2.0_環中永春東三路口,南屯區,環中路五段/永春東三路口(西北側),15,4,11,2026-08-21 13:46:03,24.12425,120.63252,1,"4,0",2026-08-21 15:12:29.741980
500607119,YouBike2.0_大進停車場,南屯區,大墩路/大墩五街(東北側)、大墩五街/大進西街(西北側),16,8,8,2026-08-21 15:11:03,24.1419,120.65004,1,"8,0",2026-08-21 15:12:29.741980
500607120,YouBike2.0_永春東二楓平路口,南屯區,永春東二路/楓平路口(西南側),15,5,10,2026-08-21 12:11:02,24.12109,120.63133,1,"5,0",2026-08-21 15:12:29.741980
500607121,YouBike2.0_黎明路三和街口(東南側),南屯區,黎明路二段68號前,13,5,8,2026-08-21 15:11:03,24.144268,120.637196,1,"5,0",2026-08-21 15:12:29.741980
500607122,YouBike2.0_惠中網球場,南屯區,大墩十街/大正街口(東南側),35,3,32,2026-08-21 13:31:05,24.147691,120.645817,1,"3,0",2026-08-21 15:12:29.741980
500607123,YouBike2.0_文心路大墩十一街口(東南側),南屯區,文心路一段/大墩十一街口(東南側),18,13,5,2026-08-21 15:09:04,24.14819,120.64688,1,"13,0",2026-08-21 15:12:29.741980
500607124,YouBike2.0_中和公園,南屯區,中和北一巷2弄17號,20,5,15,2026-08-21 14:18:03,24.11929,120.62734,1,"4,1",2026-08-21 15:12:29.741980
500607125,YouBike2.0_筏子溪門戶迎賓水岸廊道,南屯區,筏子東街一段/東西向快速公路下,15,3,12,2026-08-21 14:26:03,24.119832,120.619429,1,"3,0",2026-08-21 15:12:29.741980
500607126,YouBike2.0_向上五權西路口(北側),南屯區,向上路三段/五權西路二段口(北側),15,5,10,2026-08-21 15:03:03,24.14571,120.63261,1,"5,0",2026-08-21 15:12:29.741980
500607127,YouBike2.0_益豐龍富十五路口,南屯區,益豐路/龍富十五路(東南側),15,5,10,2026-08-21 13:58:04,24.142664,120.62855,1,"5,0",2026-08-21 15:12:29.741980
500607128,YouBike2.0_永順黎明路口,南屯區,永順路/黎明路一段口(西北側),32,6,26,2026-08-21 14:35:03,24.13174,120.63502,1,"6,0",2026-08-21 15:12:29.741980
500607129,YouBike2.0_環中三民西路口(東側),南屯區,環中路五段/三民西路二段口(東側),15,4,11,2026-08-21 14:28:02,24.11964,120.63798,1,"4,0",2026-08-21 15:12:29.741980
500607130,YouBike2.0_樂田公園,南屯區,龍富路二段/龍富三街口,15,4,11,2026-08-21 14:24:16,24.12076,120.6398,1,"3,1",2026-08-21 15:12:29.741980
500607131,YouBike2.0_南屯筏子溪堤頂,南屯區,筏子東街二段/五權西路口(西南側),15,7,8,2026-08-20 18:38:04,24.148979,120.621586,1,"7,0",2026-08-21 15:12:29.741980
500607133,YouBike2.0_寶山東二街忠勇路口,南屯區,寶山東二街/忠勇路口,20,3,17,2026-08-21 14:39:02,24.15265,120.61642,1,"3,0",2026-08-21 15:12:29.741980
500607134,YouBike2.0_永春東三楓樹西街336巷口,南屯區,永春東三路/楓樹西街336巷口,20,2,18,2026-08-21 13:07:02,24.11953,120.63116,1,"2,0",2026-08-21 15:12:29.741980
500607135,YouBike2.0_惠中向上路口,南屯區,惠中路三段/向上路二段口,30,4,26,2026-08-21 15:05:03,24.14651,120.64082,1,"4,0",2026-08-21 15:12:29.741980
500607136,YouBike2.0_文山停車場,南屯區,文山六街/嶺東路口(西南側),30,3,27,2026-08-21 14:59:03,24.14898,120.61171,1,"3,0",2026-08-21 15:12:29.741980
500608001,YouBike2.0_捷運舊社站,北屯區,松竹路一段/敦富路(西北側),25,8,17,2026-08-21 15:11:03,24.18246,120.70738,1,"7,1",2026-08-21 15:12:29.741980
500608002,YouBike2.0_捷運四維國小站,北屯區,文心路四段/ 天津路四段口(西南側),45,19,26,2026-08-21 15:11:03,24.17111,120.69300,1,"19,0",2026-08-21 15:12:29.741980
500608003,YouBike2.0_松榮平面停車場,北屯區,松竹路一段797號旁,15,2,13,2026-08-21 13:30:03,24.18218,120.71756,1,"2,0",2026-08-21 15:12:29.741980
500608004,YouBike2.0_捷運北屯總站,北屯區,敦富東街100號(北側人行道),42,26,16,2026-08-21 15:01:03,24.18912,120.70828,1,"25,1",2026-08-21 15:12:29.741980
500608005,YouBike2.0_景美公園(軍福十八路),北屯區,軍福十八路328號(對側人行道),45,0,45,2026-08-21 14:54:16,24.17816,120.71083,1,"0,0",2026-08-21 15:12:29.741980
500608006,YouBike2.0_北屯兒童公園棒球場,北屯區,文昌東十二街/北屯路291巷口(西南側),20,0,20,2026-07-12 00:01:03,24.16792,120.69507,0,"0,0",2026-08-21 15:12:29.741980
500608007,YouBike2.0_文心昌平路口,北屯區,文心路四段753號東側,21,8,13,2026-08-21 15:11:03,24.17167,120.69070,1,"7,1",2026-08-21 15:12:29.741980
500608009,YouBike2.0_文心崇德路口(西北側),北屯區,文心路四段603號前,12,5,7,2026-08-21 15:09:04,24.17231,120.68512,1,"5,0",2026-08-21 15:12:29.741980
500608010,YouBike2.0_水湳派出所,北屯區,中清路二段299號前,20,7,13,2026-08-21 15:11:03,24.17834,120.66837,1,"7,0",2026-08-21 15:12:29.741980
500608012,YouBike2.0_中國醫藥大學水湳校區,北屯區,大鵬路/信平路口(西北側),20,13,7,2026-08-21 14:48:03,24.17911,120.66178,1,"13,0",2026-08-21 15:12:29.741980
500608013,YouBike2.0_捷運文心崇德站,北屯區,文心路四段528號,20,0,20,2026-07-12 00:01:03,24.17173,120.68526,0,"0,0",2026-08-21 15:12:29.741980
500608014,YouBike2.0_捷運松竹站,北屯區,北屯路443號旁,55,25,30,2026-08-21 15:09:04,24.18109,120.70143,1,"19,6",2026-08-21 15:12:29.741980
500608015,YouBike2.0_清平公園,北屯區,四平路27號旁公園,16,4,12,2026-08-21 15:08:02,24.1780487,120.6701962,1,"4,0",2026-08-21 15:12:29.741980
500608016,YouBike2.0_天津停車場,北屯區,文昌東三街27號(對側人行道),15,3,12,2026-08-21 14:49:04,24.16989,120.68046,1,"3,0",2026-08-21 15:12:29.741980
500608017,YouBike2.0_太原車站,北屯區,東光路710號(對側人行道),98,27,71,2026-08-21 15:11:03,24.16529,120.70004,1,"27,0",2026-08-21 15:12:29.741980
500608018,YouBike2.0_松竹車站,北屯區,松竹路一段1473巷100號旁,80,34,46,2026-08-21 15:06:02,24.18004,120.70179,1,"34,0",2026-08-21 15:12:29.741980
500608019,YouBike2.0_籃球運動中心,北屯區,景賢路/景賢六路口,34,24,10,2026-08-21 15:04:03,24.16634,120.71188,1,"22,2",2026-08-21 15:12:29.741980
500608020,YouBike2.0_九甲公園,北屯區,遼寧路二段/松竹路二段160巷3弄口(西北側),21,1,20,2026-08-21 15:11:18,24.18433,120.69619,1,"1,0",2026-08-21 15:12:29.741980
500608021,YouBike2.0_文心山西路口(東北側),北屯區,文心路四段201號(旁人行道),13,6,7,2026-08-21 15:07:05,24.1735,120.67673,1,"6,0",2026-08-21 15:12:29.741980
500608022,YouBike2.0_仁愛公園,北屯區,平德路18巷33弄18號,30,25,5,2026-08-21 15:09:04,24.18162,120.6738,1,"25,0",2026-08-21 15:12:29.741980
500608023,YouBike2.0_陳平公園,北屯區,陳平路65巷4號(對側人行道),16,1,15,2026-08-21 14:24:03,24.18541,120.66741,1,"1,0",2026-08-21 15:12:29.741980
500608024,YouBike2.0_松勇公園,北屯區,松明街9巷12號,30,2,28,2026-08-21 15:02:02,24.18532,120.70163,1,"2,0",2026-08-21 15:12:29.741980
500608025,YouBike2.0_瀋陽公園,北屯區,瀋陽北路21號,29,3,9,2026-08-21 15:11:03,24.17654,120.6725,1,"3,0",2026-08-21 15:12:29.741980
500608026,YouBike2.0_旱溪西東山路一段146巷口,北屯區,東山路一段146-22號,17,1,16,2026-08-21 15:10:05,24.16903,120.70502,1,"0,1",2026-08-21 15:12:29.741980
500608027,YouBike2.0_民俗公園(大連路),北屯區,大連路二段215號(對側人行道),57,16,40,2026-08-21 15:11:03,24.17555,120.68799,1,"15,1",2026-08-21 15:12:29.741980
500608028,YouBike2.0_臺中地區農會北屯辦事處,北屯區,北屯路104號,13,4,9,2026-08-21 14:19:03,24.16367,120.69363,1,"3,1",2026-08-21 15:12:29.741980
500608029,YouBike2.0_南京東天祥街口,北屯區,南京東路/天祥街口(東北側),20,1,19,2026-08-21 14:58:02,24.16063,120.69911,1,"1,0",2026-08-21 15:12:29.741980
500608030,YouBike2.0_天祥停車場(天祥街13巷),北屯區,天祥街13巷/天祥街口(東北側),41,4,37,2026-08-21 15:07:05,24.16138,120.69467,1,"4,0",2026-08-21 15:12:29.741980
500608031,YouBike2.0_豐田公園(大連路),北屯區,大連路三段203號,45,19,26,2026-08-21 15:07:05,24.17424,120.69641,1,"19,0",2026-08-21 15:12:29.741980
500608032,YouBike2.0_松竹國小(崇德六路),北屯區,崇德六路一段207號(對側人行道),40,8,32,2026-08-21 14:49:04,24.18049,120.69022,1,"8,0",2026-08-21 15:12:29.741980
500608033,YouBike2.0_大買家北屯店,北屯區,北屯路370號,17,3,14,2026-08-21 14:49:04,24.17675,120.69984,1,"3,0",2026-08-21 15:12:29.741980
500608034,YouBike2.0_三光國中(三光北一街),北屯區,三光北一街100號(對側人行道),17,0,17,2026-08-21 15:03:19,24.16808,120.6984,1,"0,0",2026-08-21 15:12:29.741980
500608035,YouBike2.0_天闊民眾活動中心,北屯區,旱溪西路三段258巷/旱溪西路三段口(東北側),17,2,15,2026-08-21 15:10:05,24.17374,120.70745,1,"2,0",2026-08-21 15:12:29.741980
500608036,YouBike2.0_南興公園(南興東路),北屯區,南興東路/南興三路口(東北側),16,2,14,2026-08-21 14:41:03,24.1785,120.7059,1,"2,0",2026-08-21 15:12:29.741980
500608037,YouBike2.0_細廣兼停2停車場,北屯區,松竹路一段/南興園路口(西南側),15,9,6,2026-08-21 14:53:02,24.18208,120.70637,1,"9,0",2026-08-21 15:12:29.741980
500608038,YouBike2.0_軍功公園(松竹路),北屯區,松竹路一段/軍功路二段口(東南側),27,3,24,2026-08-21 13:32:03,24.18195,120.71978,1,"3,0",2026-08-21 15:12:29.741980
500608039,YouBike2.0_建功公園,北屯區,軍和街95巷91-3號旁公園,17,4,13,2026-08-21 14:58:02,24.17705,120.71742,1,"4,0",2026-08-21 15:12:29.741980
500608040,YouBike2.0_建功國小(軍和街),北屯區,軍和街43號,22,4,18,2026-08-21 15:07:05,24.17559,120.71567,1,"4,0",2026-08-21 15:12:29.741980
500608041,YouBike2.0_軍功國小(軍功路),北屯區,軍功路一段513號(對側人行道),38,14,24,2026-08-21 15:10:05,24.1732,120.71902,1,"12,2",2026-08-21 15:12:29.741980
500608042,YouBike2.0_松竹公園(崇德六路),北屯區,崇德六路/崇德五路146巷口(東南側),13,5,8,2026-08-21 14:48:03,24.18005,120.68758,1,"5,0",2026-08-21 15:12:29.741980
500608043,YouBike2.0_三分埔公園(崇德五路),北屯區,崇德五路/河北東街(西北側),39,3,34,2026-08-21 14:52:03,24.17921,120.68482,1,"3,0",2026-08-21 15:12:29.741980
500608044,YouBike2.0_臺中市極限運動場,北屯區,崇德八路一段/崇德路三段口(東南側),16,10,6,2026-08-21 14:38:04,24.18361,120.68643,1,"10,0",2026-08-21 15:12:29.741980
500608045,YouBike2.0_仁和公園(崇德九路),北屯區,崇德九路/崇德路三段口(東南側),21,3,18,2026-08-21 14:51:03,24.18684,120.68651,1,"3,0",2026-08-21 15:12:29.741980
500608046,YouBike2.0_仁和廣福公園,北屯區,四平路238巷388號(南側),14,6,8,2026-08-21 15:03:03,24.19033,120.68324,1,"6,0",2026-08-21 15:12:29.741980
500608047,YouBike2.0_仁美公園(崇德十二路),北屯區,崇德十二路431號(對側人行道),35,6,29,2026-08-21 14:43:02,24.19045,120.68567,1,"6,0",2026-08-21 15:12:29.741980
500608048,YouBike2.0_仁德停車場,北屯區,崇德十二路436號(對側人行道),17,8,9,2026-08-21 14:12:04,24.19043,120.68835,1,"7,1",2026-08-21 15:12:29.741980
500608049,YouBike2.0_823紀念公園(崇德九路),北屯區,崇德九路303號(對側人行道),12,7,5,2026-08-21 14:52:03,24.18691,120.68951,1,"7,0",2026-08-21 15:12:29.741980
500608050,YouBike2.0_文心崇德路口,北屯區,文心路四段/崇德路二段口(東南側),42,24,18,2026-08-21 15:06:02,24.17192,120.68567,1,"23,1",2026-08-21 15:12:29.741980
500608051,YouBike2.0_三甲公園(旱溪東路),北屯區,旱溪東路三段/景賢南一路口,45,12,33,2026-08-21 14:27:04,24.16629,120.70655,1,"12,0",2026-08-21 15:12:29.741980
500608052,YouBike2.0_新興國小(新興路7巷),北屯區,新興路20號(對側停車場),27,6,21,2026-08-21 14:48:03,24.19454,120.66211,1,"6,0",2026-08-21 15:12:29.741980
500608053,YouBike2.0_同順公園,北屯區,同榮路86號(對側人行道),13,8,5,2026-08-21 14:56:02,24.194,120.66082,1,"8,0",2026-08-21 15:12:29.741980
500608054,YouBike2.0_仁和公園(山西路),北屯區,山西路三段/崇德路三段口(東北側),18,2,16,2026-08-21 14:31:03,24.18557,120.68665,1,"1,1",2026-08-21 15:12:29.741980
500608056,YouBike2.0_四平公園,北屯區,后庄路1046巷/后庄路1068巷口(西北側),20,5,15,2026-08-21 14:46:03,24.19207,120.68019,1,"5,0",2026-08-21 15:12:29.741980
500608057,YouBike2.0_雷虎公園,北屯區,雷中街19巷34弄37號(對側公園),12,6,6,2026-08-21 14:58:02,24.18231,120.66735,1,"6,0",2026-08-21 15:12:29.741980
500608058,YouBike2.0_敦化公園(后庄七街),北屯區,后庄七街76號(對側人行道),40,5,35,2026-08-21 15:07:05,24.18865,120.66702,1,"5,0",2026-08-21 15:12:29.741980
500608059,YouBike2.0_中清經貿五路口,北屯區,中清路二段/經貿五路口(西南側),20,4,16,2026-08-21 15:01:03,24.191267,120.660662,1,"4,0",2026-08-21 15:12:29.741980
500608060,YouBike2.0_老樹公園(經貿一路),北屯區,經貿一路/順平路(西側),36,15,21,2026-08-21 14:36:02,24.182571,120.662381,1,"15,0",2026-08-21 15:12:29.741980
500608061,YouBike2.0_軍福公園(軍福十九路),北屯區,軍福十九路/松竹三路口(西南側),28,5,23,2026-08-21 15:01:03,24.18006,120.71534,1,"3,2",2026-08-21 15:12:29.741980
500608062,YouBike2.0_洲際棒球場(環中路),北屯區,環中路一段980號(對側人行道),45,6,39,2026-08-21 13:38:02,24.20077,120.68406,1,"6,0",2026-08-21 15:12:29.741980
500608063,YouBike2.0_洲際棒球場(崇德十九路),北屯區,崇德十九路/四平路口(東南側),35,6,29,2026-08-21 14:43:02,24.19795,120.68357,1,"6,0",2026-08-21 15:12:29.741980
500608064,YouBike2.0_崇德十四平路口,北屯區,崇德十路二段/四平路口(南側),15,6,9,2026-08-21 14:55:03,24.1888,120.68022,1,"6,0",2026-08-21 15:12:29.741980
500608065,YouBike2.0_后庄公園,北屯區,后庄三街 205 巷/庄美街(東南側),15,3,12,2026-08-21 14:50:04,24.19141,120.66219,1,"3,0",2026-08-21 15:12:29.741980
500608066,YouBike2.0_生態淨水體驗公園,北屯區,敦富路/南興北三路口(東側),13,3,10,2026-08-21 14:37:16,24.19735,120.70763,1,"3,0",2026-08-21 15:12:29.741980
500608067,YouBike2.0_綠空廊道(東山路),北屯區,東山路一段50之3號旁,15,0,15,2026-08-21 15:09:58,24.17002,120.70049,1,"0,0",2026-08-21 15:12:29.741980
500608068,YouBike2.0_大德公園,北屯區,平德路/平德路1巷口(西北側),24,5,19,2026-08-21 14:41:03,24.18161,120.67207,1,"4,1",2026-08-21 15:12:29.741980
500608069,YouBike2.0_蓬勃運動中心,北屯區,山西路二段/安順北一街口(西北側),30,5,25,2026-08-21 15:06:02,24.1764,120.67659,1,"5,0",2026-08-21 15:12:29.741980
500608070,YouBike2.0_北屯國小,北屯區,國校巷/北興街口(東北側),26,11,15,2026-08-21 15:11:03,24.16416,120.69081,1,"11,0",2026-08-21 15:12:29.741980
500608071,YouBike2.0_北屯兒童公園,北屯區,北平路四段/興安路一段口(東南側),30,16,14,2026-08-21 15:02:02,24.17018,120.69426,1,"16,0",2026-08-21 15:12:29.741980
500608072,YouBike2.0_北屯區文昌國小,北屯區,興安路一段/青島路四段口(東北側),30,6,24,2026-08-21 14:41:03,24.16712,120.69152,1,"5,1",2026-08-21 15:12:29.741980
500608073,YouBike2.0_三光太原路口,北屯區,三光巷/太原路三段口(東南側),28,9,19,2026-08-21 15:01:03,24.16474,120.6967,1,"9,0",2026-08-21 15:12:29.741980
500608074,YouBike2.0_東光國小,北屯區,東山路一段91巷/東山路一段123巷31弄口(西北側),24,0,23,2026-08-21 14:38:42,24.17178,120.70236,1,"0,0",2026-08-21 15:12:29.741980
500608075,YouBike2.0_北屯區公所,北屯區,崇德路三段10號,28,6,22,2026-08-21 14:41:03,24.18299,120.68631,1,"4,2",2026-08-21 15:12:29.741980
500608076,YouBike2.0_四張犁農村公園,北屯區,四平路/豐樂路二段口(北側),30,1,29,2026-08-21 14:10:02,24.19446,120.68216,1,"1,0",2026-08-21 15:12:29.741980
500608077,YouBike2.0_四張犁圖書館,北屯區,豐樂路二段/豐樂一街口(西北側),30,4,25,2026-08-21 14:50:04,24.1947,120.68049,1,"4,0",2026-08-21 15:12:29.741980
500608078,YouBike2.0_新都生態公園,北屯區,軍福十五路20號(對側人行道),28,2,26,2026-08-21 10:21:03,24.1738,120.73008,1,"2,0",2026-08-21 15:12:29.741980
500608079,YouBike2.0_舊社公園,北屯區,松竹路二段/北屯路口(西側),39,2,37,2026-08-21 14:37:02,24.18206,120.7014,1,"2,0",2026-08-21 15:12:29.741980
500608080,YouBike2.0_太原停車場,北屯區,太原路三段/建和路一段路口(西側),28,11,17,2026-08-21 15:10:05,24.16264,120.72146,1,"11,0",2026-08-21 15:12:29.741980
500608081,YouBike2.0_和福公園,北屯區,軍福十路/和福路口(西北側),30,1,29,2026-08-21 15:10:05,24.17032,120.72337,1,"0,1",2026-08-21 15:12:29.741980
500608082,YouBike2.0_經補庫停車場,北屯區,東山路一段381-42號對面,28,3,25,2026-08-21 14:15:04,24.176861,120.732743,1,"3,0",2026-08-21 15:12:29.741980
500608083,YouBike2.0_一德公園,北屯區,昌平路一段21巷/昌平路一段21巷4弄口(西南側),14,6,8,2026-08-21 15:10:05,24.166088,120.693634,1,"6,0",2026-08-21 15:12:29.741980
500608084,YouBike2.0_永和巷公園,北屯區,山西路二段/永和巷口(西北側),17,1,16,2026-08-21 14:45:03,24.177555,120.676693,1,"1,0",2026-08-21 15:12:29.741980
500608085,YouBike2.0_水湳生態公園,北屯區,安順東二街/崇德二路二段口(西北側),10,1,9,2026-08-21 15:11:03,24.1788662,120.6791003,1,"1,0",2026-08-21 15:12:29.741980
500608086,YouBike2.0_仁和福德公園,北屯區,榮德路/仁平街口(東南側),11,2,9,2026-08-21 14:06:02,24.182242,120.678732,1,"2,0",2026-08-21 15:12:29.741980
500608087,YouBike2.0_和順公園,北屯區,軍和街/和順路458巷口(西北側),13,3,10,2026-08-21 15:10:05,24.177865,120.723157,1,"2,1",2026-08-21 15:12:29.741980
500608088,YouBike2.0_文心國小,北屯區,綏遠路二段/文心路四段口(東南側),34,9,25,2026-08-21 15:06:02,24.1732,120.68178,1,"9,0",2026-08-21 15:12:29.741980
500608089,YouBike2.0_廍興公園,北屯區,樹孝路/太順路口(西北側),28,4,24,2026-08-21 14:27:04,24.15934,120.72069,1,"4,0",2026-08-21 15:12:29.741980
500608090,YouBike2.0_823紀念公園,北屯區,崇德九路/昌平東二路口(東北側),36,1,35,2026-08-21 15:06:17,24.18695,120.68786,1,"1,0",2026-08-21 15:12:29.741980
500608091,YouBike2.0_祥和公園,北屯區,軍福七路/建和路一段口(西南側),28,0,28,2026-08-21 15:03:19,24.16547,120.72322,1,"0,0",2026-08-21 15:12:29.741980
500608092,YouBike2.0_北新國中,北屯區,遼寧路一段/僑孝街110巷口(東北側),30,4,26,2026-08-21 15:11:03,24.17888,120.69668,1,"4,0",2026-08-21 15:12:29.741980
500608093,YouBike2.0_潮春公園,北屯區,崇德十六路/環美路口(南側),16,2,14,2026-08-21 14:53:02,24.19486,120.6883,1,"2,0",2026-08-21 15:12:29.741980
500608094,YouBike2.0_陸光公園,北屯區,豐樂路三巷/豐樂路口(東北側),15,2,13,2026-08-21 14:56:02,24.19379,120.68376,1,"2,0",2026-08-21 15:12:29.741980
500608095,YouBike2.0_中臺科技大學(東北側),北屯區,廍子路666號前,20,4,15,2026-08-21 12:35:03,24.17539,120.73614,1,"4,0",2026-08-21 15:12:29.741980
500608096,YouBike2.0_太原六號橋,北屯區,太原路三段/祥順東路一段口(西北側),20,8,12,2026-08-21 14:46:03,24.16108,120.72849,1,"8,0",2026-08-21 15:12:29.741980
500608097,YouBike2.0_昌盛公園,北屯區,太和三街/太和路二段口(東南側),18,0,18,2026-08-21 14:33:18,24.16399,120.72538,1,"0,0",2026-08-21 15:12:29.741980
500608098,YouBike2.0_廍子公園,北屯區,景賢路/太祥路口(東北側),20,1,19,2026-08-21 14:28:02,24.16678,120.73107,1,"1,0",2026-08-21 15:12:29.741980
500608099,YouBike2.0_明道普霖斯頓小學,北屯區,崇德二路二段/河北東街口(西南側),10,4,6,2026-08-21 14:47:04,24.177502,120.684839,1,"3,1",2026-08-21 15:12:29.741980
500608100,YouBike2.0_南興敦富七街口,北屯區,南興路/敦富七街口(東北側),20,4,16,2026-08-21 14:56:02,24.18937,120.70524,1,"2,2",2026-08-21 15:12:29.741980
500608101,YouBike2.0_綠空廊道(北屯路471巷),北屯區,北屯路471巷/北屯路口(東北側),15,1,14,2026-08-21 14:34:17,24.18452,120.70253,1,"1,0",2026-08-21 15:12:29.741980
500608102,YouBike2.0_綠空廊道(三光北一街),北屯區,南京東路三段/三光北一街口(東北側),38,1,37,2026-08-21 14:57:18,24.16761,120.70001,1,"1,0",2026-08-21 15:12:29.741980
500608103,YouBike2.0_中臺科技大學(西南側),北屯區,廍子路435號旁,16,2,14,2026-08-21 13:51:02,24.17469,120.73512,1,"2,0",2026-08-21 15:12:29.741980
500608104,YouBike2.0_環中東東山路口,北屯區,環中東路二段/東山路一段口(東南側),12,6,6,2026-08-21 14:31:03,24.1757,120.72107,1,"6,0",2026-08-21 15:12:29.741980
500608105,YouBike2.0_和祥公園,北屯區,祥順路二段/軍福九路口(西北側),15,0,15,2026-08-21 14:03:17,24.16984,120.72744,1,"0,0",2026-08-21 15:12:29.741980
500608106,YouBike2.0_臺中市網球中心,北屯區,祥順二路/太祥路口(西北側),15,2,13,2026-08-21 10:01:03,24.16453,120.73003,1,"2,0",2026-08-21 15:12:29.741980
500608107,YouBike2.0_景福公園,北屯區,東山路一段220巷/軍福十一路口(東北側),12,4,8,2026-08-21 14:52:03,24.17177,120.71596,1,"4,0",2026-08-21 15:12:29.741980
500608108,YouBike2.0_敦富敦富十街口,北屯區,敦富路/敦富十街口(西側),16,6,10,2026-08-21 14:23:03,24.19374,120.70695,1,"5,1",2026-08-21 15:12:29.741980
500608109,YouBike2.0_南興南興北一路口,北屯區,南興路/南興北一路口(東北側),12,3,9,2026-08-21 14:51:03,24.18651,120.70453,1,"3,0",2026-08-21 15:12:29.741980
500608110,YouBike2.0_旅順公園,北屯區,旅順路二段/柳陽西街(西南側),21,9,12,2026-08-21 15:05:03,24.17369,120.69222,1,"9,0",2026-08-21 15:12:29.741980
500608111,YouBike2.0_東新公園,北屯區,梅川東路四段/旅順路一段(東北側),15,2,13,2026-08-21 15:11:03,24.17515,120.68034,1,"2,0",2026-08-21 15:12:29.741980
500608112,YouBike2.0_新平公園,北屯區,中平路876號(對側人行道)(西南側),15,4,11,2026-08-21 15:07:05,24.18666,120.66249,1,"4,0",2026-08-21 15:12:29.741980
500608113,YouBike2.0_祥順太順路口,北屯區,祥順路一段/太順路口(西南側),10,1,9,2026-08-21 12:49:16,24.15871,120.72753,1,"1,0",2026-08-21 15:12:29.741980
500608114,YouBike2.0_自然感官公園,北屯區,南興路925號(東北側),30,4,26,2026-08-21 13:36:30,24.19383,120.70611,1,"4,0",2026-08-21 15:12:29.741980
500608115,YouBike2.0_同榮公園,北屯區,同榮路318巷16號(對側人行道),19,5,14,2026-08-21 15:07:05,24.19746,120.66303,1,"5,0",2026-08-21 15:12:29.741980
500608116,YouBike2.0_太順太順三街口,北屯區,太順路/太順三街口(西南側),16,3,13,2026-08-21 10:45:04,24.15851,120.72393,1,"1,2",2026-08-21 15:12:29.741980
500608117,YouBike2.0_四張犁國中,北屯區,后庄路/崇德十路二段(北側),16,6,9,2026-08-21 15:00:05,24.19351,120.67634,1,"6,0",2026-08-21 15:12:29.741980
500608119,YouBike2.0_信平順平二街口,北屯區,信平路/順平二街口(東南側),43,25,18,2026-08-21 15:00:05,24.178761,120.662056,1,"24,1",2026-08-21 15:12:29.741980
500608120,YouBike2.0_生態室外教育公園,北屯區,南興北三路/南興路口(西北側),20,2,18,2026-08-21 13:23:04,24.1976,120.70597,1,"2,0",2026-08-21 15:12:29.741980
500608121,YouBike2.0_廣兼停8停車場,北屯區,松竹五路一段/南興東路(西南側),20,2,18,2026-08-21 15:11:03,24.17445,120.70548,1,"2,0",2026-08-21 15:12:29.741980
500608122,YouBike2.0_環中東太原路口,北屯區,環中東路三段/太原路三段口(東側),18,3,15,2026-08-21 14:38:04,24.16334,120.71974,1,"3,0",2026-08-21 15:12:29.741980
500608123,YouBike2.0_原住民主題公園,北屯區,景賢二路292號(對側人行道),16,6,10,2026-08-21 14:11:03,24.1675,120.71653,1,"6,0",2026-08-21 15:12:29.741980
500608124,YouBike2.0_景賢公園,北屯區,景和街39號旁,15,4,11,2026-08-21 13:38:02,24.16824,120.71282,1,"4,0",2026-08-21 15:12:29.741980
500608125,YouBike2.0_南興停車場,北屯區,軍福十九路/長順街口(南側),18,1,17,2026-08-21 14:51:17,24.18,120.70891,1,"1,0",2026-08-21 15:12:29.741980
500608126,YouBike2.0_松竹五水景街口,北屯區,松竹五路二段22號前,16,6,10,2026-08-21 15:07:05,24.1748,120.71108,1,"6,0",2026-08-21 15:12:29.741980
500608127,YouBike2.0_祥順太順路口(東側),北屯區,祥順路一段/太順路口(東側),16,5,11,2026-08-21 14:16:03,24.159534,120.727877,1,"5,0",2026-08-21 15:12:29.741980
500608128,YouBike2.0_廍子國小,北屯區,景賢路290號前,19,7,12,2026-08-21 14:56:02,24.166999,120.722141,1,"7,0",2026-08-21 15:12:29.741980
500608129,YouBike2.0_水景公園,北屯區,東山路一段207巷38弄9號(對側公園),15,2,13,2026-08-21 14:57:02,24.174257,120.712712,1,"2,0",2026-08-21 15:12:29.741980
500608130,YouBike2.0_松竹里守望相助隊,北屯區,松竹路二段/昌平路二段口(西側),15,2,13,2026-08-21 15:07:05,24.182072,120.68764,1,"1,1",2026-08-21 15:12:29.741980
500608131,YouBike2.0_松竹北一街松竹路三段口,北屯區,松竹路三段８號前,14,3,11,2026-08-21 11:51:03,24.181883,120.683266,1,"3,0",2026-08-21 15:12:29.741980
500608132,YouBike2.0_建和東山路口,北屯區,建和路二段301號(對側人行道),13,5,8,2026-08-21 15:05:03,24.17599,120.72473,1,"5,0",2026-08-21 15:12:29.741980
500608133,YouBike2.0_新都生態公園(和祥五街),北屯區,和祥五街188號(對側人行道),15,3,12,2026-08-21 06:13:02,24.17317,120.72707,1,"3,0",2026-08-21 15:12:29.741980
500608134,YouBike2.0_博愛公園,北屯區,祥順二路/廍子路口(西北側),13,5,7,2026-08-21 13:08:04,24.16444,120.7331,1,"5,0",2026-08-21 15:12:29.741980
500608135,YouBike2.0_祥順軍福七路口,北屯區,祥順路二段/軍福七路口(東北側),15,6,9,2026-08-21 12:31:02,24.16542,120.72747,1,"6,0",2026-08-21 15:12:29.741980
500608136,YouBike2.0_三光停車場,北屯區,北屯路222之2號(對側人行道),17,2,15,2026-08-21 14:59:03,24.168523,120.696344,1,"2,0",2026-08-21 15:12:29.741980
500608137,YouBike2.0_崇德八路梅川東路口,北屯區,崇德八路一段/梅川東路五段口(東北側),13,4,9,2026-08-21 13:58:04,24.18374,120.68239,1,"4,0",2026-08-21 15:12:29.741980
500608140,YouBike2.0_水湳公園,北屯區,麻園西街/大連路一段口,17,1,16,2026-08-21 14:54:02,24.17683,120.67597,1,"0,1",2026-08-21 15:12:29.741980
500608141,YouBike2.0_文心熱河路口,北屯區,文心路四段679號旁,21,12,9,2026-08-21 14:46:03,24.17196,120.68812,1,"11,1",2026-08-21 15:12:29.741980
500608142,YouBike2.0_崇德公園,北屯區,文昌東五街/天津路三段口(西南側),10,1,9,2026-08-21 15:08:02,24.169477,120.68402,1,"1,0",2026-08-21 15:12:29.741980
500608143,YouBike2.0_崇德青島路口(東南側),北屯區,崇德路一段/青島路四段口(東南側),8,1,7,2026-08-21 15:11:18,24.16828,120.68534,1,"1,0",2026-08-21 15:12:29.741980
500608144,YouBike2.0_崇德北平路口(西南側),北屯區,崇德路二段/北平路三段口(西南側),21,2,19,2026-08-21 15:11:03,24.170702,120.685231,1,"2,0",2026-08-21 15:12:29.741980
500608145,YouBike2.0_舊社公園(北屯路439-17巷),北屯區,北屯路439-17巷/松竹路二段67巷59弄口,12,0,12,2026-08-21 15:07:19,24.18091,120.69929,1,"0,0",2026-08-21 15:12:29.741980
500608146,YouBike2.0_二分埔生態公園(山西路),北屯區,山西路二段/大連路一段口(東北側),13,1,12,2026-08-21 13:00:23,24.1773,120.67696,1,"1,0",2026-08-21 15:12:29.741980
500608147,YouBike2.0_太順太和路口,北屯區,太順路112號,9,4,5,2026-08-21 14:11:03,24.158606,120.724701,1,"4,0",2026-08-21 15:12:29.741980
500608148,YouBike2.0_環中東軍福十八路口,北屯區,環中東路二段/軍福十八路口(西北側),15,7,8,2026-08-21 14:20:05,24.17833,120.72099,1,"7,0",2026-08-21 15:12:29.741980
500608149,YouBike2.0_軍福公園(軍福十八路),北屯區,軍福十八路/軍榮五街口(東北側),20,5,15,2026-08-21 14:44:03,24.17826,120.715,1,"5,0",2026-08-21 15:12:29.741980
500608150,YouBike2.0_東山路中興巷口,北屯區,東山路二段51-11號(對側),26,10,16,2026-08-21 14:57:02,24.17997,120.74118,1,"10,0",2026-08-21 15:12:29.741980
500608151,YouBike2.0_東山機車停車場,北屯區,東山路一段384巷/經補路口(東南側),11,10,1,2026-08-21 14:23:16,24.17668,120.73371,1,"10,0",2026-08-21 15:12:29.741980
500608152,YouBike2.0_豐樂路停車場,北屯區,豐樂路26巷/豐美二街口(東北側),13,2,11,2026-08-21 14:46:03,24.194382,120.689923,1,"2,0",2026-08-21 15:12:29.741980
500608153,YouBike2.0_環中豐樂路口(東南側),北屯區,環中路一段421號前,13,4,9,2026-08-21 14:39:02,24.200839,120.694197,1,"4,0",2026-08-21 15:12:29.741980
500608154,YouBike2.0_太原廍子路口(東南側),北屯區,太原路三段/廍子路口(東南側),10,4,6,2026-08-21 15:08:02,24.16091,120.73343,1,"4,0",2026-08-21 15:12:29.741980
500608155,YouBike2.0_太和六街建和路口,北屯區,太和六街/建和路二段口(西南側),15,3,12,2026-08-21 15:07:05,24.16749,120.72442,1,"3,0",2026-08-21 15:12:29.741980
500608156,YouBike2.0_三光童玩公園,北屯區,九龍東街/北屯路200巷口(西南側),18,3,15,2026-08-21 14:53:02,24.16651,120.69636,1,"3,0",2026-08-21 15:12:29.741980
500608157,YouBike2.0_水景玫瑰公園,北屯區,東山路一段147巷122號對側,20,3,17,2026-08-21 15:10:05,24.1722,120.70754,1,"3,0",2026-08-21 15:12:29.741980
500608158,YouBike2.0_兒45綠地,北屯區,平德路/平德路122巷口(東南側),15,8,7,2026-08-21 14:19:03,24.18484,120.67038,1,"8,0",2026-08-21 15:12:29.741980
500608159,YouBike2.0_文心北屯路口(西北側),北屯區,文心路四段/北屯路口(西北側),20,13,7,2026-08-21 14:58:02,24.17061,120.69769,1,"13,0",2026-08-21 15:12:29.741980
500608160,YouBike2.0_麻園東瀋陽路口,北屯區,麻園東街/瀋陽路一段口(東北側),20,3,11,2026-08-21 14:54:02,24.17498,120.67449,1,"3,0",2026-08-21 15:12:29.741980
500608161,YouBike2.0_太原足球場,北屯區,建和路一段/建軍一街口(西南側),17,3,14,2026-08-21 12:55:03,24.16093,120.72033,1,"3,0",2026-08-21 15:12:29.741980
500608163,YouBike2.0_敦富六街南興路口,北屯區,敦富六街/南興路口(西側),14,4,10,2026-08-21 14:48:03,24.187816,120.704201,1,"4,0",2026-08-21 15:12:29.741980
500608164,YouBike2.0_北屯南興北一路口(東北側),北屯區,北屯路/南興北一路口(東北側),16,2,14,2026-08-21 15:04:04,24.18664,120.70262,1,"2,0",2026-08-21 15:12:29.741980
500608165,YouBike2.0_北屯南興北一路口(東南側),北屯區,北屯路/南興北一路口(東南側),17,1,16,2026-08-21 15:08:16,24.18631,120.70261,1,"1,0",2026-08-21 15:12:29.741980
500608166,YouBike2.0_敦富一街敦富路口(西南側),北屯區,敦富一街/敦富路口(西南側),18,2,16,2026-08-21 15:00:05,24.18378,120.70697,1,"2,0",2026-08-21 15:12:29.741980
500608167,YouBike2.0_建和軍福十一路口,北屯區,建和路二段108號前,12,0,12,2026-08-21 13:43:18,24.17019,120.72462,1,"0,0",2026-08-21 15:12:29.741980
500608168,YouBike2.0_823紀念公園(崇德十路),北屯區,崇德十路一段/昌平東三路口(南側),17,1,16,2026-08-21 14:30:04,24.188158,120.68911,1,"1,0",2026-08-21 15:12:29.741980
500608169,YouBike2.0_松竹旱溪東路口(西南側),北屯區,松竹路一段/旱溪東路三段口(西南側),15,8,7,2026-08-21 15:08:03,24.18217,120.71168,1,"8,0",2026-08-21 15:12:29.741980
500608170,YouBike2.0_公園2-3,北屯區,長生巷/陸光四巷(東北側),16,2,14,2026-08-21 13:29:02,24.19632,120.68503,1,"2,0",2026-08-21 15:12:29.741980
500608171,YouBike2.0_補鼎仔公園,北屯區,南興北二路/旱溪西路四段口(西北側),21,0,21,2026-08-21 14:56:17,24.192708,120.710439,1,"0,0",2026-08-21 15:12:29.741980
500608172,YouBike2.0_旱溪西南興二路口(東側),北屯區,旱溪西路三段/南興二路口(東側),15,9,6,2026-08-21 15:06:03,24.17607,120.70968,1,"9,0",2026-08-21 15:12:29.741980
500608173,YouBike2.0_南興二南興路口(東南側),北屯區,南興二路/南興路口(東南側),30,3,27,2026-08-21 14:23:03,24.17592,120.70432,1,"3,0",2026-08-21 15:12:29.741980
500608174,YouBike2.0_景福公園(景賢二路),北屯區,景賢二路/軍福十三路口(西南側),15,1,14,2026-08-21 15:09:04,24.17223,120.71728,1,"1,0",2026-08-21 15:12:29.741980
500608175,YouBike2.0_松竹五路軍榮五街口,北屯區,松竹五路二段130號(西北側),15,0,15,2026-08-21 13:43:18,24.17625,120.712933,1,"0,0",2026-08-21 15:12:29.741980
500608176,YouBike2.0_勝麗方程市,北屯區,敦富路886號前人行道,21,2,19,2026-08-21 13:49:04,24.19673,120.7075,1,"1,1",2026-08-21 15:12:29.741980
500608177,YouBike2.0_平安公園,北屯區,柳陽西街/天津路四段口(西南側),15,4,11,2026-08-21 15:09:04,24.16864,120.68909,1,"4,0",2026-08-21 15:12:29.741980
500608178,YouBike2.0_南興南興北二路口(西南側),北屯區,南興路/南興北二路口(西南側),25,4,21,2026-08-21 14:52:03,24.19241,120.70568,1,"4,0",2026-08-21 15:12:29.741980
500608179,YouBike2.0_北屯松竹路口(東南側),北屯區,北屯路/松竹路一段口(東南側),29,11,18,2026-08-21 15:11:03,24.18154,120.70193,1,"11,0",2026-08-21 15:12:29.741980
500608180,YouBike2.0_北新國中(僑孝街),北屯區,僑孝街63號(西北側),25,1,24,2026-08-21 14:56:17,24.1791,120.69865,1,"1,0",2026-08-21 15:12:29.741980
500608181,YouBike2.0_軍福十三廍子路口,北屯區,廍子路351號(南側),12,8,4,2026-08-21 14:24:03,24.170235,120.733231,1,"8,0",2026-08-21 15:12:29.741980
500608182,YouBike2.0_北屯旅順路口,北屯區,北屯路/旅順路二段口(西北側),17,7,10,2026-08-21 14:52:03,24.17298,120.69819,1,"7,0",2026-08-21 15:12:29.741980
500608183,YouBike2.0_后庄路洲際五街口,北屯區,后庄路/洲際五街口(東側),20,2,18,2026-08-21 14:14:03,24.19318,120.6724,1,"2,0",2026-08-21 15:12:29.741980
500608185,YouBike2.0_榮德榮德一路口,北屯區,榮德路/榮德一路口,17,7,10,2026-08-21 14:00:04,24.18615,120.67388,1,"7,0",2026-08-21 15:12:29.741980
500608186,YouBike2.0_太和太順路口,北屯區,太順路103號,16,1,15,2026-08-21 12:58:17,24.15847,120.72486,1,"1,0",2026-08-21 15:12:29.741980
500608187,YouBike2.0_和福停車場,北屯區,和福路175號,34,5,29,2026-08-21 15:07:05,24.17333,120.72358,1,"5,0",2026-08-21 15:12:29.741980
500608189,YouBike2.0_崇德國中(河北路),北屯區,河北路二段/旅順路一段口(東北側),21,4,17,2026-08-21 14:50:04,24.17491,120.68369,1,"4,0",2026-08-21 15:12:29.741980
500608191,YouBike2.0_南興路敦富二街口,北屯區,南興路/敦富二街口,35,2,33,2026-08-21 14:55:03,24.18446,120.7043,1,"1,1",2026-08-21 15:12:29.741980
500608192,YouBike2.0_松竹敦化路口,北屯區,敦化路一段227號,27,4,23,2026-08-21 12:46:03,24.19017,120.67328,1,"4,0",2026-08-21 15:12:29.741980
500608193,YouBike2.0_柳陽西街崇德二路一段口,北屯區,柳陽西街118號對側,24,0,24,2026-08-21 15:09:58,24.17664,120.69365,1,"0,0",2026-08-21 15:12:29.741980
500608194,YouBike2.0_仁美里(環中路),北屯區,環中路一段416號,15,3,12,2026-08-21 14:20:05,24.20135,120.69547,1,"3,0",2026-08-21 15:12:29.741980
500608195,YouBike2.0_太原太和路口,北屯區,太原路三段1190號,23,5,18,2026-08-21 13:29:02,24.16133,120.72522,1,"5,0",2026-08-21 15:12:29.741980
500608196,YouBike2.0_山西昌平東七路口,北屯區,山西路三段/昌平東七路口,22,2,20,2026-08-21 14:38:04,24.18541,120.69385,1,"2,0",2026-08-21 15:12:29.741980
500608197,YouBike2.0_東山竹坑巷口,北屯區,東山路二段151之2號,18,6,12,2026-08-21 14:39:02,24.19904,120.76409,1,"6,0",2026-08-21 15:12:29.741980
500608199,YouBike2.0_興安興安路二段142巷口,北屯區,興安路二段/興安路二段142巷口,25,2,23,2026-08-21 14:42:03,24.17749,120.69490,1,"2,0",2026-08-21 15:12:29.741980
500608200,YouBike2.0_葳格高中,北屯區,軍福十九路329號,26,2,24,2026-08-21 14:08:03,24.18005,120.71279,1,"1,1",2026-08-21 15:12:29.741980
500608202,YouBike2.0_松竹敦富路口,北屯區,松竹路一段/敦富路口,46,17,29,2026-08-21 15:10:05,24.18247,120.70793,1,"16,1",2026-08-21 15:12:29.741980
500608203,YouBike2.0_昌平五街昌平東六路口,北屯區,昌平五街/昌平東六路口,36,3,33,2026-08-21 14:57:02,24.19161,120.69069,1,"2,1",2026-08-21 15:12:29.741980
500608204,YouBike2.0_東山風雨籃球場,北屯區,景賢路458號,77,11,61,2026-08-21 14:55:03,24.16719,120.71081,1,"11,0",2026-08-21 15:12:29.741980
500608205,YouBike2.0_旱溪西南興一路口,北屯區,旱溪西路三段189號對側,51,2,49,2026-08-21 14:05:04,24.17197,120.70498,1,"2,0",2026-08-21 15:12:29.741980
500608206,YouBike2.0_旱溪西松竹五路口,北屯區,旱溪西路三段/松竹五路一段口,24,2,22,2026-08-21 14:10:02,24.17398,120.70936,1,"2,0",2026-08-21 15:12:29.741980
500608207,YouBike2.0_梅川東崇德六路口,北屯區,梅川東路五段/崇德六路口,23,2,21,2026-08-21 14:23:03,24.18011,120.6818,1,"2,0",2026-08-21 15:12:29.741980
500608208,YouBike2.0_安順東二街崇德六路口,北屯區,安順東二街/崇德六路口,20,1,19,2026-08-21 14:53:02,24.18063,120.67922,1,"1,0",2026-08-21 15:12:29.741980
500608209,YouBike2.0_崇德十九崇德路口,北屯區,崇德十九路/崇德路三段口,30,11,19,2026-08-21 15:09:04,24.19776,120.68619,1,"10,1",2026-08-21 15:12:29.741980
500608210,YouBike2.0_庄美街后庄北路口,北屯區,后庄北路209號,28,2,25,2026-08-21 14:14:03,24.19218,120.66667,1,"2,0",2026-08-21 15:12:29.741980
500608211,YouBike2.0_廍子國中(建和路),北屯區,建和路二段99號對側,32,3,29,2026-08-21 15:08:16,24.16919,120.72459,1,"3,0",2026-08-21 15:12:29.741980
500608212,YouBike2.0_敦富十二街南興路口,北屯區,敦富十二街/南興路口,27,5,22,2026-08-21 15:09:04,24.19520,120.70505,1,"5,0",2026-08-21 15:12:29.741980
500608214,YouBike2.0_仲信金鬱金香酒店,北屯區,后庄路306號,18,8,10,2026-08-21 12:39:03,24.19122,120.66721,1,"8,0",2026-08-21 15:12:29.741980
500608215,YouBike2.0_臺中市立圖書館溪東分館,北屯區,軍福九路499號,27,1,26,2026-08-21 15:06:03,24.16967,120.72211,1,"1,0",2026-08-21 15:12:29.741980
500608216,YouBike2.0_北屯崇德二路口,北屯區,北屯路433號前,20,7,13,2026-08-21 14:22:04,24.17678,120.69949,1,"7,0",2026-08-21 15:12:29.741980
500608217,YouBike2.0_昌平東八崇德九路口,北屯區,昌平東八路/崇德九路口,26,3,23,2026-08-21 14:07:02,24.18711,120.69657,1,"3,0",2026-08-21 15:12:29.741980
500608218,YouBike2.0_北屯國民暨兒童運動中心,北屯區,崇德八路一段206號(對側人行道),30,2,28,2026-08-21 15:00:05,24.18357,120.68578,1,"2,0",2026-08-21 15:12:29.741980
500608221,YouBike2.0_南興國中,北屯區,南興東路/南興三路口,43,5,38,2026-08-21 14:55:03,24.17784,120.70588,1,"5,0",2026-08-21 15:12:29.741980
500609001,YouBike2.0_豐原車站(豐勢路東側出口),豐原區,東仁街/明仁街口(西南側),55,15,40,2026-08-21 15:06:02,24.25528,120.72429,1,"15,0",2026-08-21 15:12:29.741980
500609002,YouBike2.0_豐陽國中,豐原區,富陽路/富陽路119巷口(西北側),15,3,12,2026-08-21 15:00:05,24.26221,120.74569,1,"3,0",2026-08-21 15:12:29.741980
500609003,YouBike2.0_豐村國小,豐原區,水源路341號,15,5,10,2026-08-21 14:43:02,24.25549,120.73601,1,"5,0",2026-08-21 15:12:29.741980
500609004,YouBike2.0_豐原監理站,豐原區,豐東街118巷/中陽街316巷口(南側),30,0,30,2026-08-21 15:00:23,24.24751,120.73032,1,"0,0",2026-08-21 15:12:29.741980
500609005,YouBike2.0_豐原高商,豐原區,圓環南路1-1號(對側人行道),46,0,44,2026-08-21 15:09:58,24.24529,120.71382,1,"0,0",2026-08-21 15:12:29.741980
500609006,YouBike2.0_豐原廟東夜市,豐原區,中正路212巷/信義街口(西南側),30,18,12,2026-08-21 15:04:03,24.25259,120.71864,1,"17,1",2026-08-21 15:12:29.741980
500609007,YouBike2.0_豐原車站,豐原區,三民路/三豐路一段口(南側),68,16,52,2026-08-21 15:10:05,24.25452,120.72265,1,"16,0",2026-08-21 15:12:29.741980
500609008,YouBike2.0_豐原地政事務所,豐原區,興安街/西安街口(西南側),30,15,15,2026-08-21 15:06:02,24.24903,120.71441,1,"15,0",2026-08-21 15:12:29.741980
500609009,YouBike2.0_豐原高中,豐原區,水源路/水源路129巷口(東北側),32,4,27,2026-08-21 15:00:05,24.25573,120.74168,1,"4,0",2026-08-21 15:12:29.741980
500609010,YouBike2.0_慈濟公園,豐原區,豐勢路一段/豐東路口(東南側),20,4,16,2026-08-21 14:36:02,24.25756,120.73322,1,"3,1",2026-08-21 15:12:29.741980
500609011,YouBike2.0_圓環北大昌街口,豐原區,圓環北路一段151號旁,22,10,12,2026-08-21 13:11:02,24.25659,120.71672,1,"10,0",2026-08-21 15:12:29.741980
500609012,YouBike2.0_豐原國中,豐原區,三豐路一段/三豐路438巷(西南側),26,5,21,2026-08-21 14:44:03,24.26046,120.71946,1,"5,0",2026-08-21 15:12:29.741980
500609013,YouBike2.0_豐原區公所,豐原區,市政路/育仁路口(東南側),22,13,9,2026-08-21 15:05:03,24.24243,120.71827,1,"13,0",2026-08-21 15:12:29.741980
500609014,YouBike2.0_圓環西中山路口,豐原區,圓環西路/中山路口(西北側),34,7,27,2026-08-21 14:55:03,24.25586,120.71263,1,"7,0",2026-08-21 15:12:29.741980
500609015,YouBike2.0_陽明大樓,豐原區,陽明街36號(對側人行道),39,25,14,2026-08-21 15:10:05,24.24698,120.7212,1,"25,0",2026-08-21 15:12:29.741980
500609016,YouBike2.0_消防公園,豐原區,仁洲街/豐原大道七段口(東側),26,9,17,2026-08-21 15:08:02,24.26208,120.71317,1,"8,1",2026-08-21 15:12:29.741980
500609017,YouBike2.0_南陽公園,豐原區,永康路209號,32,2,27,2026-08-21 15:01:03,24.24111,120.72528,1,"1,1",2026-08-21 15:12:29.741980
500609018,YouBike2.0_社皮公園,豐原區,西勢一街65號(對側人行道),32,11,21,2026-08-21 14:48:03,24.24451,120.70472,1,"11,0",2026-08-21 15:12:29.741980
500609019,YouBike2.0_富春國小,豐原區,豐西街/瑞安街口(東北側),20,8,12,2026-08-21 14:57:02,24.25164,120.71288,1,"8,0",2026-08-21 15:12:29.741980
500609020,YouBike2.0_福陽國小,豐原區,南陽路綠山巷/南陽路綠山巷81弄口(東北側),15,5,10,2026-08-21 15:08:02,24.24215,120.73557,1,"4,1",2026-08-21 15:12:29.741980
500609021,YouBike2.0_豐原大道南陽路口,豐原區,豐原大道三段/南陽路口(東北側),14,0,14,2026-08-21 14:06:17,24.24368,120.73018,1,"0,0",2026-08-21 15:12:29.741980
500609022,YouBike2.0_田心圓環東路口,豐原區,田心路二段/圓環東路口(西南側),15,2,13,2026-08-21 13:37:02,24.24321,120.71893,1,"1,1",2026-08-21 15:12:29.741980
500609023,YouBike2.0_豐田國小,豐原區,豐原大道二段/田心路二段272巷85弄口(東側),15,7,8,2026-08-21 13:16:02,24.23686,120.72045,1,"5,2",2026-08-21 15:12:29.741980
500609024,YouBike2.0_豐南國中,豐原區,育仁路/豐南街口(東北側),15,12,3,2026-08-21 15:03:03,24.23956,120.71645,1,"11,1",2026-08-21 15:12:29.741980
500609025,YouBike2.0_合作國小,豐原區,豐原大道一段602號(對側人行道),15,5,10,2026-08-21 15:07:05,24.23971,120.70342,1,"5,0",2026-08-21 15:12:29.741980
500609026,YouBike2.0_同心互助街口,豐原區,同心街/互助街口(西南側),15,3,12,2026-08-21 14:43:02,24.23773,120.70643,1,"3,0",2026-08-21 15:12:29.741980
500609027,YouBike2.0_圓環東安康路口,豐原區,圓環東路/安康路口(北側),15,3,12,2026-08-21 14:55:03,24.24496,120.72356,1,"3,0",2026-08-21 15:12:29.741980
500609028,YouBike2.0_地方稅務局豐原分局,豐原區,中山路/中山路223巷口(西南側),10,2,8,2026-08-21 14:17:03,24.24251,120.71311,1,"2,0",2026-08-21 15:12:29.741980
500609029,YouBike2.0_豐原區市立體育館,豐原區,西安街72之1號,14,4,10,2026-08-21 14:51:03,24.24914,120.71101,1,"4,0",2026-08-21 15:12:29.741980
500609030,YouBike2.0_忠勤公園,豐原區,中正路/豐原大道口(東北側),20,17,3,2026-08-21 15:07:05,24.24991,120.70462,1,"16,1",2026-08-21 15:12:29.741980
500609031,YouBike2.0_葫蘆墩親子館,豐原區,圓環北路一段/三豐路一段口(西南側),15,8,7,2026-08-21 14:17:03,24.25886,120.72019,1,"8,0",2026-08-21 15:12:29.741980
500609032,YouBike2.0_豐圳公園,豐原區,成功路/圓環西路87巷口(東北側),17,0,17,2026-07-12 00:01:03,24.25274,120.70577,0,"0,0",2026-08-21 15:12:29.741980
500609033,YouBike2.0_中正大社街口,豐原區,中正路/大社街口(東北側),16,7,9,2026-08-21 14:52:03,24.2494,120.70137,1,"4,3",2026-08-21 15:12:29.741980
500609034,YouBike2.0_義士祠,豐原區,豐原大道五段/南田街3巷(東南側),10,3,7,2026-08-21 14:26:03,24.26021,120.73631,1,"3,0",2026-08-21 15:12:29.741980
500609035,YouBike2.0_三豐新生北路口,豐原區,三豐路一段/新生北路口(西側),12,1,11,2026-08-21 14:52:18,24.25566,120.72248,1,"1,0",2026-08-21 15:12:29.741980
500609036,YouBike2.0_橫街尾停車場,豐原區,復興路/富春街口(東南側),20,8,12,2026-08-21 15:05:03,24.25043,120.71763,1,"8,0",2026-08-21 15:12:29.741980
500609037,YouBike2.0_圓環北大順街口,豐原區,圓環北路/大順街口(西南側),15,4,11,2026-08-21 14:16:03,24.26051,120.72357,1,"4,0",2026-08-21 15:12:29.741980
500609038,YouBike2.0_圳寮里活動中心,豐原區,圓環北路一段/豐洲路口(東北側),15,1,14,2026-08-21 14:49:22,24.25633,120.71542,1,"1,0",2026-08-21 15:12:29.741980
500609039,YouBike2.0_北陽公園,豐原區,中陽路/中陽路537巷口(東側),12,2,10,2026-08-21 14:57:02,24.2497,120.73643,1,"1,1",2026-08-21 15:12:29.741980
500609041,YouBike2.0_北陽路40巷北陽路口,豐原區,北陽路40巷/北陽路口(西南側),20,3,17,2026-08-21 15:03:03,24.25195,120.73053,1,"1,2",2026-08-21 15:12:29.741980
500609042,YouBike2.0_臺中市立豐原區體育場,豐原區,豐北街221號前,18,2,16,2026-08-21 15:08:02,24.26072,120.71703,1,"2,0",2026-08-21 15:12:29.741980
500609043,YouBike2.0_豐田國小(田心路),豐原區,田心路二段/田心路二段317巷口(西側),15,5,10,2026-08-21 14:54:02,24.237276,120.722308,1,"5,0",2026-08-21 15:12:29.741980
500609044,YouBike2.0_三陽運動公園,豐原區,北陽路/水源路473巷口(東側),14,10,4,2026-08-21 14:57:02,24.251917,120.731772,1,"10,0",2026-08-21 15:12:29.741980
500609045,YouBike2.0_豐原大道一心路口,豐原區,豐原大道一段/一心路口(東南側),12,4,8,2026-08-21 13:54:02,24.24626,120.70334,1,"4,0",2026-08-21 15:12:29.741980
500609047,YouBike2.0_育英停車場,豐原區,育英路154巷/育英路134巷16弄口,16,16,0,2026-08-21 14:32:18,24.240798,120.714519,1,"16,0",2026-08-21 15:12:29.741980
500609048,YouBike2.0_豐原武明山公園,豐原區,南陽路/綠山二街口(西南側),8,1,7,2026-08-21 14:34:17,24.238465,120.73378,1,"1,0",2026-08-21 15:12:29.741980
500609049,YouBike2.0_豐原大道豐科路口,豐原區,豐原大道六段650號(東側),12,7,5,2026-08-21 14:41:03,24.26418,120.72219,1,"7,0",2026-08-21 15:12:29.741980
500609050,YouBike2.0_豐原大道460巷口,豐原區,豐原大道六段468號(旁）,12,3,9,2026-08-21 11:55:03,24.26495,120.72675,1,"3,0",2026-08-21 15:12:29.741980
500609051,YouBike2.0_豐原中正公園(水源路),豐原區,水源路/水源中坑巷口(西側),12,2,10,2026-08-21 14:25:04,24.254467,120.748176,1,"2,0",2026-08-21 15:12:29.741980
500609052,YouBike2.0_豐原葫蘆墩郵局,豐原區,豐原大道七段25號前,10,0,10,2026-08-21 14:53:15,24.263934,120.719438,1,"0,0",2026-08-21 15:12:29.741980
500609053,YouBike2.0_圓環東綠空廊道口,豐原區,圓環東路29號(旁),20,3,17,2026-08-21 14:39:02,24.24458,120.71583,1,"3,0",2026-08-21 15:12:29.741980
500609054,YouBike2.0_豐原萬年宮,豐原區,豐年路168號旁,12,6,6,2026-08-21 14:57:02,24.26502,120.73883,1,"6,0",2026-08-21 15:12:29.741980
500609055,YouBike2.0_豐勢萬年路口,豐原區,豐勢路二段185號前,12,6,5,2026-08-21 14:45:03,24.26242,120.73983,1,"6,0",2026-08-21 15:12:29.741980
500609056,YouBike2.0_翁子公園,豐原區,富翁街260巷139號(東側),15,2,13,2026-08-21 13:13:02,24.266841,120.751018,1,"2,0",2026-08-21 15:12:29.741980
500609058,YouBike2.0_鎌村祥和東路口,豐原區,祥和東路33號(北側),13,3,10,2026-08-21 15:06:03,24.229097,120.723745,1,"2,1",2026-08-21 15:12:29.741980
500609059,YouBike2.0_豐原中興公園,豐原區,大明路236巷/成功路133巷口(東北側),15,2,13,2026-08-21 14:00:04,24.24388,120.70927,1,"2,0",2026-08-21 15:12:29.741980
500609061,YouBike2.0_綠空廊道(田心路),豐原區,田心路一段/博愛街口(東南側),18,0,15,2026-08-21 14:45:17,24.245924,120.717384,1,"0,0",2026-08-21 15:12:29.741980
500609063,YouBike2.0_圓環西中正路口,豐原區,圓環西路1號前,25,6,19,2026-08-21 15:10:05,24.25058,120.70894,1,"6,0",2026-08-21 15:12:29.741980
500609064,YouBike2.0_綠空廊道(南陽路),豐原區,南陽路/博愛街口,21,5,16,2026-08-21 15:11:03,24.24927,120.72038,1,"5,0",2026-08-21 15:12:29.741980
500609065,YouBike2.0_綠空廊道(豐南街),豐原區,豐南街22號,16,7,8,2026-08-21 15:11:03,24.23954,120.71245,1,"7,0",2026-08-21 15:12:29.741980
500609066,YouBike2.0_綠空廊道(圓環東路),豐原區,圓環東路78號旁,17,9,8,2026-08-21 14:42:02,24.2444,120.71571,1,"9,0",2026-08-21 15:12:29.741980
500609067,YouBike2.0_東北街347號(南側),豐原區,東北街347號(南側),15,0,15,2026-07-12 00:01:03,24.26159,120.7304,0,"0,0",2026-08-21 15:12:29.741980
500609068,YouBike2.0_綠空廊道(向陽路),豐原區,向陽路55號旁,24,19,3,2026-08-21 15:11:03,24.25222,120.72235,1,"17,2",2026-08-21 15:12:29.741980
500609069,YouBike2.0_豐科三豐路二段272巷口(東北側),豐原區,豐科路/三豐路二段272巷口(東北側),15,1,14,2026-08-21 06:11:02,24.269732,120.723857,1,"1,0",2026-08-21 15:12:29.741980
500609070,YouBike2.0_豐科三豐路二段272巷口(西北側),豐原區,三豐路二段272巷75號旁,15,1,14,2026-08-21 12:57:04,24.269753,120.723619,1,"1,0",2026-08-21 15:12:29.741980
500609071,YouBike2.0_綠空廊道(東北圓環北路二段口),豐原區,圓環北路二段321號旁,21,12,8,2026-08-21 14:50:04,24.259245,120.727263,1,"12,0",2026-08-21 15:12:29.741980
500609072,YouBike2.0_豐原大道豐原大道四段303街口,豐原區,豐原大道四段289號(對側人行道),16,3,13,2026-08-21 12:57:04,24.246466,120.734703,1,"3,0",2026-08-21 15:12:29.741980
500609073,YouBike2.0_豐原中山停車場,豐原區,中山路508號旁,24,3,21,2026-08-21 14:40:04,24.25071,120.71461,1,"3,0",2026-08-21 15:12:29.741980
500609074,YouBike2.0_南嵩里活動中心,豐原區,水源路9巷133號,14,7,7,2026-08-21 14:33:05,24.25249,120.74258,1,"6,1",2026-08-21 15:12:29.741980
500609075,YouBike2.0_豐勢圓環北路口,豐原區,豐勢路一段432號,15,0,15,2026-08-21 15:06:17,24.25796,120.73098,1,"0,0",2026-08-21 15:12:29.741980
500609076,YouBike2.0_豐年路139巷豐年路口,豐原區,豐年路139巷/豐年路口,18,4,13,2026-08-21 14:43:02,24.26481,120.73776,1,"3,1",2026-08-21 15:12:29.741980
500609077,YouBike2.0_翁子國小,豐原區,豐勢路二段290巷3號,10,4,6,2026-08-21 15:05:03,24.26304,120.74263,1,"3,1",2026-08-21 15:12:29.741980
500609078,YouBike2.0_忠勤綠地,豐原區,中正路776號,12,4,8,2026-08-21 14:08:03,24.24962,120.7029,1,"4,0",2026-08-21 15:12:29.741980
500609079,YouBike2.0_永康公園,豐原區,豐原大道三段/豐原大道三段263巷口(東北側),17,9,8,2026-08-21 13:54:02,24.239335,120.72747,1,"9,0",2026-08-21 15:12:29.741980
500609080,YouBike2.0_豐原大道三段(朝陽橋),豐原區,豐原大道三段/豐原大道三段239巷口(東南側),18,6,11,2026-08-21 12:32:03,24.238224,120.726837,1,"6,0",2026-08-21 15:12:29.741980
500609081,YouBike2.0_豐原大道六段655巷口,豐原區,豐原大道六段677號旁,18,5,13,2026-08-21 11:09:02,24.26427,120.72457,1,"4,1",2026-08-21 15:12:29.741980
500609082,YouBike2.0_中陽公園,豐原區,自成街49巷/惠陽街口,21,4,17,2026-08-21 15:11:03,24.25151,120.72492,1,"3,1",2026-08-21 15:12:29.741980
500609083,YouBike2.0_圓環東向陽路口,豐原區,圓環東路617號,20,2,18,2026-08-21 14:46:03,24.25088,120.72841,1,"2,0",2026-08-21 15:12:29.741980
500609084,YouBike2.0_豐原大道中山路口,豐原區,豐原大道一段/中山路口,25,5,19,2026-08-21 14:41:03,24.23718,120.71026,1,"5,0",2026-08-21 15:12:29.741980
500609085,YouBike2.0_豐栗西勢路口,豐原區,豐栗路/西勢路口,16,3,13,2026-08-21 14:15:04,24.2349,120.70071,1,"3,0",2026-08-21 15:12:29.741980
500609086,YouBike2.0_豐原國民暨兒童運動中心,豐原區,豐裕路8號,36,6,30,2026-08-21 15:11:03,24.2478,120.70469,1,"5,1",2026-08-21 15:12:29.741980
500609087,YouBike2.0_西湳兒童公園,豐原區,葫蘆墩二街46號對側,24,7,17,2026-08-21 13:46:03,24.26285,120.71849,1,"7,0",2026-08-21 15:12:29.741980
500609088,YouBike2.0_國家教育研究院,豐原區,豐勢路二段794號前,18,8,9,2026-08-21 14:01:03,24.27092,120.75192,1,"4,4",2026-08-21 15:12:29.741980
500609089,YouBike2.0_東陽里活動中心,豐原區,東陽路306號前,15,5,9,2026-08-21 15:07:05,24.23444,120.74383,1,"3,2",2026-08-21 15:12:29.741980
500609090,YouBike2.0_國豐豐科路口,豐原區,國豐路二段/豐科路口,15,5,10,2026-08-21 11:34:03,24.27629,120.72806,1,"5,0",2026-08-21 15:12:29.741980
500609091,YouBike2.0_東龍家電公車站,豐原區,西勢路550號前,18,4,14,2026-08-21 14:57:02,24.23726,120.70063,1,"4,0",2026-08-21 15:12:29.741980
500609092,YouBike2.0_大明路208巷口,豐原區,大明路/大明路208巷口,16,2,14,2026-08-21 14:49:22,24.24291,120.70789,1,"2,0",2026-08-21 15:12:29.741980
500609198,YouBike2.0_三豐路二段441巷口,豐原區,三豐路二段/三豐路二段441巷口(西南側),10,3,7,2026-08-21 14:57:02,24.27414,120.72179,1,"3,0",2026-08-21 15:12:29.741980
500610001,YouBike2.0_永明公園,大里區,永明街/永隆三街口(西北側),15,6,9,2026-08-21 15:11:03,24.107972,120.675814,1,"6,0",2026-08-21 15:12:29.741980
500610002,YouBike2.0_永隆里活動中心,大里區,永隆六街/永隆六街32巷口(西南側),24,12,12,2026-08-21 14:46:03,24.112751,120.673681,1,"12,0",2026-08-21 15:12:29.741980
500610003,YouBike2.0_永隆永隆七街101巷口,大里區,永隆七街/永隆七街101巷口(西北側),35,0,34,2026-08-21 14:24:16,24.113568,120.675713,1,"0,0",2026-08-21 15:12:29.741980
500610004,YouBike2.0_大明兒童公園(大明路),大里區,大明路/大明路366巷口(西北側),22,10,12,2026-08-21 15:09:04,24.115046,120.678402,1,"10,0",2026-08-21 15:12:29.741980
500610005,YouBike2.0_國光公園(興大南街),大里區,興大南街/永隆路口(東北側),26,5,21,2026-08-21 14:51:03,24.116506,120.676302,1,"4,1",2026-08-21 15:12:29.741980
500610006,YouBike2.0_大里兒青館,大里區,新光路32號,12,7,5,2026-08-21 15:10:05,24.11036,120.69199,1,"7,0",2026-08-21 15:12:29.741980
500610007,YouBike2.0_環河爽文路口,大里區,環河路/爽文路口(西北側),13,8,5,2026-08-21 14:33:05,24.116395,120.674155,1,"8,0",2026-08-21 15:12:29.741980
500610008,YouBike2.0_國光花市停車場,大里區,德芳南路/德芳南三街口(西北側),28,9,19,2026-08-21 15:10:05,24.10377,120.68377,1,"9,0",2026-08-21 15:12:29.741980
500610009,YouBike2.0_德芳南路德芳南一街口,大里區,德芳南路/德芳南一街口(西北側),26,6,20,2026-08-21 14:59:03,24.10255,120.68722,1,"6,0",2026-08-21 15:12:29.741980
500610010,YouBike2.0_環保公園,大里區,德芳南路/永大街口(西南側),24,3,21,2026-08-21 15:11:03,24.10456,120.67967,1,"3,0",2026-08-21 15:12:29.741980
500610011,YouBike2.0_大里圖書館,大里區,中興路一段163號,38,0,37,2026-08-21 15:03:19,24.08778,120.69557,1,"0,0",2026-08-21 15:12:29.741980
500610012,YouBike2.0_臺中市纖維工藝博物館,大里區,勝利二路口/德芳南一街(西南側),36,0,36,2026-08-21 15:01:20,24.10036,120.68707,1,"0,0",2026-08-21 15:12:29.741980
500610013,YouBike2.0_長春兒童公園,大里區,長春路78巷/長春路78巷31弄口(西北側),29,3,25,2026-08-21 14:45:03,24.0898,120.69112,1,"3,0",2026-08-21 15:12:29.741980
500610014,YouBike2.0_內新國小(新仁路),大里區,新仁路二段57號(對側人行道),34,1,33,2026-08-21 14:17:03,24.11144,120.69509,1,"1,0",2026-08-21 15:12:29.741980
500610015,YouBike2.0_爽文公園,大里區,爽文路/永隆二街口(西南側),16,4,12,2026-08-21 15:04:22,24.10571,120.67477,1,"4,0",2026-08-21 15:12:29.741980
500610016,YouBike2.0_大里高中,大里區,國中路356號(對側人行道),47,8,37,2026-08-21 15:11:03,24.09461,120.67818,1,"8,0",2026-08-21 15:12:29.741980
500610017,YouBike2.0_大買家國光店,大里區,國光路二段710號,12,9,2,2026-08-21 15:06:02,24.115824,120.67951,1,"8,1",2026-08-21 15:12:29.741980
500610018,YouBike2.0_日新河濱公園,大里區,福大路/中興路二段日新二巷口(西側),15,1,14,2026-08-21 14:29:03,24.12057,120.69077,1,"1,0",2026-08-21 15:12:29.741980
500610019,YouBike2.0_日新社區公園,大里區,日新路383號旁公園,12,0,12,2026-08-21 13:01:18,24.11872,120.69236,1,"0,0",2026-08-21 15:12:29.741980
500610020,YouBike2.0_積善公園,大里區,興大路/大明路口(西北側),38,11,27,2026-08-21 15:10:05,24.1149,120.67153,1,"11,0",2026-08-21 15:12:29.741980
500610021,YouBike2.0_臺中市立圖書館大里大新分館,大里區,大新街36-1號,18,7,11,2026-08-21 13:43:03,24.09953,120.67845,1,"6,1",2026-08-21 15:12:29.741980
500610022,YouBike2.0_瑞城國小,大里區,瑞城一街/美村街口(東北側),24,4,17,2026-08-21 14:53:02,24.08611,120.70201,1,"4,0",2026-08-21 15:12:29.741980
500610023,YouBike2.0_塗城里活動中心,大里區,塗城路/塗成路33巷口(東北側),16,8,8,2026-08-21 11:29:03,24.08655,120.72201,1,"8,0",2026-08-21 15:12:29.741980
500610024,YouBike2.0_崇光國小,大里區,益民路二段/益民路二段371巷口(東側),30,3,27,2026-08-21 14:41:03,24.11477,120.68399,1,"3,0",2026-08-21 15:12:29.741980
500610025,YouBike2.0_祥興公園,大里區,中興路二段/祥興二巷56弄口(南側),15,5,10,2026-08-21 15:00:05,24.12003,120.68846,1,"5,0",2026-08-21 15:12:29.741980
500610026,YouBike2.0_內新市場,大里區,中興路二段/東榮路一段口(東北側),32,9,23,2026-08-21 15:09:04,24.11029,120.69004,1,"8,1",2026-08-21 15:12:29.741980
500610027,YouBike2.0_大里運動公園,大里區,國光路一段/大里路口(東南側),29,10,19,2026-08-21 15:09:04,24.10028,120.68267,1,"10,0",2026-08-21 15:12:29.741980
500610028,YouBike2.0_中興大學附屬高中,大里區,東榮路/益民路二段口(西側),41,1,38,2026-08-21 15:11:03,24.11008,120.68341,1,"1,0",2026-08-21 15:12:29.741980
500610029,YouBike2.0_立新國中,大里區,立新二街/自立路口(西北側),32,5,27,2026-08-21 14:58:02,24.10441,120.69877,1,"5,0",2026-08-21 15:12:29.741980
500610030,YouBike2.0_十九甲健康公園,大里區,立元路/甲園街口(西南側),26,8,18,2026-08-21 14:08:03,24.09988,120.69476,1,"7,1",2026-08-21 15:12:29.741980
500610031,YouBike2.0_廣停五停車場,大里區,德芳南路/現岱路(西側),15,2,13,2026-08-21 14:27:04,24.10113,120.68926,1,"2,0",2026-08-21 15:12:29.741980
500610032,YouBike2.0_進士公園,大里區,爽文路/德芳路三段口(東南側),26,4,22,2026-08-21 15:07:05,24.10247,120.67465,1,"4,0",2026-08-21 15:12:29.741980
500610033,YouBike2.0_青年公園,大里區,公園街/公園街421巷口(南側),28,10,18,2026-08-21 14:50:04,24.0847,120.69365,1,"9,1",2026-08-21 15:12:29.741980
500610034,YouBike2.0_益民國小,大里區,益民路二段/益民路二段81巷口(北側),30,4,26,2026-08-21 15:07:05,24.10674,120.68673,1,"4,0",2026-08-21 15:12:29.741980
500610035,YouBike2.0_文化公園,大里區,仁福街/文化街口(西北側),30,9,21,2026-08-21 14:31:03,24.09518,120.7004,1,"9,0",2026-08-21 15:12:29.741980
500610036,YouBike2.0_美群國小,大里區,美群路155巷/三民二街口(西南側),15,4,11,2026-08-21 14:12:04,24.08336,120.71228,1,"4,0",2026-08-21 15:12:29.741980
500610037,YouBike2.0_草湖國小,大里區,大峰路/西湖路口(東北側),15,6,9,2026-08-21 14:57:02,24.07826,120.68919,1,"6,0",2026-08-21 15:12:29.741980
500610038,YouBike2.0_立元停車場,大里區,立元路/自立路口(西北側),15,10,5,2026-08-21 14:49:04,24.10141,120.6983,1,"10,0",2026-08-21 15:12:29.741980
500610039,YouBike2.0_仁化公園,大里區,仁化路313號旁公園,15,9,6,2026-08-21 14:35:02,24.09421,120.70994,1,"8,1",2026-08-21 15:12:29.741980
500610040,YouBike2.0_草湖公園,大里區,仁化路/忠孝路口(西側),15,6,9,2026-08-21 12:31:02,24.0874,120.68844,1,"6,0",2026-08-21 15:12:29.741980
500610042,YouBike2.0_仁堤公園,大里區,仁堤路/仁堤一街口(東南側),15,7,8,2026-08-21 14:53:02,24.09876,120.698626,1,"7,0",2026-08-21 15:12:29.741980
500610043,YouBike2.0_大元三角公園,大里區,國光路一段/中興路口(東北側),15,10,5,2026-08-21 15:09:04,24.095561,120.686738,1,"10,0",2026-08-21 15:12:29.741980
500610044,YouBike2.0_大里社會住宅,大里區,仁化路/健民路口(西北側),12,6,6,2026-08-21 15:09:04,24.091547,120.729143,1,"6,0",2026-08-21 15:12:29.741980
500610045,YouBike2.0_大新兒童公園,大里區,大里二街/大里路口(東南側),17,7,10,2026-08-21 15:10:05,24.10226,120.68494,1,"7,0",2026-08-21 15:12:29.741980
500610046,YouBike2.0_瑞和公園,大里區,瑞和街120巷/瑞和街口(西南側),15,6,9,2026-08-21 13:26:03,24.0851,120.70511,1,"6,0",2026-08-21 15:12:29.741980
500610047,YouBike2.0_興大附中公有停車場,大里區,益民路二段174號(對側),20,4,14,2026-08-21 15:11:03,24.10842,120.68385,1,"4,0",2026-08-21 15:12:29.741980
500610048,YouBike2.0_中投西路東興路橋下公園,大里區,中投西路/東興路(橋下公園),12,5,7,2026-08-21 15:00:05,24.108021,120.671592,1,"5,0",2026-08-21 15:12:29.741980
500610049,YouBike2.0_新仁里活動中心,大里區,立新街71號,13,0,13,2026-08-21 14:55:18,24.108,120.70547,1,"0,0",2026-08-21 15:12:29.741980
500610050,YouBike2.0_德芳兒童公園,大里區,新芳路/德芳南三街口(東南側),15,2,13,2026-08-21 14:56:17,24.10462,120.68463,1,"2,0",2026-08-21 15:12:29.741980
500610051,YouBike2.0_立德社區公園,大里區,立仁五路/立仁一路口(東側),11,3,8,2026-08-21 14:16:03,24.102556,120.700203,1,"3,0",2026-08-21 15:12:29.741980
500610052,YouBike2.0_竹仔坑社區活動中心,大里區,校前路/校前路26巷口(南側),15,12,3,2026-08-21 14:54:02,24.0894,120.72933,1,"12,0",2026-08-21 15:12:29.741980
500610053,YouBike2.0_仁美社區公園,大里區,仁愛路160巷/仁愛路160巷71弄口(西南側),14,6,8,2026-08-21 14:30:04,24.097502,120.705732,1,"6,0",2026-08-21 15:12:29.741980
500610054,YouBike2.0_大智喬城路口(東南側),大里區,大智路615號前,13,0,13,2026-08-21 14:53:15,24.12212,120.690341,1,"0,0",2026-08-21 15:12:29.741980
500610055,YouBike2.0_甲堤六街公園,大里區,甲興路/甲堤六街口(東側),15,3,12,2026-08-21 15:10:05,24.1072,120.69827,1,"3,0",2026-08-21 15:12:29.741980
500610056,YouBike2.0_立元立仁路口,大里區,立仁路275號(對側人行道),15,2,12,2026-08-21 11:42:04,24.10495,120.70657,1,"2,0",2026-08-21 15:12:29.741980
500610057,YouBike2.0_台3線中興路一段2巷口,大里區,台3線/中興路一段2巷口(東北側),14,1,13,2026-08-21 15:07:05,24.07979,120.69899,1,"1,0",2026-08-21 15:12:29.741980
500610058,YouBike2.0_爽文國中(永隆路),大里區,永隆路/永隆二街口(東北側),20,6,14,2026-08-21 14:56:02,24.10659,120.67698,1,"6,0",2026-08-21 15:12:29.741980
500610059,YouBike2.0_力山美群,大里區,美群北路272號(東北側),20,8,12,2026-08-21 15:10:05,24.09143,120.71132,1,"8,0",2026-08-21 15:12:29.741980
500610060,YouBike2.0_東湖公園(科技路),大里區,科技路1號(對側公園),14,3,11,2026-08-21 14:59:03,24.085,120.69518,1,"3,0",2026-08-21 15:12:29.741980
500610062,YouBike2.0_東明公園(南側),大里區,東明路175巷7弄/東明路174巷口,12,5,7,2026-08-21 15:04:04,24.11286,120.68519,1,"5,0",2026-08-21 15:12:29.741980
500610063,YouBike2.0_祥興忠明南路1240巷口,大里區,祥興路551號(對側人行道),15,3,12,2026-08-21 15:05:03,24.11742,120.68111,1,"3,0",2026-08-21 15:12:29.741980
500610064,YouBike2.0_文心南路1316巷口(西北側),大里區,文心南路1310號前,11,2,9,2026-08-21 14:22:04,24.103852,120.669367,1,"2,0",2026-08-21 15:12:29.741980
500610066,YouBike2.0_日新橋(西南端),大里區,中興路二段/中興路二段747巷口(西側),15,1,14,2026-08-21 14:56:02,24.119288,120.689155,1,"1,0",2026-08-21 15:12:29.741980
500610067,YouBike2.0_天祐宮,大里區,樹王路405之3號(東側),40,9,31,2026-08-21 12:45:04,24.11018,120.6653,1,"8,1",2026-08-21 15:12:29.741980
500610068,YouBike2.0_瓦磘大里路口(西南側),大里區,瓦磘路18號旁,15,2,12,2026-08-21 14:39:02,24.09632,120.6688,1,"2,0",2026-08-21 15:12:29.741980
500610070,YouBike2.0_新忠公園,大里區,新忠路/益民路一段492巷口(東南側),27,12,15,2026-08-21 14:51:03,24.10712,120.69078,1,"12,0",2026-08-21 15:12:29.741980
500610071,YouBike2.0_瑞城公園,大里區,中興路一段26巷/美村路口(東北側),11,4,7,2026-08-21 14:32:04,24.08315,120.70425,1,"4,0",2026-08-21 15:12:29.741980
500610072,YouBike2.0_大里成功國中,大里區,至善路157號,18,1,17,2026-08-21 14:50:04,24.09416,120.69911,1,"1,0",2026-08-21 15:12:29.741980
500610073,YouBike2.0_大里仁愛醫院,大里區,國光路二段398號前,15,3,12,2026-08-21 15:10:05,24.109873,120.679796,1,"1,2",2026-08-21 15:12:29.741980
500610074,YouBike2.0_泰興公園,大里區,金城街/龍城街口(西北側),15,9,6,2026-08-21 15:04:04,24.087266,120.699627,1,"9,0",2026-08-21 15:12:29.741980
500610075,YouBike2.0_仁化工業區公園,大里區,仁化工二路58號,15,8,7,2026-08-21 15:08:03,24.0927,120.7254,1,"8,0",2026-08-21 15:12:29.741980
500610076,YouBike2.0_金城社區公園,大里區,上興街二段85號旁,18,3,15,2026-08-21 14:34:03,24.09179,120.69893,1,"3,0",2026-08-21 15:12:29.741980
500610078,YouBike2.0_三角運動公園,大里區,鳳凰路/工業七路口(東北側),20,9,11,2026-08-21 14:55:03,24.09604,120.71745,1,"9,0",2026-08-21 15:12:29.741980
500610079,YouBike2.0_祥興國光路口,大里區,祥興路/國光路口,22,1,21,2026-08-21 14:24:03,24.11761,120.68032,1,"1,0",2026-08-21 15:12:29.741980
500610080,YouBike2.0_清海化學公車站,大里區,文心南路1197號,17,7,10,2026-08-21 14:57:02,24.10685,120.66463,1,"7,0",2026-08-21 15:12:29.741980
500610081,YouBike2.0_大里健康社區,大里區,健民路/健康二街口(西北側),18,9,9,2026-08-21 11:12:04,24.09339,120.72923,1,"9,0",2026-08-21 15:12:29.741980
500610082,YouBike2.0_立仁路公教街209巷口,大里區,公教街188號對側,18,4,14,2026-08-21 14:30:04,24.10755,120.71033,1,"4,0",2026-08-21 15:12:29.741980
500611001,YouBike2.0_新光國小(新興路),太平區,新興路200號,51,20,31,2026-08-21 15:05:03,24.15938,120.70748,1,"19,1",2026-08-21 15:12:29.741980
500611002,YouBike2.0_祥順運動公園(環中東路),太平區,環中東路四段629號(南側),15,5,10,2026-08-21 08:24:03,24.13794,120.71059,1,"5,0",2026-08-21 15:12:29.741980
500611003,YouBike2.0_宜昌兒童公園(宜昌路),太平區,宜昌路/十甲路口(西南側),28,0,28,2026-08-21 15:02:20,24.14425,120.71342,1,"0,0",2026-08-21 15:12:29.741980
500611004,YouBike2.0_中山路28巷中山路口(東北側),太平區,中山路28巷/中山路四段口(東北側),20,4,16,2026-08-21 14:45:03,24.15006,120.71215,1,"4,0",2026-08-21 15:12:29.741980
500611005,YouBike2.0_新安兒童公園,太平區,新安街/新興一街口(東南側),15,5,10,2026-08-21 14:51:03,24.16009,120.71154,1,"5,0",2026-08-21 15:12:29.741980
500611006,YouBike2.0_新平立體停車場(樹孝路),太平區,中山路三段/樹孝路口(西北側),35,3,32,2026-08-21 15:10:05,24.148927,120.715953,1,"3,0",2026-08-21 15:12:29.741980
500611007,YouBike2.0_立文公園,太平區,立功路/育才路口(東南側),27,3,24,2026-08-21 15:11:03,24.156571,120.715336,1,"3,0",2026-08-21 15:12:29.741980
500611008,YouBike2.0_新高新光新興聯合里活動中心,太平區,立文街/立功路口(東南側),19,2,17,2026-08-21 15:01:03,24.159456,120.715793,1,"2,0",2026-08-21 15:12:29.741980
500611009,YouBike2.0_新福公園(旱溪東路),太平區,旱溪東路二段/中山路四段口(東北側),38,2,12,2026-08-21 14:59:03,24.15085,120.7013,1,"0,2",2026-08-21 15:12:29.741980
500611010,YouBike2.0_太平宜佳公園,太平區,宜佳街/宜佳街31巷口(西南側),15,9,6,2026-08-21 15:05:03,24.13975,120.71298,1,"9,0",2026-08-21 15:12:29.741980
500611011,YouBike2.0_育賢段社會住宅,太平區,育賢路/立文街口(東南側),18,1,17,2026-08-21 14:57:02,24.158647,120.716738,1,"1,0",2026-08-21 15:12:29.741980
500611012,YouBike2.0_祥順運動公園,太平區,宜昌路87巷/宜昌路口(西南側),30,4,26,2026-08-21 13:38:02,24.13747,120.71251,1,"4,0",2026-08-21 15:12:29.741980
500611013,YouBike2.0_新光國小(太順路),太平區,太順路/新興二街口(東南側),15,1,14,2026-08-21 14:21:19,24.16114,120.70594,1,"1,0",2026-08-21 15:12:29.741980
500611014,YouBike2.0_新平國小,太平區,育德路162巷/樹孝路274巷9弄口(東北側),30,1,29,2026-08-21 14:50:04,24.15436,120.71975,1,"0,1",2026-08-21 15:12:29.741980
500611015,YouBike2.0_一江橋,太平區,光興路/長龍路一段口(西南側),26,1,25,2026-08-21 08:25:04,24.13121,120.73726,1,"1,0",2026-08-21 15:12:29.741980
500611016,YouBike2.0_長億公園,太平區,永成北路/永成北路151巷口(西南側),30,6,24,2026-08-21 15:06:02,24.11776,120.71478,1,"6,0",2026-08-21 15:12:29.741980
500611017,YouBike2.0_太平區運動場,太平區,永平路一段/中興東路口(西北側),30,3,27,2026-08-21 15:03:03,24.13094,120.72047,1,"3,0",2026-08-21 15:12:29.741980
500611018,YouBike2.0_坪林森林公園,太平區,中山路二段401號旁(人行道),30,7,22,2026-08-21 15:10:05,24.15006,120.72839,1,"7,0",2026-08-21 15:12:29.741980
500611019,YouBike2.0_中平公園,太平區,太平路176號,22,7,15,2026-08-21 14:52:03,24.12079,120.7207,1,"6,1",2026-08-21 15:12:29.741980
500611020,YouBike2.0_屯區藝文中心,太平區,長安東路/長安路口(東南側),22,8,14,2026-08-21 15:00:05,24.15664,120.73372,1,"7,1",2026-08-21 15:12:29.741980
500611021,YouBike2.0_大源公園,太平區,大源十八街/環太東路口(東南側),30,6,24,2026-08-21 14:42:02,24.14222,120.72286,1,"6,0",2026-08-21 15:12:29.741980
500611022,YouBike2.0_中平國中,太平區,太平路/太平十三街口(北側),22,3,19,2026-08-21 14:56:02,24.12264,120.71838,1,"2,1",2026-08-21 15:12:29.741980
500611023,YouBike2.0_東村公園,太平區,東村八街13巷16號旁公園,12,4,8,2026-08-21 15:11:03,24.13703,120.72475,1,"4,0",2026-08-21 15:12:29.741980
500611024,YouBike2.0_太平國中,太平區,中山路二段116號,25,1,24,2026-08-21 15:07:19,24.14804,120.73432,1,"1,0",2026-08-21 15:12:29.741980
500611025,YouBike2.0_育賢停車場(育賢路),太平區,育賢路181號(對側人行道),20,5,15,2026-08-21 14:53:02,24.15801,120.71939,1,"5,0",2026-08-21 15:12:29.741980
500611026,YouBike2.0_育賢停車場(近環中東路),太平區,育賢路233號(對側人行道),20,4,16,2026-08-21 14:49:04,24.15834,120.71798,1,"4,0",2026-08-21 15:12:29.741980
500611027,YouBike2.0_豐年公園,太平區,環太東路/大源二街口(南側),14,3,11,2026-08-21 13:49:03,24.14477,120.72333,1,"3,0",2026-08-21 15:12:29.741980
500611028,YouBike2.0_宜富公園,太平區,祥順路一段/宜昌東路160巷口(西北側),15,5,10,2026-08-21 11:33:04,24.14435,120.72167,1,"5,0",2026-08-21 15:12:29.741980
500611029,YouBike2.0_華成曉園,太平區,長安十一街/長安街口(西北側),12,3,9,2026-08-21 15:11:03,24.15268,120.72636,1,"1,2",2026-08-21 15:12:29.741980
500611030,YouBike2.0_太平區福星公園,太平區,太平三街/長億九街口(西南側),17,2,15,2026-08-21 14:18:03,24.113689,120.716475,1,"1,1",2026-08-21 15:12:29.741980
500611031,YouBike2.0_臺中市立圖書館太平坪林分館,太平區,中山路一段213號,10,0,10,2026-08-21 14:16:16,24.141639,120.732547,1,"0,0",2026-08-21 15:12:29.741980
500611032,YouBike2.0_祥順新平路一段口,太平區,祥順路一段/新平路一段口(西南側),17,3,14,2026-08-21 15:06:03,24.13582,120.71546,1,"2,1",2026-08-21 15:12:29.741980
500611033,YouBike2.0_新坪里活動中心,太平區,新平路三段394巷1號前停車場,12,3,9,2026-08-21 14:47:04,24.15577,120.72609,1,"2,1",2026-08-21 15:12:29.741980
500611034,YouBike2.0_太平國小,太平區,中興路/新平路一段口(西南側),12,0,0,2026-07-12 00:01:03,24.128217,120.717186,0,"0,0",2026-08-21 15:12:29.741980
500611035,YouBike2.0_太平產業園區,太平區,光興路/園區路口(西北側),15,5,10,2026-08-21 14:31:03,24.09998,120.7288,1,"4,1",2026-08-21 15:12:29.741980
500611036,YouBike2.0_永福公園,太平區,太堤西路/長億十一街口(西南側),20,4,16,2026-08-21 14:59:03,24.11157,120.71575,1,"4,0",2026-08-21 15:12:29.741980
500611037,YouBike2.0_勤益科大(東側門),太平區,勤益大道/中山路一段215巷口(西北側),35,2,33,2026-08-21 15:10:05,24.14338,120.73244,1,"2,0",2026-08-21 15:12:29.741980
500611038,YouBike2.0_福平公園,太平區,建祥街/建功街口(東北側),11,1,10,2026-08-21 14:39:16,24.12615,120.72405,1,"1,0",2026-08-21 15:12:29.741980
500611039,YouBike2.0_吉祥公園,太平區,祥順路一段/坪林橋口(西北側),16,6,10,2026-08-21 14:57:02,24.14967,120.72318,1,"6,0",2026-08-21 15:12:29.741980
500611040,YouBike2.0_光隆國小,太平區,光興路487巷/光德路390巷口(東南側),18,4,14,2026-08-21 15:03:03,24.10507,120.72687,1,"4,0",2026-08-21 15:12:29.741980
500611041,YouBike2.0_新福振武路口,太平區,新福路/振武路口(北側),15,9,6,2026-08-21 14:57:02,24.154775,120.704152,1,"9,0",2026-08-21 15:12:29.741980
500611042,YouBike2.0_中山路二段大興路口,太平區,中山路二段/大興路口(西北側),12,8,4,2026-08-21 12:46:03,24.15062,120.73296,1,"8,0",2026-08-21 15:12:29.741980
500611043,YouBike2.0_麗園公園(環太東路),太平區,環太東路461號(西南側),30,0,0,2026-07-12 00:01:03,24.15707,120.72884,0,"0,0",2026-08-21 15:12:29.741980
500611045,YouBike2.0_建國公園,太平區,精美路240號(東側公園),15,0,15,2026-08-21 13:43:18,24.123436,120.724367,1,"0,0",2026-08-21 15:12:29.741980
500611046,YouBike2.0_太平里永豐公園,太平區,永豐路28巷/永豐路口(西北側),10,8,2,2026-08-21 14:33:05,24.124335,120.71274,1,"7,1",2026-08-21 15:12:29.741980
500611047,YouBike2.0_溪南公園,太平區,環太東路/太安一街口(東側),13,4,9,2026-08-21 13:42:02,24.15961,120.73815,1,"4,0",2026-08-21 15:12:29.741980
500611048,YouBike2.0_德興公園(新安街),太平區,新安街112號(對側人行道),13,3,8,2026-08-21 15:09:04,24.16015,120.70925,1,"3,0",2026-08-21 15:12:29.741980
500611049,YouBike2.0_宜欣公園,太平區,宜昌東路90巷/祥順路一段口,15,5,9,2026-08-21 14:24:03,24.13826,120.71905,1,"5,0",2026-08-21 15:12:29.741980
500611050,YouBike2.0_太平區廣1停車場,太平區,太興路27號(對側),15,2,13,2026-08-21 13:18:03,24.162523,120.706472,1,"2,0",2026-08-21 15:12:29.741980
500611051,YouBike2.0_長億高中,太平區,長億六街1號,35,0,0,2026-07-12 00:01:03,24.11356,120.72134,0,"0,0",2026-08-21 15:12:29.741980
500611052,YouBike2.0_光華高工,太平區,東平路23號(對側),19,6,13,2026-08-21 11:11:03,24.13392,120.7357,1,"5,1",2026-08-21 15:12:29.741980
500611053,YouBike2.0_綠1公園,太平區,成功東路/中興東路口(東北側),20,6,14,2026-08-21 14:01:03,24.1338,120.72594,1,"6,0",2026-08-21 15:12:29.741980
500611054,YouBike2.0_精美公園,太平區,正誠街460號(東南側),15,3,12,2026-08-21 14:38:04,24.125722,120.725481,1,"3,0",2026-08-21 15:12:29.741980
500611055,YouBike2.0_臺中市立圖書館太平分館,太平區,太平三街20號(南側),12,8,4,2026-08-21 14:53:02,24.118839,120.721573,1,"8,0",2026-08-21 15:12:29.741980
500611056,YouBike2.0_大興路大興十九街口,太平區,大興路/大興十九街口(東北側),15,1,14,2026-08-21 14:15:04,24.15747,120.74221,1,"1,0",2026-08-21 15:12:29.741980
500611057,YouBike2.0_馬卡龍公園(市民大道),太平區,市民大道/東英十七街口(東側),15,7,8,2026-08-21 14:23:03,24.14814,120.712,1,"7,0",2026-08-21 15:12:29.741980
500611058,YouBike2.0_馬卡龍公園(環中東路),太平區,環中東路四段/市民大道一段口(北側),15,8,7,2026-08-21 12:36:03,24.14606,120.71262,1,"8,0",2026-08-21 15:12:29.741980
500611059,YouBike2.0_甲堤公園,太平區,新仁路一段206巷23弄7號(西側),12,10,2,2026-08-21 15:11:03,24.11203,120.70151,1,"10,0",2026-08-21 15:12:29.741980
500611060,YouBike2.0_正誠公園,太平區,正誠街48號前,13,3,9,2026-08-21 14:03:03,24.129492,120.731408,1,"3,0",2026-08-21 15:12:29.741980
500611062,YouBike2.0_太平區921震災紀念公園,太平區,太平路12號(西南側),20,3,17,2026-08-21 10:59:03,24.1176,120.72363,1,"3,0",2026-08-21 15:12:29.741980
500611063,YouBike2.0_新光水資源回收中心,太平區,祥順路一段5號,15,3,12,2026-08-20 18:52:03,24.13556,120.7121,1,"3,0",2026-08-21 15:12:29.741980
500611065,YouBike2.0_光興光興路1352巷口,太平區,光興路/光興路1352巷口(南側),15,2,13,2026-08-21 13:54:02,24.116463,120.732769,1,"1,1",2026-08-21 15:12:29.741980
500611066,YouBike2.0_德明路428巷口,太平區,德明路400巷1弄35號旁,16,4,11,2026-08-21 14:46:03,24.10327,120.71989,1,"3,1",2026-08-21 15:12:29.741980
500611067,YouBike2.0_東平夜市,太平區,東平路501號,17,7,10,2026-08-21 14:34:03,24.13363,120.71907,1,"6,1",2026-08-21 15:12:29.741980
500611068,YouBike2.0_永義太平路口,太平區,永義路246號旁,16,6,10,2026-08-21 15:10:05,24.12707,120.71137,1,"6,0",2026-08-21 15:12:29.741980
500611070,YouBike2.0_光興光明路口,太平區,光興路/光明路口,18,7,11,2026-08-21 14:55:03,24.11009,120.73003,1,"6,1",2026-08-21 15:12:29.741980
500611071,YouBike2.0_宜欣仁和公園,太平區,仁和街4巷18號,24,2,22,2026-08-21 13:39:03,24.13706,120.71767,1,"2,0",2026-08-21 15:12:29.741980
500611073,YouBike2.0_環中東路樹德八街口,太平區,環中東路三段/樹德八街口(西北側),30,5,25,2026-08-21 12:36:03,24.15575,120.7169,1,"5,0",2026-08-21 15:12:29.741980
500611074,YouBike2.0_新高國小,太平區,立功路68號(西南側),28,4,24,2026-08-21 14:37:02,24.1505,120.71332,1,"4,0",2026-08-21 15:12:29.741980
500611075,YouBike2.0_八德公園,太平區,中山路三段2-8號,30,3,27,2026-08-21 15:09:04,24.14785,120.72255,1,"3,0",2026-08-21 15:12:29.741980
500611076,YouBike2.0_環中東樹孝路273巷口,太平區,環中東路三段305號前,35,9,26,2026-08-21 14:29:03,24.15445,120.71711,1,"8,1",2026-08-21 15:12:29.741980
500611077,YouBike2.0_太平長億好宅,太平區,永成北路33巷/長億路口,20,5,15,2026-08-21 15:08:03,24.11476,120.71500,1,"5,0",2026-08-21 15:12:29.741980
500611078,YouBike2.0_長億高中(長億八街),太平區,長億八街/永祥街口,45,9,36,2026-08-21 14:42:03,24.11272,120.71962,1,"8,1",2026-08-21 15:12:29.741980
500611080,YouBike2.0_大興路大興十五街口,太平區,大興路361號,18,3,15,2026-08-21 11:11:03,24.15712,120.73785,1,"2,1",2026-08-21 15:12:29.741980
500612001,YouBike2.0_清水牛罵頭停車場,清水區,光華路145號(對側人行道),24,9,15,2026-08-21 14:49:04,24.26851,120.5742,1,"9,0",2026-08-21 15:12:29.741980
500612002,YouBike2.0_臺中市港區藝術中心,清水區,鎮政路/忠貞路口(北側),16,7,9,2026-08-21 14:12:04,24.26935,120.55791,1,"7,0",2026-08-21 15:12:29.741980
500612003,YouBike2.0_清水運動場,清水區,五權二街/五權路口(東側),24,6,18,2026-08-21 07:30:03,24.27824,120.55876,1,"6,0",2026-08-21 15:12:29.741980
500612004,YouBike2.0_高美濕地第一停車場,清水區,高美路/美堤街口(東南側),50,8,42,2026-08-21 14:12:04,24.30252,120.54643,1,"8,0",2026-08-21 15:12:29.741980
500612005,YouBike2.0_高美濕地第二停車場,清水區,臨港路六段100號(北側),16,3,13,2026-08-20 19:00:21,24.2956,120.5441,1,"3,0",2026-08-21 15:12:29.741980
500612006,YouBike2.0_高美濕地,清水區,美堤街168號前,60,10,50,2026-08-21 13:47:02,24.31034,120.55019,1,"10,0",2026-08-21 15:12:29.741980
500612007,YouBike2.0_清水車站,清水區,中正街/中正街73巷口(南側),52,10,42,2026-08-21 15:01:03,24.26312,120.57032,1,"10,0",2026-08-21 15:12:29.741980
500612008,YouBike2.0_槺榔運動公園,清水區,港口路/中央路口(西南側),15,3,12,2026-08-21 14:30:21,24.265868,120.546131,1,"3,0",2026-08-21 15:12:29.741980
500612009,YouBike2.0_槺新公園,清水區,中央路38巷/鎮政二街99巷口(西南側),10,3,7,2026-08-21 12:21:03,24.268847,120.549175,1,"3,0",2026-08-21 15:12:29.741980
500612010,YouBike2.0_清水國中,清水區,鰲峰路245號(對側),20,15,5,2026-08-21 14:40:03,24.267703,120.562295,1,"15,0",2026-08-21 15:12:29.741980
500612011,YouBike2.0_牛埔仔運動公園,清水區,信義路115號(對側),15,3,12,2026-08-21 14:23:16,24.264749,120.55254,1,"3,0",2026-08-21 15:12:29.741980
500612012,YouBike2.0_清水高中,清水區,中山路/學園街口(東南側),23,16,7,2026-08-21 15:02:02,24.265751,120.574272,1,"16,0",2026-08-21 15:12:29.741980
500612013,YouBike2.0_牛罵頭停車場(中山路),清水區,中山路/鎮北街23巷口(西南側),8,8,0,2026-08-21 15:07:19,24.268155,120.575002,1,"8,0",2026-08-21 15:12:29.741980
500612014,YouBike2.0_四維港都路口,清水區,四維路二段/港都路口(北側),22,3,19,2026-08-21 14:47:04,24.268124,120.539768,1,"3,0",2026-08-21 15:12:29.741980
500612015,YouBike2.0_牛罵頭遺址,清水區,鰲海路/吳厝路口(西南側),13,1,12,2026-08-21 07:31:04,24.26796,120.58057,1,"1,0",2026-08-21 15:12:29.741980
500612016,YouBike2.0_鰲峰山公園,清水區,鰲海路100號(對側停車場),15,5,10,2026-08-21 14:46:03,24.27362,120.58488,1,"5,0",2026-08-21 15:12:29.741980
500612017,YouBike2.0_清水區公所,清水區,鎮政路/鎮政路55巷口(西側),30,9,21,2026-08-21 14:00:04,24.26848,120.55998,1,"9,0",2026-08-21 15:12:29.741980
500612018,YouBike2.0_清海國中,清水區,中央路/平等路口(西南側),15,8,7,2026-08-21 10:53:02,24.27648,120.55441,1,"8,0",2026-08-21 15:12:29.741980
500612019,YouBike2.0_甲桂林社區,清水區,忠誠路/中社路口(東南側),12,4,8,2026-08-21 06:27:03,24.274235,120.55004,1,"4,0",2026-08-21 15:12:29.741980
500612020,YouBike2.0_運五棒球場,清水區,南社路/中山路田尾巷口(東北側),12,4,7,2026-08-21 07:04:04,24.26336,120.56697,1,"4,0",2026-08-21 15:12:29.741980
500612021,YouBike2.0_海巡署中部分署,清水區,中社路900號,12,4,8,2026-08-21 14:32:04,24.27581,120.54225,1,"4,0",2026-08-21 15:12:29.741980
500612022,YouBike2.0_清水停八停車場,清水區,港都路/港都三路口(西北側),12,2,10,2026-08-21 14:28:02,24.26929,120.5363,1,"2,0",2026-08-21 15:12:29.741980
500612023,YouBike2.0_清水停二停車場,清水區,八德東路241號(對側人行道),30,5,25,2026-08-21 15:10:05,24.26788,120.53717,1,"5,0",2026-08-21 15:12:29.741980
500612024,YouBike2.0_和平新城,清水區,鎮政路27號前,28,9,19,2026-08-21 15:03:03,24.26531,120.56068,1,"9,0",2026-08-21 15:12:29.741980
500612025,YouBike2.0_中華中清路口,清水區,中華路/中清路八段口(東北側),12,3,9,2026-08-21 14:52:03,24.27032,120.5678,1,"3,0",2026-08-21 15:12:29.741980
500612026,YouBike2.0_石瀨頭公園,清水區,光明路62號(東南側),12,3,9,2026-08-21 14:42:02,24.273081,120.580028,1,"3,0",2026-08-21 15:12:29.741980
500612027,YouBike2.0_大楊油庫休憩公園,清水區,鰲海路/海風二街(西南側),10,4,6,2026-08-20 21:45:16,24.295837,120.611673,1,"4,0",2026-08-21 15:12:29.741980
500612028,YouBike2.0_航線休憩驛站,清水區,神清路59號之3前,9,4,5,2026-08-19 20:54:04,24.273993,120.630303,1,"4,0",2026-08-21 15:12:29.741980
500612029,YouBike2.0_吳厝國小,清水區,吳厝路35號,10,5,5,2026-08-21 14:07:02,24.267409,120.602975,1,"5,0",2026-08-21 15:12:29.741980
500612030,YouBike2.0_中山中興街口,清水區,中山路345號前,14,3,11,2026-08-21 15:11:03,24.271872,120.576446,1,"3,0",2026-08-21 15:12:29.741980
500612031,YouBike2.0_聖王宮,清水區,和睦路二段/和睦路二段26巷8弄口(西側),10,6,4,2026-08-21 07:38:02,24.29228,120.632397,1,"5,1",2026-08-21 15:12:29.741980
500612032,YouBike2.0_西寧國小(五權東路),清水區,五權東路/中華路584巷口(東側),13,5,8,2026-08-21 15:09:04,24.275535,120.574531,1,"5,0",2026-08-21 15:12:29.741980
500612033,YouBike2.0_橋頭社區活動中心,清水區,橋江南街68號(西側),13,1,12,2026-08-21 14:41:03,24.279202,120.571783,1,"1,0",2026-08-21 15:12:29.741980
500612034,YouBike2.0_五權路民享路口,清水區,五權路/民享路口(西南側),20,3,17,2026-08-21 15:05:03,24.27669,120.56817,1,"3,0",2026-08-21 15:12:29.741980
500612035,YouBike2.0_漁港海濱路口,清水區,漁港路117號(對側),11,4,7,2026-08-21 11:40:04,24.28701,120.54383,1,"4,0",2026-08-21 15:12:29.741980
500612036,YouBike2.0_漁港文興路口,清水區,漁港路/文興路口(東南側),10,4,6,2026-08-21 10:19:03,24.28829,120.54191,1,"4,0",2026-08-21 15:12:29.741980
500612037,YouBike2.0_五權南平等路口,清水區,五權南路/平等路口(西北側),10,5,5,2026-08-21 13:59:03,24.27454,120.55886,1,"5,0",2026-08-21 15:12:29.741980
500612038,YouBike2.0_五權五權南路口,清水區,五權路269號旁,15,3,12,2026-08-21 13:14:03,24.27722,120.56022,1,"3,0",2026-08-21 15:12:29.741980
500612039,YouBike2.0_牛埔仔運動公園(民權一街),清水區,民權一街178-17號(西北側),15,5,10,2026-08-21 14:22:04,24.26456,120.553838,1,"5,0",2026-08-21 15:12:29.741980
500612040,YouBike2.0_中山星河路口,清水區,中山路2-2號(北側),20,1,19,2026-08-21 14:58:02,24.2598,120.571395,1,"1,0",2026-08-21 15:12:29.741980
500612041,YouBike2.0_中華南華路口,清水區,中華路二段/南華路口(東南側),12,7,5,2026-08-21 07:03:02,24.267257,120.566341,1,"7,0",2026-08-21 15:12:29.741980
500612042,YouBike2.0_中華民族路口,清水區,中華路151-1號(東南側),12,6,6,2026-08-21 12:49:03,24.264166,120.56294,1,"6,0",2026-08-21 15:12:29.741980
500612043,YouBike2.0_中山中正街口,清水區,中山路79號(東北側),19,4,11,2026-08-21 12:13:02,24.262297,120.572531,1,"4,0",2026-08-21 15:12:29.741980
500612044,YouBike2.0_臺中市立圖書館清水分館,清水區,鎮政路50號(北側),12,6,6,2026-08-21 14:11:03,24.266712,120.561329,1,"6,0",2026-08-21 15:12:29.741980
500612045,YouBike2.0_甲南中山路口(西南側),清水區,甲南路/中山路口(西南側),15,6,9,2026-08-21 13:42:02,24.30466,120.60101,1,"6,0",2026-08-21 15:12:29.741980
500612047,YouBike2.0_仁愛民和路二段口,清水區,民和路二段222號(西南側),15,3,12,2026-08-21 14:51:03,24.260769,120.554265,1,"3,0",2026-08-21 15:12:29.741980
500612048,YouBike2.0_仁愛信義路口,清水區,信義路3號(東南側),15,6,9,2026-08-21 13:52:03,24.261709,120.551153,1,"6,0",2026-08-21 15:12:29.741980
500612049,YouBike2.0_中央鎮平路口,清水區,中央路118號(東南側),15,8,7,2026-08-21 11:55:03,24.291249,120.565047,1,"7,1",2026-08-21 15:12:29.741980
500612050,YouBike2.0_建國國小,清水區,建國路10號(東南側),13,6,6,2026-08-21 11:18:03,24.270029,120.563349,1,"6,0",2026-08-21 15:12:29.741980
500612051,YouBike2.0_槺榔社區活動中心,清水區,仁愛路223號(對側),10,3,7,2026-08-21 14:37:02,24.26315,120.54637,1,"3,0",2026-08-21 15:12:29.741980
500612052,YouBike2.0_清水民族民和路口,清水區,民族路二段/民和路二段口(西南側),15,3,12,2026-08-21 14:17:03,24.265425,120.555876,1,"3,0",2026-08-21 15:12:29.741980
500612053,YouBike2.0_橋江北街鎮平路口,清水區,橋江北街二段20號(西北側),10,3,7,2026-08-21 12:25:04,24.29185,120.554667,1,"3,0",2026-08-21 15:12:29.741980
500612055,YouBike2.0_清水車站(後站停車場),清水區,南社路/南新路口(東南側),25,2,22,2026-08-21 15:03:03,24.263967,120.568188,1,"2,0",2026-08-21 15:12:29.741980
500612056,YouBike2.0_中清路橋下籃球場,清水區,中清路八段720號(東側),15,13,2,2026-08-21 15:06:03,24.265886,120.571529,1,"13,0",2026-08-21 15:12:29.741980
500612058,YouBike2.0_清水停三停車場,清水區,港埠路三段209號(南側),20,7,13,2026-08-21 13:43:03,24.26672,120.54323,1,"7,0",2026-08-21 15:12:29.741980
500612059,YouBike2.0_臨港三順路口,清水區,臨港路六段/三順路口(北側),15,7,8,2026-08-20 21:43:03,24.295111,120.555292,1,"7,0",2026-08-21 15:12:29.741980
500612060,YouBike2.0_民安鰲峰路口,清水區,民安路368號對側,15,5,10,2026-08-21 12:45:04,24.26499,120.54941,1,"5,0",2026-08-21 15:12:29.741980
500612061,YouBike2.0_海風里活動中心,清水區,海風二街326巷26號,15,5,10,2026-08-18 20:43:02,24.29552,120.61534,1,"5,0",2026-08-21 15:12:29.741980
500612062,YouBike2.0_大楊國小,清水區,鰲海路325號,15,5,9,2026-08-20 21:48:02,24.29275,120.61049,1,"5,0",2026-08-21 15:12:29.741980
500612063,YouBike2.0_四維東大勇路口,清水區,四維東路472號,17,5,12,2026-08-21 14:23:03,24.26556,120.54094,1,"5,0",2026-08-21 15:12:29.741980
500612065,YouBike2.0_溪底(三美路),清水區,三美路147-2號對側,10,5,5,2026-08-21 13:58:04,24.29902,120.57789,1,"5,0",2026-08-21 15:12:29.741980
500612066,YouBike2.0_三美三田路口,清水區,三美路31-5號對側,15,5,10,2026-08-21 13:09:02,24.29075,120.57477,1,"5,0",2026-08-21 15:12:29.741980
500612067,YouBike2.0_高美中央北路口,清水區,三美路302-6號旁,15,5,10,2026-08-21 14:57:02,24.29065,120.57141,1,"5,0",2026-08-21 15:12:29.741980
500612068,YouBike2.0_大街中航路口,清水區,大街路/中航路三段口,15,2,13,2026-08-21 11:04:02,24.2644,120.57594,1,"2,0",2026-08-21 15:12:29.741980
500612069,YouBike2.0_大秀國小,清水區,中央路67-6號對側,20,3,17,2026-08-21 12:37:04,24.27966,120.55605,1,"3,0",2026-08-21 15:12:29.741980
500612070,YouBike2.0_臺中海洋生態館,清水區,北堤路50號(東南側),20,5,15,2026-08-21 15:04:04,24.295923,120.520487,1,"4,1",2026-08-21 15:12:29.741980
500612071,YouBike2.0_中社里步道,清水區,中社路97之62號(西南側),18,3,15,2026-08-21 10:30:04,24.273149,120.546922,1,"3,0",2026-08-21 15:12:29.741980
500612072,YouBike2.0_槺海公園,清水區,八德路三段300號(西南側),18,5,13,2026-08-20 17:03:02,24.27532,120.537711,1,"5,0",2026-08-21 15:12:29.741980
500612073,YouBike2.0_清水納骨塔服務中心,清水區,頂湳路101號對側,15,4,11,2026-08-21 08:47:02,24.30233,120.60036,1,"4,0",2026-08-21 15:12:29.741980
500612074,YouBike2.0_新興中山路口,清水區,新興路/中山路口(東側),18,2,16,2026-08-21 14:54:03,24.27369,120.57773,1,"2,0",2026-08-21 15:12:29.741980
500612075,YouBike2.0_高美社區公車站,清水區,高美路530號(西北側),12,5,7,2026-08-21 09:27:03,24.308405,120.562726,1,"5,0",2026-08-21 15:12:29.741980
500612077,YouBike2.0_高北加壓站園區,清水區,護岸路121號對側,15,4,11,2026-08-19 16:21:03,24.32401,120.56327,1,"4,0",2026-08-21 15:12:29.741980
500612078,YouBike2.0_中山路福圳街口,清水區,中山路/福圳街口(西南側),18,1,17,2026-08-21 14:41:03,24.27645,120.57780,1,"1,0",2026-08-21 15:12:29.741980
500612079,YouBike2.0_清水區親子公園,清水區,鰲峰路/鰲峰路141巷(東南側),15,5,10,2026-08-21 09:04:02,24.26816,120.57032,1,"5,0",2026-08-21 15:12:29.741980
500612080,YouBike2.0_忠孝路140巷口,清水區,忠孝路/忠孝路140巷口(東北側),15,1,14,2026-08-21 14:20:05,24.26211,120.55892,1,"1,0",2026-08-21 15:12:29.741980
500612081,YouBike2.0_清水國民暨兒童運動中心,清水區,鎮政路/中央路口(西北側),25,10,15,2026-08-21 13:52:03,24.27133,120.55011,1,"10,0",2026-08-21 15:12:29.741980
500612082,YouBike2.0_中央北三田路口,清水區,中央北路10之19號(西南側),13,2,11,2026-08-21 12:25:04,24.29227,120.5746,1,"2,0",2026-08-21 15:12:29.741980
500612084,YouBike2.0_菁埔庄公車站,清水區,中山路/中央北路口(西南側),15,5,10,2026-08-21 14:40:04,24.29609,120.59080,1,"5,0",2026-08-21 15:12:29.741980
500612085,YouBike2.0_和築鯨天下,清水區,民族路三段57號,21,2,19,2026-08-21 14:17:03,24.26876,120.54197,1,"2,0",2026-08-21 15:12:29.741980
500612087,YouBike2.0_鰲新路111巷口,清水區,鰲新路112號,17,5,12,2026-08-21 15:08:03,24.26736,120.55475,1,"4,1",2026-08-21 15:12:29.741980
500612089,YouBike2.0_民族大勇北路口,清水區,民族路三段/大勇北路口(西北側),18,3,15,2026-08-21 14:23:03,24.27193,120.53410,1,"3,0",2026-08-21 15:12:29.741980
500612090,YouBike2.0_清泉國中,清水區,臨海路27之2號(東側),20,0,20,2026-08-21 15:11:03,24.30547,120.59404,1,"0,0",2026-08-21 15:12:29.741980
500612094,YouBike2.0_橋江南街225巷口,清水區,橋江南街225巷口(光明橋旁),18,1,17,2026-08-21 13:13:16,24.28194,120.56500,1,"1,0",2026-08-21 15:12:29.741980
500612095,YouBike2.0_首園公車站,清水區,中社路/鰲峰路380巷口(西北側),18,5,13,2026-08-21 13:35:04,24.27285,120.55458,1,"5,0",2026-08-21 15:12:29.741980
500612096,YouBike2.0_三順路美堤街口,清水區,三順路/美堤街口(東南側),20,2,18,2026-08-21 11:53:03,24.29951,120.54676,1,"2,0",2026-08-21 15:12:29.741980
500612097,YouBike2.0_民族鎮政路口,清水區,民族路二段/鎮政路口(東側),18,6,12,2026-08-21 10:53:02,24.26751,120.54626,1,"6,0",2026-08-21 15:12:29.741980
500612098,YouBike2.0_大街路清水街口,清水區,大街路/清水街口,22,3,19,2026-08-21 14:11:03,24.26850,120.57817,1,"3,0",2026-08-21 15:12:29.741980
500613001,YouBike2.0_北勢國小,沙鹿區,過洋路/過洋路口(東南側),15,4,11,2026-08-21 14:46:03,24.217451,120.57138,1,"4,0",2026-08-21 15:12:29.741980
500613002,YouBike2.0_六福公園,沙鹿區,北勢東路/北勢東路265巷口(西北側),18,7,11,2026-08-21 14:29:03,24.215764,120.579808,1,"7,0",2026-08-21 15:12:29.741980
500613003,YouBike2.0_臺灣大道晉武路口,沙鹿區,臺灣大道七段/晉武路口(西北側),14,0,0,2026-07-12 00:01:03,24.221645,120.579195,0,"0,0",2026-08-21 15:12:29.741980
500613004,YouBike2.0_靜宜大學,沙鹿區,臺灣大道七段200號(南側人行道),28,4,24,2026-08-21 14:06:02,24.225434,120.577231,1,"4,0",2026-08-21 15:12:29.741980
500613005,YouBike2.0_沙鹿車站(中正街東側出口),沙鹿區,中正街94號(東側),20,4,16,2026-08-21 15:06:02,24.23686,120.55765,1,"4,0",2026-08-21 15:12:29.741980
500613006,YouBike2.0_鎮南沙田路口,沙鹿區,鎮南路二段/沙田路口(東北側),15,1,14,2026-08-21 14:57:02,24.23467,120.559418,1,"1,0",2026-08-21 15:12:29.741980
500613007,YouBike2.0_鹿鳴公園(賢義街),沙鹿區,賢義街/光華路口(東南側),25,6,19,2026-08-21 14:44:03,24.243432,120.566751,1,"6,0",2026-08-21 15:12:29.741980
500613008,YouBike2.0_鹿鳴公園(賢正街),沙鹿區,賢正街/賢正街口(西北側),25,7,18,2026-08-21 09:58:02,24.242816,120.568445,1,"7,0",2026-08-21 15:12:29.741980
500613009,YouBike2.0_鹿寮成衣商圈(中山路),沙鹿區,中山路/錦華街口(東北側),13,1,12,2026-08-21 14:47:04,24.249281,120.565039,1,"0,1",2026-08-21 15:12:29.741980
500613010,YouBike2.0_沙鹿區兒童公園,沙鹿區,北勢東路/北勢二街口(西南側),10,3,7,2026-08-21 14:33:05,24.229714,120.569901,1,"3,0",2026-08-21 15:12:29.741980
500613011,YouBike2.0_臺灣大道正英路口,沙鹿區,臺灣大道六段/正英路口(西北側),16,6,10,2026-08-21 15:04:03,24.210069,120.58112,1,"5,1",2026-08-21 15:12:29.741980
500613012,YouBike2.0_沙鹿車站(新站路西側出口),沙鹿區,新站三路/新站路口(西北側),39,12,27,2026-08-21 14:49:04,24.23752,120.55638,1,"12,0",2026-08-21 15:12:29.741980
500613013,YouBike2.0_沙鹿高工,沙鹿區,台灣大道七段/光華路口(東南側),28,21,7,2026-08-21 15:11:03,24.23888,120.56583,1,"21,0",2026-08-21 15:12:29.741980
500613014,YouBike2.0_沙鹿區公所,沙鹿區,鎮政路/鎮南路二段口(東北側),22,0,0,2026-07-22 01:34:02,24.23392,120.56586,0,"0,0",2026-08-21 15:12:29.741980
500613015,YouBike2.0_光大公園,沙鹿區,光大路/光華路口(東北側),30,8,22,2026-08-21 13:58:03,24.24384,120.56529,1,"8,0",2026-08-21 15:12:29.741980
500613016,YouBike2.0_中山光華路口,沙鹿區,中山路/光華路口(西北側),38,8,30,2026-08-21 14:49:04,24.23736,120.56425,1,"8,0",2026-08-21 15:12:29.741980
500613017,YouBike2.0_中山路四平街口,沙鹿區,中山路/四平街口(西南側),22,10,12,2026-08-21 15:07:05,24.23781,120.56093,1,"10,0",2026-08-21 15:12:29.741980
500613018,YouBike2.0_三鹿社區活動中心,沙鹿區,自強路/自強路291巷口(西北側),10,5,5,2026-08-21 14:31:03,24.201468,120.567989,1,"5,0",2026-08-21 15:12:29.741980
500613019,YouBike2.0_沙鹿區青年公園,沙鹿區,東晉路/東晉路六福巷口(東南側),13,7,6,2026-08-21 15:10:05,24.222319,120.573356,1,"7,0",2026-08-21 15:12:29.741980
500613020,YouBike2.0_弘光科技大學,沙鹿區,臺灣大道六段1018號(北側人行道),24,6,18,2026-08-21 14:24:03,24.217922,120.58057,1,"6,0",2026-08-21 15:12:29.741980
500613021,YouBike2.0_青山公園,沙鹿區,福至路/鎮南路二段口(西南側),20,2,18,2026-08-21 15:00:05,24.226272,120.567651,1,"2,0",2026-08-21 15:12:29.741980
500613022,YouBike2.0_臺中港區運動公園,沙鹿區,自強路301號(東側),15,2,13,2026-08-21 14:59:03,24.204026,120.564745,1,"2,0",2026-08-21 15:12:29.741980
500613023,YouBike2.0_沙鹿區勞工服務中心,沙鹿區,沙鹿區中山路658號前,15,0,15,2026-07-12 00:01:03,24.257691,120.570205,0,"0,0",2026-08-21 15:12:29.741980
500613024,YouBike2.0_三民七賢南路口,沙鹿區,三民路/七賢南路口(西南側),21,5,16,2026-08-21 12:13:02,24.241513,120.570703,1,"5,0",2026-08-21 15:12:29.741980
500613025,YouBike2.0_臺灣大道北勢東路658巷口,沙鹿區,臺灣大道七段/北勢東路658巷口(東南側),16,7,9,2026-08-21 12:05:03,24.23036,120.57357,1,"7,0",2026-08-21 15:12:29.741980
500613026,YouBike2.0_南勢溪公園,沙鹿區,南斗路/自由路口(南側),12,2,10,2026-08-21 15:02:02,24.216695,120.562927,1,"2,0",2026-08-21 15:12:29.741980
500613027,YouBike2.0_臺中市立圖書館沙鹿深波分館,沙鹿區,鎮南路二段500號(西南側機車停車棚),15,5,10,2026-08-21 14:49:05,24.233541,120.563636,1,"5,0",2026-08-21 15:12:29.741980
500613028,YouBike2.0_臺灣大道臺灣大道六段926巷口,沙鹿區,臺灣大道六段/臺灣大道六段926巷口(西南側),19,3,16,2026-08-21 06:45:03,24.214325,120.580575,1,"3,0",2026-08-21 15:12:29.741980
500613029,YouBike2.0_沙鹿區公館公園,沙鹿區,中清路六段161號(東南側),15,7,8,2026-08-21 12:21:03,24.24525,120.61105,1,"7,0",2026-08-21 15:12:29.741980
500613030,YouBike2.0_鹿峰公園,沙鹿區,星河路604號(對側),15,2,13,2026-08-21 06:01:02,24.25923,120.57417,1,"2,0",2026-08-21 15:12:29.741980
500613031,YouBike2.0_鹿峰國小(星河路),沙鹿區,星河路255號(對側),12,0,12,2026-07-12 00:01:03,24.25616,120.5713,0,"0,0",2026-08-21 15:12:29.741980
500613032,YouBike2.0_臺中市立公明國民中學,沙鹿區,中清路六段567號,20,8,11,2026-08-21 14:31:03,24.24971,120.59866,1,"8,0",2026-08-21 15:12:29.741980
500613033,YouBike2.0_向上路七段太平路口(西南側),沙鹿區,太平路112號(西北側),15,5,10,2026-08-21 14:21:03,24.217419,120.547859,1,"5,0",2026-08-21 15:12:29.741980
500613034,YouBike2.0_清泉社區活動中心,沙鹿區,東大路二段1577號(南側),14,5,9,2026-08-21 14:20:05,24.241504,120.614668,1,"5,0",2026-08-21 15:12:29.741980
500613035,YouBike2.0_明秀公園,沙鹿區,正順路/正義路107巷口(東南側),27,2,25,2026-08-21 15:08:03,24.204865,120.572616,1,"2,0",2026-08-21 15:12:29.741980
500613036,YouBike2.0_斗抵社區活動中心,沙鹿區,斗潭路/斗潭路195巷口(西南側),26,3,23,2026-08-21 14:55:03,24.22542,120.55431,1,"3,0",2026-08-21 15:12:29.741980
500613037,YouBike2.0_沙田天仁街口,沙鹿區,沙田路/天仁街口(東北側),15,1,14,2026-08-21 13:18:03,24.22298,120.55704,1,"1,0",2026-08-21 15:12:29.741980
500613038,YouBike2.0_公明國小,沙鹿區,忠貞路213號,10,6,4,2026-08-21 12:24:02,24.24367,120.60837,1,"6,0",2026-08-21 15:12:29.741980
500613039,YouBike2.0_南斗宮,沙鹿區,南陽路三角巷3-1號,14,2,12,2026-08-21 13:42:02,24.21741,120.56791,1,"2,0",2026-08-21 15:12:29.741980
500613040,YouBike2.0_南勢溪口,沙鹿區,南昌路/南斗路(西南側),15,3,12,2026-08-21 06:11:02,24.2154,120.55836,1,"3,0",2026-08-21 15:12:29.741980
500613041,YouBike2.0_中山路紅竹巷口,沙鹿區,中山路/中山路紅竹巷口(西側),15,1,14,2026-08-21 15:09:58,24.23784,120.57052,1,"1,0",2026-08-21 15:12:29.741980
500613042,YouBike2.0_沙田路永和巷口,沙鹿區,沙田路永和巷5號(南側),12,3,9,2026-08-21 08:24:03,24.229117,120.55792,1,"3,0",2026-08-21 15:12:29.741980
500613043,YouBike2.0_舞衫生態公園(自強路),沙鹿區,自強路1028號(西北側),15,3,12,2026-08-21 14:01:03,24.2101,120.5559,1,"3,0",2026-08-21 15:12:29.741980
500613044,YouBike2.0_翔園(中清路六段451巷),沙鹿區,中清路六段451巷/忠貞路20巷(西北側),15,6,9,2026-08-21 14:44:03,24.246797,120.602783,1,"6,0",2026-08-21 15:12:29.741980
500613045,YouBike2.0_斗潭斗潭路393巷口(東北側),沙鹿區,斗潭路402號旁,15,7,8,2026-08-21 13:19:03,24.2308,120.55689,1,"7,0",2026-08-21 15:12:29.741980
500613046,YouBike2.0_興安興安路80巷口,沙鹿區,興安路/興安路80巷口(東南側),15,8,7,2026-08-21 13:59:03,24.22919,120.55081,1,"8,0",2026-08-21 15:12:29.741980
500613047,YouBike2.0_沙鹿運十九棒球場,沙鹿區,保順一街/保成八街口(東北側),15,4,11,2026-08-21 15:06:03,24.208649,120.563949,1,"4,0",2026-08-21 15:12:29.741980
500613048,YouBike2.0_大智路中山路田尾巷366弄口,沙鹿區,大智路一段/中山路田尾巷366弄口(北側),15,5,10,2026-08-21 14:56:02,24.2499,120.55869,1,"5,0",2026-08-21 15:12:29.741980
500613049,YouBike2.0_晉宜公園,沙鹿區,晉文路149巷/晉文路口,20,11,9,2026-08-21 15:11:03,24.22378,120.58084,1,"11,0",2026-08-21 15:12:29.741980
500613051,YouBike2.0_公館國小,沙鹿區,中航路二段40號前,16,4,12,2026-08-21 09:28:02,24.26094,120.59520,1,"4,0",2026-08-21 15:12:29.741980
500613052,YouBike2.0_鹿峰國小(中山路),沙鹿區,中山路/星河路口(東北側),17,4,13,2026-08-21 14:34:03,24.25605,120.56932,1,"4,0",2026-08-21 15:12:29.741980
500613053,YouBike2.0_都發局(沙鹿檔案大樓),沙鹿區,中山路/中山路580巷口,13,1,12,2026-08-21 14:22:21,24.25287,120.56721,1,"1,0",2026-08-21 15:12:29.741980
500613054,YouBike2.0_保成路120巷保成路口,沙鹿區,保成路120巷/保成路口(北側),18,3,15,2026-08-21 11:12:04,24.21217,120.56651,1,"3,0",2026-08-21 15:12:29.741980
500613055,YouBike2.0_向上屏西路口,沙鹿區,向上路七段29號前,20,5,15,2026-08-21 10:27:04,24.20429,120.56615,1,"5,0",2026-08-21 15:12:29.741980
500613056,YouBike2.0_光正街中山路口,沙鹿區,光正街/中山路口(東南側),20,11,9,2026-08-21 14:52:03,24.24431,120.56227,1,"11,0",2026-08-21 15:12:29.741980
500613057,YouBike2.0_正英屏西路口,沙鹿區,正英路/屏西路口(東南側),18,3,15,2026-08-21 15:06:03,24.21172,120.57055,1,"3,0",2026-08-21 15:12:29.741980
500613058,YouBike2.0_屏西正德路口,沙鹿區,屏西路106號旁,18,4,14,2026-08-21 12:04:03,24.20761,120.56831,1,"4,0",2026-08-21 15:12:29.741980
500613059,YouBike2.0_向上保寧路口,沙鹿區,向上路七段110號前,22,5,17,2026-08-21 10:01:03,24.20595,120.56477,1,"5,0",2026-08-21 15:12:29.741980
500613060,YouBike2.0_和睦中航路口,沙鹿區,和睦路三段/中航路一段口,16,8,8,2026-08-21 14:33:05,24.25853,120.60177,1,"8,0",2026-08-21 15:12:29.741980
500613061,YouBike2.0_中山路669巷口,沙鹿區,中山路669巷/星海路口,20,1,19,2026-08-21 15:00:05,24.25757,120.56794,1,"1,0",2026-08-21 15:12:29.741980
500613062,YouBike2.0_臺灣大道中山路口,沙鹿區,中山路407號前,26,13,13,2026-08-21 14:53:02,24.24133,120.56056,1,"12,1",2026-08-21 15:12:29.741980
500613063,YouBike2.0_舞衫生態公園,沙鹿區,三鹿街/寶格街口,15,3,11,2026-08-21 10:25:02,24.20890,120.55552,1,"3,0",2026-08-21 15:12:29.741980
500614001,YouBike2.0_大甲鎮瀾宮,大甲區,鎮瀾街105號(對側停車場),47,2,45,2026-08-21 14:38:04,24.344629,120.623701,1,"2,0",2026-08-21 15:12:29.741980
500614002,YouBike2.0_大甲區壘球場,大甲區,錦上街/雁門路口(東南側),24,12,12,2026-08-21 15:06:02,24.35431,120.62603,1,"12,0",2026-08-21 15:12:29.741980
500614003,YouBike2.0_大甲區公所,大甲區,新政路/三民路口(東南側),22,14,8,2026-08-21 15:05:03,24.34981,120.62264,1,"14,0",2026-08-21 15:12:29.741980
500614004,YouBike2.0_大甲車站,大甲區,中山路一段/蔣公路口(東南側),65,20,45,2026-08-21 15:11:03,24.34418,120.62688,1,"20,0",2026-08-21 15:12:29.741980
500614005,YouBike2.0_大甲體育場,大甲區,大安港路/大安港路53巷口(西北側),26,18,8,2026-08-21 15:09:04,24.35038,120.61575,1,"18,0",2026-08-21 15:12:29.741980
500614006,YouBike2.0_大甲高中,大甲區,水源路/中山路一段口(西南側),30,8,22,2026-08-21 15:11:03,24.34222,120.62265,1,"8,0",2026-08-21 15:12:29.741980
500614007,YouBike2.0_長青活動中心,大甲區,水源路/甲東路口(東北側),30,5,25,2026-08-21 15:06:02,24.34069,120.62702,1,"4,1",2026-08-21 15:12:29.741980
500614008,YouBike2.0_文昌國小,大甲區,育德路/民生路口(西南側),24,13,11,2026-08-21 15:05:03,24.34761,120.6242,1,"13,0",2026-08-21 15:12:29.741980
500614009,YouBike2.0_順天國小,大甲區,經國路/新美街口(東北側),16,2,14,2026-08-21 13:14:03,24.34415,120.61746,1,"2,0",2026-08-21 15:12:29.741980
500614010,YouBike2.0_大甲高工,大甲區,開元路71號(西南側),56,9,47,2026-08-21 13:34:02,24.34661,120.63969,1,"9,0",2026-08-21 15:12:29.741980
500614011,YouBike2.0_日南車站,大甲區,中山路二段140巷口/中山路二段口(東南側),22,12,10,2026-08-21 14:58:02,24.3781,120.65396,1,"6,6",2026-08-21 15:12:29.741980
500614012,YouBike2.0_孟春兒童遊樂場,大甲區,慈德路/慈德路175巷口(西北側),22,3,19,2026-08-21 15:10:05,24.38297,120.653,1,"3,0",2026-08-21 15:12:29.741980
500614013,YouBike2.0_大甲車站旁機車停車場,大甲區,中山路一段/南陽街口(東側),33,8,25,2026-08-21 14:44:03,24.34353,120.62592,1,"8,0",2026-08-21 15:12:29.741980
500614015,YouBike2.0_大甲網球場,大甲區,甲東路/水源路452巷188弄口(西南側),30,4,26,2026-08-21 13:41:03,24.34007,120.63077,1,"4,0",2026-08-21 15:12:29.741980
500614016,YouBike2.0_大甲經國停車場,大甲區,經國路888號(東側停車場),15,7,8,2026-08-21 10:52:03,24.35567,120.62039,1,"7,0",2026-08-21 15:12:29.741980
500614017,YouBike2.0_文昌國小(雁門路),大甲區,雁門路/文昌街口(東北側),20,7,13,2026-08-21 15:11:03,24.34798,120.62334,1,"7,0",2026-08-21 15:12:29.741980
500614018,YouBike2.0_水尾橋,大甲區,中山路一段530號(對側),14,8,6,2026-08-21 14:55:03,24.3396,120.61862,1,"8,0",2026-08-21 15:12:29.741980
500614019,YouBike2.0_甲后停車場,大甲區,甲后路5段519巷/甲后路5段519巷35弄口(西南側),38,7,31,2026-08-21 13:52:03,24.34379,120.627327,1,"6,1",2026-08-21 15:12:29.741980
500614020,YouBike2.0_日南幸福公園,大甲區,黎明路/中山路二段口(東北側),12,4,8,2026-08-20 19:30:03,24.39227,120.65522,1,"4,0",2026-08-21 15:12:29.741980
500614021,YouBike2.0_日南庄福德祠,大甲區,日南路85號,12,6,6,2026-08-21 13:44:03,24.39411,120.64965,1,"6,0",2026-08-21 15:12:29.741980
500614022,YouBike2.0_日南社區暨長照服務活動中心,大甲區,幼二路36號,15,3,12,2026-08-21 14:53:02,24.405765,120.647239,1,"2,1",2026-08-21 15:12:29.741980
500614023,YouBike2.0_建興長壽會館,大甲區,如意路25之1號,11,2,9,2026-08-20 18:35:05,24.414373,120.615143,1,"2,0",2026-08-21 15:12:29.741980
500614024,YouBike2.0_西岐公園,大甲區,順帆路121巷117號(東側公園),15,4,11,2026-08-21 14:44:03,24.421203,120.627193,1,"4,0",2026-08-21 15:12:29.741980
500614025,YouBike2.0_松柏漁港,大甲區,順帆路233號(西北側自行車道),15,5,10,2026-08-21 14:48:03,24.42852,120.617122,1,"5,0",2026-08-21 15:12:29.741980
500614026,YouBike2.0_巨大大甲分公司,大甲區,順帆路19號前,32,6,26,2026-08-21 14:24:03,24.40865,120.63807,1,"6,0",2026-08-21 15:12:29.741980
500614027,YouBike2.0_致用高中,大甲區,水源路452巷70弄/水源路452巷110弄口(南側),30,13,17,2026-08-21 12:58:03,24.341902,120.630141,1,"13,0",2026-08-21 15:12:29.741980
500614028,YouBike2.0_大甲區衛生所,大甲區,德興路34之24號(對側),7,6,1,2026-08-21 15:08:02,24.35034,120.62436,1,"6,0",2026-08-21 15:12:29.741980
500614029,YouBike2.0_文武公園,大甲區,和平路/和平路253巷口(西北側),20,10,10,2026-08-21 14:32:04,24.354969,120.621777,1,"10,0",2026-08-21 15:12:29.741980
500614030,YouBike2.0_日南公園,大甲區,中山路二段/慈德路口(東北側),15,2,13,2026-08-21 13:33:03,24.38203,120.655634,1,"2,0",2026-08-21 15:12:29.741980
500614031,YouBike2.0_大甲區停二停車場,大甲區,甲后路五段335巷77號(南側停車場),12,2,10,2026-08-21 13:05:03,24.343886,120.631383,1,"2,0",2026-08-21 15:12:29.741980
500614032,YouBike2.0_中山路一段568巷口,大甲區,義和二街177巷1號(北側),15,5,10,2026-08-21 14:54:02,24.33932,120.62213,1,"5,0",2026-08-21 15:12:29.741980
500614033,YouBike2.0_日南國小,大甲區,中山路二段568號,9,2,7,2026-08-21 14:20:22,24.38964,120.65425,1,"2,0",2026-08-21 15:12:29.741980
500614034,YouBike2.0_文武國小,大甲區,文曲路61號,12,4,8,2026-08-21 11:25:04,24.33604,120.60097,1,"3,1",2026-08-21 15:12:29.741980
500614035,YouBike2.0_東安文曲路口,大甲區,東安路416號(西南側),10,2,8,2026-08-21 14:04:02,24.333762,120.598093,1,"2,0",2026-08-21 15:12:29.741980
500614038,YouBike2.0_東明國小,大甲區,東明路93號前,8,4,4,2026-08-21 11:57:03,24.374772,120.680576,1,"3,1",2026-08-21 15:12:29.741980
500614039,YouBike2.0_九張犁公園,大甲區,通天路47號(東北側),15,4,11,2026-08-20 18:27:01,24.37339,120.66497,1,"4,0",2026-08-21 15:12:29.741980
500614040,YouBike2.0_賢仁農安路口(西南側),大甲區,賢仁路89號(對側),10,3,7,2026-08-21 14:40:04,24.36009,120.62257,1,"3,0",2026-08-21 15:12:29.741980
500614043,YouBike2.0_順天國小(新美街),大甲區,新美街/永順街口(西北側),11,0,11,2026-08-21 15:09:58,24.34322,120.61907,1,"0,0",2026-08-21 15:12:29.741980
500614044,YouBike2.0_德元宮,大甲區,南北三路16號(西側),12,2,10,2026-08-21 15:11:18,24.36309,120.623671,1,"2,0",2026-08-21 15:12:29.741980
500614046,YouBike2.0_大甲國小,大甲區,育德路201巷/育德路口(西北側),15,9,6,2026-08-21 15:05:03,24.350222,120.625922,1,"9,0",2026-08-21 15:12:29.741980
500614047,YouBike2.0_大甲國中,大甲區,育英路186號(西南側),15,8,7,2026-08-21 15:07:05,24.353295,120.622082,1,"8,0",2026-08-21 15:12:29.741980
500614048,YouBike2.0_大甲青一路,大甲區,青一路/青一路2巷口(西北側),15,5,10,2026-08-21 15:09:04,24.40467,120.642198,1,"3,2",2026-08-21 15:12:29.741980
500614049,YouBike2.0_幼二中山路口,大甲區,幼二路/中山路口(東北側),15,8,7,2026-08-21 14:55:03,24.401339,120.644167,1,"8,0",2026-08-21 15:12:29.741980
500614050,YouBike2.0_光田醫院(大甲院區),大甲區,經國路/蔣公路口(東南側),16,10,5,2026-08-21 14:34:03,24.347557,120.617267,1,"10,0",2026-08-21 15:12:29.741980
500614051,YouBike2.0_江南里活動中心,大甲區,東西六路111號,13,4,9,2026-08-21 14:50:04,24.369982,120.635374,1,"4,0",2026-08-21 15:12:29.741980
500614052,YouBike2.0_東西七南北一路口,大甲區,東西七路一段98號(東南側),15,5,10,2026-08-21 12:03:04,24.36677,120.637299,1,"5,0",2026-08-21 15:12:29.741980
500614053,YouBike2.0_義和二義和三街口,大甲區,義和二街112號旁,15,6,9,2026-08-21 13:19:03,24.33772,120.62004,1,"6,0",2026-08-21 15:12:29.741980
500614054,YouBike2.0_經國東西七路口,大甲區,經國路/東西七路一段口,15,2,13,2026-08-21 07:53:02,24.36574,120.64136,1,"2,0",2026-08-21 15:12:29.741980
500614055,YouBike2.0_大發中山路口,大甲區,大發路211號(東側),18,6,11,2026-08-21 14:29:03,24.3548,120.63267,1,"5,1",2026-08-21 15:12:29.741980
500614056,YouBike2.0_順天國中(新政路),大甲區,新政路460號(對側人行道),20,10,10,2026-08-21 13:43:03,24.34986,120.61371,1,"10,0",2026-08-21 15:12:29.741980
500614057,YouBike2.0_中山東安路口,大甲區,中山路一段/東安路口(東北側),15,2,13,2026-08-21 13:44:03,24.326508,120.608089,1,"2,0",2026-08-21 15:12:29.741980
500614058,YouBike2.0_大甲西濱橋下運動公園,大甲區,北堤西路/堤防路口(東北側),18,5,13,2026-08-20 18:50:03,24.40345,120.61197,1,"4,1",2026-08-21 15:12:29.741980
500614059,YouBike2.0_船頭埔福德宮,大甲區,順帆路127號(南側),15,5,10,2026-08-21 14:52:03,24.43013,120.62585,1,"4,1",2026-08-21 15:12:29.741980
500614061,YouBike2.0_下庄(雜貨店)公車站,大甲區,長壽路/長壽東西九路口(東北側),15,5,10,2026-08-15 17:26:03,24.4243,120.63438,1,"5,0",2026-08-21 15:12:29.741980
500614062,YouBike2.0_中山路一段908巷口,大甲區,中山路一段908巷/中山路一段口(東南側),19,3,16,2026-08-21 14:26:03,24.35084,120.62837,1,"3,0",2026-08-21 15:12:29.741980
500614063,YouBike2.0_朝陽里辦公處,大甲區,新政路/中山路一段口(西北側),21,2,19,2026-08-21 15:07:05,24.34761,120.62734,1,"2,0",2026-08-21 15:12:29.741980
500614064,YouBike2.0_大呷麵本家,大甲區,重義二路153號(西南側),16,3,13,2026-08-21 12:47:02,24.33518,120.61296,1,"3,0",2026-08-21 15:12:29.741980
500614066,YouBike2.0_大甲李綜合醫院,大甲區,新政路282號對側,26,10,15,2026-08-21 15:11:03,24.35128,120.61835,1,"9,1",2026-08-21 15:12:29.741980
500614067,YouBike2.0_龍泉里活動中心,大甲區,吉祥一街9號前,15,3,12,2026-08-21 07:33:04,24.40193,120.63774,1,"2,1",2026-08-21 15:12:29.741980
500615001,YouBike2.0_東新國小,東勢區,勢林街247號(對側人行道),30,6,24,2026-08-21 13:06:02,24.26017,120.82761,1,"6,0",2026-08-21 15:12:29.741980
500615002,YouBike2.0_三民街停車場,東勢區,三民街33號旁,26,4,22,2026-08-21 14:42:02,24.25244,120.8307,1,"4,0",2026-08-21 15:12:29.741980
500615003,YouBike2.0_東勢國小,東勢區,三民街193號(對側人行道),22,9,12,2026-08-21 15:07:05,24.25885,120.82934,1,"9,0",2026-08-21 15:12:29.741980
500615004,YouBike2.0_東新國中,東勢區,東環街123號前,8,4,4,2026-08-21 13:00:03,24.26294,120.83004,1,"4,0",2026-08-21 15:12:29.741980
500615005,YouBike2.0_細停廣1停車場,東勢區,東南街/東蘭路口(東北側),14,4,9,2026-08-21 10:49:03,24.26305,120.82712,1,"3,1",2026-08-21 15:12:29.741980
500615006,YouBike2.0_臺中客家樂活園區,東勢區,圓樓街/圓樓前街口(東南側),11,10,1,2026-08-21 14:57:18,24.24898,120.83556,1,"10,0",2026-08-21 15:12:29.741980
500615007,YouBike2.0_東勢林管處(雙崎工作站),東勢區,東坑路10巷26號(對側人行道),16,1,15,2026-08-21 14:27:04,24.24655,120.83246,1,"1,0",2026-08-21 15:12:29.741980
500615008,YouBike2.0_大茅埔停車場,東勢區,東關路五段432號(北側),10,4,6,2026-08-21 12:24:02,24.203917,120.839755,1,"4,0",2026-08-21 15:12:29.741980
500615009,YouBike2.0_文新二文新五街口,東勢區,文新二街/文新五街口(東南側),16,9,6,2026-08-21 15:03:03,24.266237,120.828421,1,"9,0",2026-08-21 15:12:29.741980
500615010,YouBike2.0_東關路正一街口,東勢區,東關路七段/正一街口,19,4,15,2026-08-21 10:39:02,24.25675,120.82486,1,"4,0",2026-08-21 15:12:29.741980
500615011,YouBike2.0_石城復興宮,東勢區,石城街326號,18,3,15,2026-08-21 06:09:03,24.2853,120.78908,1,"3,0",2026-08-21 15:12:29.741980
500615012,YouBike2.0_東關路第一橫街口,東勢區,東關路七段336號前,18,5,13,2026-08-21 10:09:04,24.25277,120.82674,1,"5,0",2026-08-21 15:12:29.741980
500615013,YouBike2.0_新盛國小,東勢區,新盛街342號前,18,8,10,2026-08-21 12:53:02,24.24369,120.83185,1,"7,1",2026-08-21 15:12:29.741980
500615014,YouBike2.0_東蘭路西門巷粵寧街口,東勢區,東蘭路西門巷76-11號旁,18,7,11,2026-08-21 12:15:04,24.26922,120.82465,1,"7,0",2026-08-21 15:12:29.741980
500615015,YouBike2.0_上城里停車場,東勢區,上城街135號對側,18,7,11,2026-08-21 12:36:03,24.21877,120.83842,1,"7,0",2026-08-21 15:12:29.741980
500615016,YouBike2.0_福隆停車場,東勢區,東坑路188號對側,18,4,13,2026-08-21 13:27:03,24.24515,120.84091,1,"4,0",2026-08-21 15:12:29.741980
500615017,YouBike2.0_大雪山後門公車站,東勢區,東坑路253號對側,18,2,15,2026-08-21 15:01:03,24.24483,120.83723,1,"2,0",2026-08-21 15:12:29.741980
500616001,YouBike2.0_中港國小,梧棲區,文明街66巷/文明街口(西南側),10,0,10,2026-08-21 14:33:18,24.241191,120.555721,1,"0,0",2026-08-21 15:12:29.741980
500616002,YouBike2.0_大智路停車場,梧棲區,大智路二段/大智路二段370巷口(東側),30,9,21,2026-08-21 15:10:05,24.25991,120.53398,1,"9,0",2026-08-21 15:12:29.741980
500616003,YouBike2.0_梧棲國小,梧棲區,文化路二段/民生街口(西南側),26,0,26,2026-08-21 14:43:16,24.25359,120.53005,1,"0,0",2026-08-21 15:12:29.741980
500616004,YouBike2.0_梧棲區公所,梧棲區,中和街66號,24,5,13,2026-08-21 14:24:03,24.25492,120.5315,1,"5,0",2026-08-21 15:12:29.741980
500616005,YouBike2.0_中港高中,梧棲區,文華街/文華街194巷口(東南側),20,5,15,2026-08-21 15:07:05,24.24603,120.54208,1,"5,0",2026-08-21 15:12:29.741980
500616006,YouBike2.0_南簡運動場,梧棲區,大仁路一段465巷88號(對側人行道),18,5,13,2026-08-21 13:30:03,24.25878,120.54341,1,"5,0",2026-08-21 15:12:29.741980
500616007,YouBike2.0_清水分局安寧派出所,梧棲區,中央路二段/臺灣大道八段口(北側),15,5,10,2026-08-21 14:59:03,24.2493,120.53869,1,"5,0",2026-08-21 15:12:29.741980
500616008,YouBike2.0_臺中市立圖書館梧棲親子館,梧棲區,臺灣大道九段116巷/民生街口(南側),15,9,6,2026-08-21 14:24:03,24.251971,120.532989,1,"9,0",2026-08-21 15:12:29.741980
500616009,YouBike2.0_梧棲運15運動公園,梧棲區,建國北街315巷9弄/文化路一段口(東南側),15,5,10,2026-08-21 14:09:03,24.24992,120.52935,1,"5,0",2026-08-21 15:12:29.741980
500616010,YouBike2.0_梧棲區農會本部,梧棲區,港埠路一段545號,15,4,11,2026-08-21 12:34:03,24.23694,120.5303,1,"4,0",2026-08-21 15:12:29.741980
500616011,YouBike2.0_頂魚寮公園,梧棲區,八德東路/八德一路口(東北側),15,9,6,2026-08-21 15:01:03,24.26501,120.53596,1,"9,0",2026-08-21 15:12:29.741980
500616012,YouBike2.0_草湳社區活動中心,梧棲區,自強二街/自立一街口(西側),15,3,12,2026-08-21 14:34:03,24.240913,120.530291,1,"2,1",2026-08-21 15:12:29.741980
500616013,YouBike2.0_梧棲游泳池,梧棲區,中興路/中興路217巷口(西北側),17,3,14,2026-08-21 14:45:03,24.255059,120.533436,1,"3,0",2026-08-21 15:12:29.741980
500616014,YouBike2.0_梧棲中正田徑場,梧棲區,中正路303巷70號(對側停車場),15,10,5,2026-08-21 14:05:04,24.250176,120.542699,1,"9,1",2026-08-21 15:12:29.741980
500616015,YouBike2.0_長春中華路口,梧棲區,長春路/中華路口(東南側),20,1,19,2026-08-21 10:07:02,24.25685,120.55886,1,"1,0",2026-08-21 15:12:29.741980
500616016,YouBike2.0_長春民族路口,梧棲區,長春路/民族路口(西北側),20,2,18,2026-08-21 14:50:04,24.256,120.56181,1,"2,0",2026-08-21 15:12:29.741980
500616017,YouBike2.0_大智民安路口(北側),梧棲區,大智路一段/大智路一段832巷口(西側),15,6,9,2026-08-21 12:45:04,24.255996,120.54444,1,"6,0",2026-08-21 15:12:29.741980
500616018,YouBike2.0_大智民安路口(南側),梧棲區,大智路一段731號(西側),14,2,12,2026-08-21 13:59:03,24.254967,120.546004,1,"1,1",2026-08-21 15:12:29.741980
500616019,YouBike2.0_大智中央路口(東北側),梧棲區,大智路一段/中央路二段口(東北側),15,2,13,2026-08-21 12:43:03,24.257079,120.541712,1,"2,0",2026-08-21 15:12:29.741980
500616020,YouBike2.0_大智四維東路口(北側),梧棲區,大智路二段/四維東路口(北側),12,4,8,2026-08-21 14:29:03,24.258463,120.537845,1,"4,0",2026-08-21 15:12:29.741980
500616021,YouBike2.0_大智民和路口,梧棲區,大智路一段525號,15,5,10,2026-08-21 14:09:03,24.253279,120.550595,1,"5,0",2026-08-21 15:12:29.741980
500616022,YouBike2.0_頂寮文化廣場,梧棲區,八德路一段/八德二路口(西南側),22,3,19,2026-08-21 13:40:04,24.26601,120.53376,1,"3,0",2026-08-21 15:12:29.741980
500616023,YouBike2.0_中橫一路公園,梧棲區,中橫一路/中一路口(西北側),15,10,5,2026-08-21 13:52:03,24.25668,120.52531,1,"10,0",2026-08-21 15:12:29.741980
500616024,YouBike2.0_臺中港旅客服務中心,梧棲區,中二路一段9號(公車站東南側),15,7,8,2026-08-21 13:21:04,24.25956,120.52223,1,"7,0",2026-08-21 15:12:29.741980
500616025,YouBike2.0_大智梧北路口(西北側),梧棲區,大智路二段/梧北路口(西北側),12,3,9,2026-08-21 12:28:03,24.2614,120.52977,1,"3,0",2026-08-21 15:12:29.741980
500616026,YouBike2.0_大智梧北路口(西南側),梧棲區,大智路二段/梧北路口(西南側),12,5,7,2026-08-21 13:47:02,24.2611,120.52972,1,"5,0",2026-08-21 15:12:29.741980
500616027,YouBike2.0_大智路二段195巷口(西側),梧棲區,大智路二段/大智路二段195巷口(西側),10,2,7,2026-08-21 13:25:03,24.25824,120.53763,1,"2,0",2026-08-21 15:12:29.741980
500616028,YouBike2.0_永寧國小,梧棲區,中央路一段160號(北側),15,7,8,2026-08-21 10:50:04,24.229757,120.532559,1,"7,0",2026-08-21 15:12:29.741980
500616029,YouBike2.0_文昌中央路口(東南側),梧棲區,文昌路/中央路一段口(東南側),10,1,9,2026-08-21 12:20:03,24.24505,120.53809,1,"1,0",2026-08-21 15:12:29.741980
500616030,YouBike2.0_中港高中(文昌路),梧棲區,文昌路/立德街口(北側),15,6,9,2026-08-21 15:11:03,24.2437,120.54346,1,"6,0",2026-08-21 15:12:29.741980
500616031,YouBike2.0_臺灣大道民和路口(東南側),梧棲區,臺灣大道八段/民和路一段口(東南側),15,2,13,2026-08-21 15:10:05,24.245334,120.548225,1,"2,0",2026-08-21 15:12:29.741980
500616032,YouBike2.0_臺灣大道民和路口(西北側),梧棲區,臺灣大道八段506號旁,15,9,6,2026-08-21 13:55:04,24.246117,120.547446,1,"9,0",2026-08-21 15:12:29.741980
500616033,YouBike2.0_大智中華路口,梧棲區,大智路一段/中華路二段口(西北側),15,4,11,2026-08-21 15:05:03,24.250902,120.555435,1,"4,0",2026-08-21 15:12:29.741980
500616034,YouBike2.0_臺中港科技產業園區,梧棲區,建五路2號旁,15,9,5,2026-08-21 12:56:03,24.23647,120.51536,1,"8,1",2026-08-21 15:12:29.741980
500616035,YouBike2.0_中正民和路口,梧棲區,中正路1號對側,18,5,13,2026-08-21 12:47:02,24.24958,120.54894,1,"5,0",2026-08-21 15:12:29.741980
500616037,YouBike2.0_竹圍(港埠路)公車站(東側),梧棲區,港埠路二段490號旁,15,5,10,2026-08-21 07:44:03,24.26162,120.54145,1,"5,0",2026-08-21 15:12:29.741980
500616038,YouBike2.0_臺中港郵局,梧棲區,四維路129號,15,3,12,2026-08-21 14:07:02,24.26207,120.53725,1,"3,0",2026-08-21 15:12:29.741980
500616039,YouBike2.0_頂寮里兒童公園(四維中路),梧棲區,四維中路/大智路二段370巷口,25,5,20,2026-08-21 14:20:05,24.2613,120.53427,1,"5,0",2026-08-21 15:12:29.741980
500616041,YouBike2.0_臨港大勇二路口(東北側),梧棲區,臨港路四段862號(西南側),25,6,19,2026-08-21 10:12:03,24.270629,120.5321,1,"6,0",2026-08-21 15:12:29.741980
500616042,YouBike2.0_梧棲運九棒壘球場,梧棲區,博愛北路159號對側,20,6,14,2026-08-21 15:04:04,24.255767,120.555561,1,"6,0",2026-08-21 15:12:29.741980
500616043,YouBike2.0_大勇臨港路口,梧棲區,大勇路/臨港路四段口(東南側),15,3,12,2026-08-21 13:24:03,24.26864,120.531493,1,"3,0",2026-08-21 15:12:29.741980
500616044,YouBike2.0_大通經一路口,梧棲區,大通路/經一路口(西北側),18,7,11,2026-08-21 12:39:03,24.24113,120.51238,1,"7,0",2026-08-21 15:12:29.741980
500616045,YouBike2.0_大成經二路口,梧棲區,大成路/經二路口(西北側),19,7,12,2026-08-21 08:04:04,24.23553,120.5083,1,"7,0",2026-08-21 15:12:29.741980
500616046,YouBike2.0_福德里休閒活動中心,梧棲區,中正路423巷55號(對側),16,5,11,2026-08-21 13:07:02,24.25343,120.5407,1,"5,0",2026-08-21 15:12:29.741980
500616048,YouBike2.0_中港雲頂No.3,梧棲區,大勇北路7號,16,1,15,2026-08-21 08:24:03,24.26851,120.53296,1,"1,0",2026-08-21 15:12:29.741980
500616050,YouBike2.0_民和大仁路口,梧棲區,民和路一段口/大仁路一段口,21,2,19,2026-08-21 12:27:04,24.25687,120.55227,1,"2,0",2026-08-21 15:12:29.741980
500616051,YouBike2.0_中華中華路二段200巷口,梧棲區,中華路二段/中華路二段200巷口,20,2,18,2026-08-21 08:17:04,24.24864,120.55466,1,"2,0",2026-08-21 15:12:29.741980
500616053,YouBike2.0_梧棲情人公園,梧棲區,雲集街70巷3號,17,11,6,2026-08-21 10:37:02,24.25449,120.53213,1,"11,0",2026-08-21 15:12:29.741980
500616055,YouBike2.0_青年中華路口,梧棲區,青年路166號(西側),20,2,18,2026-08-21 14:01:03,24.23845,120.55061,1,"2,0",2026-08-21 15:12:29.741980
500616056,YouBike2.0_大仁大勇南路口,梧棲區,大仁路二段456號前,19,3,16,2026-08-21 14:18:03,24.26492,120.53105,1,"3,0",2026-08-21 15:12:29.741980
500616057,YouBike2.0_台中電廠梧棲宿舍管委會,梧棲區,建國東街20巷28號,20,6,14,2026-08-21 14:33:05,24.24635,120.53272,1,"6,0",2026-08-21 15:12:29.741980
500616058,YouBike2.0_博愛博愛路52巷口,梧棲區,博愛路60號前,15,2,13,2026-08-21 15:00:05,24.25016,120.55310,1,"2,0",2026-08-21 15:12:29.741980
500616060,YouBike2.0_大仁民安路口,梧棲區,大仁路一段/民安路口(西北側),18,5,13,2026-08-21 13:59:03,24.25901,120.54665,1,"5,0",2026-08-21 15:12:29.741980
500616061,YouBike2.0_忠孝忠孝街87巷口,梧棲區,忠孝街/忠孝街87巷口,18,5,13,2026-08-21 14:47:04,24.25235,120.54704,1,"5,0",2026-08-21 15:12:29.741980
500616063,YouBike2.0_中興路67巷口,梧棲區,中興路69號,16,5,11,2026-08-21 14:19:03,24.25280,120.53534,1,"4,1",2026-08-21 15:12:29.741980
500616066,YouBike2.0_佳鋐新邑,梧棲區,大仁路二段291巷50號,17,8,9,2026-08-21 13:44:03,24.26196,120.53563,1,"8,0",2026-08-21 15:12:29.741980
500617001,YouBike2.0_捷運九張犁站,烏日區,建國路/環中路六段口(西南側),12,8,4,2026-08-21 14:46:03,24.11470,120.63921,1,"8,0",2026-08-21 15:12:29.741980
500617002,YouBike2.0_捷運九德站(興華街),烏日區,興華街/自強街口(東北側),51,4,47,2026-08-21 15:04:03,24.11022,120.63453,1,"4,0",2026-08-21 15:12:29.741980
500617003,YouBike2.0_捷運烏日站(平等路),烏日區,平等路/光日路口,20,4,16,2026-08-21 15:05:03,24.10833,120.62506,1,"4,0",2026-08-21 15:12:29.741980
500617004,YouBike2.0_明道高中(信義街),烏日區,信義街/信義街309巷口（東西側）,55,1,54,2026-08-21 15:05:03,24.10425,120.63574,1,"1,0",2026-08-21 15:12:29.741980
500617005,YouBike2.0_烏日區公所(新興路),烏日區,新興路316號旁,24,3,21,2026-08-21 15:05:03,24.10450,120.62397,1,"2,1",2026-08-21 15:12:29.741980
500617006,YouBike2.0_自治公園(公園路),烏日區,公園路36號(東南側公園),32,8,24,2026-08-21 15:00:05,24.10187,120.62811,1,"8,0",2026-08-21 15:12:29.741980
500617007,YouBike2.0_捷運烏日站(建國路),烏日區,光日路/建國路口(西北側),17,8,9,2026-08-21 15:09:04,24.10914,120.62521,1,"8,0",2026-08-21 15:12:29.741980
500617009,YouBike2.0_捷運高鐵臺中站,烏日區,高鐵東一路/高鐵東路口(西側),18,3,15,2026-08-21 15:09:04,24.10866,120.61486,1,"2,1",2026-08-21 15:12:29.741980
500617010,YouBike2.0_興祥街停三停車場,烏日區,興祥街/興祥街30巷口(西北側),22,2,20,2026-08-21 15:11:03,24.10577,120.63870,1,"2,0",2026-08-21 15:12:29.741980
500617011,YouBike2.0_捷運九德站(建國路),烏日區,建國路639號旁,15,5,10,2026-08-21 14:27:04,24.11135,120.63475,1,"5,0",2026-08-21 15:12:29.741980
500617012,YouBike2.0_兒二公園(中山路),烏日區,中山路二段567號(西側公園),26,0,26,2026-08-21 13:27:17,24.10603,120.61691,1,"0,0",2026-08-21 15:12:29.741980
500617013,YouBike2.0_公十公園,烏日區,三榮路一段399-1號(對側人行道),11,4,7,2026-08-21 14:41:03,24.10704,120.60282,1,"3,1",2026-08-21 15:12:29.741980
500617014,YouBike2.0_烏日運動公園,烏日區,公園二街/一德街口(東南側),12,7,5,2026-08-21 15:11:03,24.102768,120.625862,1,"7,0",2026-08-21 15:12:29.741980
500617015,YouBike2.0_湖日公園,烏日區,公園路/三民街口(西南側),10,4,6,2026-08-21 15:11:03,24.103042,120.621023,1,"4,0",2026-08-21 15:12:29.741980
500617016,YouBike2.0_廣停二公有停車場,烏日區,三榮路一段/三和路口(西北側),30,6,24,2026-08-21 14:41:03,24.106034,120.609041,1,"6,0",2026-08-21 15:12:29.741980
500617017,YouBike2.0_烏日圖書館,烏日區,興祥街167巷9號(對側),24,2,22,2026-08-21 15:10:05,24.10924,120.6371,1,"2,0",2026-08-21 15:12:29.741980
500617018,YouBike2.0_烏日國小,烏日區,平等路23號(對側人行道),26,2,24,2026-08-21 14:23:03,24.10829,120.62334,1,"1,1",2026-08-21 15:12:29.741980
500617019,YouBike2.0_三和派出所,烏日區,三榮八路25號(對側人行道),22,3,19,2026-08-21 12:05:03,24.1081,120.60332,1,"3,0",2026-08-21 15:12:29.741980
500617020,YouBike2.0_旭光國小,烏日區,健行路501號(對側人行道),20,4,16,2026-08-21 13:38:02,24.11109,120.59415,1,"4,0",2026-08-21 15:12:29.741980
500617021,YouBike2.0_光德國中,烏日區,信義街99號(前人行道),26,3,21,2026-08-21 15:10:05,24.10539,120.64057,1,"2,1",2026-08-21 15:12:29.741980
500617022,YouBike2.0_三榮榮和路口(東南側),烏日區,三榮路二段179號旁,15,4,11,2026-08-21 14:19:03,24.108167,120.598085,1,"4,0",2026-08-21 15:12:29.741980
500617023,YouBike2.0_榮和步道,烏日區,榮和路107號旁,16,7,9,2026-08-21 15:08:02,24.109245,120.597392,1,"7,0",2026-08-21 15:12:29.741980
500617025,YouBike2.0_湖日休閒廣場,烏日區,新興路/榮泰街100巷21弄口(西南側),15,5,10,2026-08-21 13:31:05,24.10429,120.61418,1,"5,0",2026-08-21 15:12:29.741980
500617026,YouBike2.0_成功社區休閒中心,烏日區,成功東路/學田路便行巷口(東北側),13,2,11,2026-08-21 13:08:04,24.114749,120.603307,1,"2,0",2026-08-21 15:12:29.741980
500617027,YouBike2.0_兒一公園,烏日區,學田路/學田路便行巷口(西北側),15,2,13,2026-08-21 13:22:03,24.121604,120.607421,1,"2,0",2026-08-21 15:12:29.741980
500617028,YouBike2.0_學田停車場,烏日區,學田路/學田路便行巷口(東南側),15,13,2,2026-08-21 13:20:04,24.120686,120.607737,1,"13,0",2026-08-21 15:12:29.741980
500617029,YouBike2.0_成功車站,烏日區,中山路三段550號,39,7,32,2026-08-21 14:59:03,24.11402,120.59008,1,"7,0",2026-08-21 15:12:29.741980
500617030,YouBike2.0_高鐵市公園,烏日區,大同路/民生街口(西北側),15,5,9,2026-08-21 13:50:04,24.11018,120.62812,1,"5,0",2026-08-21 15:12:29.741980
500617031,YouBike2.0_明道高中(中山路),烏日區,中山路一段497號前,23,9,14,2026-08-21 15:11:03,24.10677,120.63552,1,"9,0",2026-08-21 15:12:29.741980
500617032,YouBike2.0_公四公園(環河三榮七路口),烏日區,環河路四段/三榮七路口(東北側),15,1,14,2026-08-21 14:41:16,24.10529,120.60393,1,"1,0",2026-08-21 15:12:29.741980
500617033,YouBike2.0_高鐵高鐵五路口,烏日區,高鐵路/高鐵五路口(東南側),20,1,19,2026-08-21 14:59:03,24.11685,120.61435,1,"1,0",2026-08-21 15:12:29.741980
500617034,YouBike2.0_喀哩國小,烏日區,烏日區溪南路二段337號(對側人行道),12,5,7,2026-08-21 14:59:03,24.06206,120.64315,1,"4,1",2026-08-21 15:12:29.741980
500617035,YouBike2.0_溪南派出所,烏日區,烏日區溪南路二段617號(對側停車處),12,5,7,2026-08-21 14:20:05,24.05646,120.64641,1,"5,0",2026-08-21 15:12:29.741980
500617036,YouBike2.0_溪尾國小,烏日區,溪岸路24之2號前,8,5,3,2026-08-18 17:25:03,24.04048,120.64171,1,"5,0",2026-08-21 15:12:29.741980
500617037,YouBike2.0_溪尾活動中心,烏日區,慶光路30-5號(西南側),12,2,10,2026-08-21 05:17:04,24.03118,120.63932,1,"2,0",2026-08-21 15:12:29.741980
500617038,YouBike2.0_南里里風雨籃球場,烏日區,烏日區溪南路三段418巷28號(對側廣場),12,3,9,2026-08-17 22:50:04,24.05052,120.64908,1,"3,0",2026-08-21 15:12:29.741980
500617040,YouBike2.0_溪南國中,烏日區,溪南路一段731號前,10,9,1,2026-08-21 14:30:04,24.071641,120.642967,1,"9,0",2026-08-21 15:12:29.741980
500617041,YouBike2.0_捷運高鐵臺中站(高鐵一路),烏日區,高鐵一路/站前二路口(西南側),44,13,31,2026-08-21 15:11:03,24.11039,120.61392,1,"13,0",2026-08-21 15:12:29.741980
500617042,YouBike2.0_環中路橋健康步道,烏日區,環中路六段/九德街口(高架橋下),13,7,6,2026-08-21 14:48:03,24.112863,120.644243,1,"7,0",2026-08-21 15:12:29.741980
500617043,YouBike2.0_永興宮,烏日區,復光二巷41號(東側),10,6,4,2026-08-21 12:28:03,24.096628,120.641243,1,"6,0",2026-08-21 15:12:29.741980
500617044,YouBike2.0_東園里稻田公園,烏日區,溪南路一段18巷237號(東側),11,4,7,2026-08-21 14:48:03,24.08776,120.638617,1,"4,0",2026-08-21 15:12:29.741980
500617045,YouBike2.0_五光里老人會館,烏日區,五光路105號(東側),22,8,14,2026-08-21 14:29:03,24.095144,120.655044,1,"8,0",2026-08-21 15:12:29.741980
500617046,YouBike2.0_正和公園(三榮十三路),烏日區,三榮十三路/環河路五段口(北側),10,4,6,2026-08-21 14:39:02,24.10807,120.59538,1,"4,0",2026-08-21 15:12:29.741980
500617047,YouBike2.0_正和公園(三榮路),烏日區,三榮路二段/三榮十五路口(南側),9,8,1,2026-08-21 14:44:17,24.10881,120.59496,1,"8,0",2026-08-21 15:12:29.741980
500617048,YouBike2.0_烏日區廣停六停車場,烏日區,健行路757號(對側),15,8,7,2026-08-21 15:09:04,24.11199,120.59021,1,"8,0",2026-08-21 15:12:29.741980
500617049,YouBike2.0_長壽健行路口,烏日區,長壽路/健行路口(西北側),15,3,12,2026-08-21 09:51:02,24.11219,120.58866,1,"2,1",2026-08-21 15:12:29.741980
500617050,YouBike2.0_高鐵東一路高鐵東路口,烏日區,高鐵東一路/高鐵東路口(南側),36,6,30,2026-08-21 14:35:03,24.10849,120.61566,1,"6,0",2026-08-21 15:12:29.741980
500617051,YouBike2.0_前竹環保公園,烏日區,光明路157巷26號(東南側),15,2,13,2026-08-21 13:33:03,24.097018,120.647035,1,"2,0",2026-08-21 15:12:29.741980
500617052,YouBike2.0_烏日區鄰公八公園,烏日區,大同六街31弄10號旁,15,2,13,2026-08-21 13:07:02,24.11167,120.62733,1,"2,0",2026-08-21 15:12:29.741980
500617053,YouBike2.0_榮泉公園(環河路),烏日區,三榮十六路1巷21號(東南側),13,5,8,2026-08-21 14:59:03,24.10924,120.59037,1,"5,0",2026-08-21 15:12:29.741980
500617054,YouBike2.0_榮泉環河路口,烏日區,榮泉路/環河路五段口(西北側),12,4,8,2026-08-21 12:08:02,24.10847,120.5935,1,"3,1",2026-08-21 15:12:29.741980
500617055,YouBike2.0_夢幻誠,烏日區,高鐵路二段168號(西南側),30,1,29,2026-08-21 14:44:03,24.1134,120.61066,1,"1,0",2026-08-21 15:12:29.741980
500617056,YouBike2.0_夢幻誠(高鐵一路),烏日區,高鐵一路362號(西南側),40,6,34,2026-08-21 15:11:03,24.112321,120.60981,1,"6,0",2026-08-21 15:12:29.741980
500617058,YouBike2.0_麻園溪東中山路口,烏日區,麻園溪東路/中山路一段口(西北側),15,4,11,2026-08-21 14:14:03,24.105313,120.631647,1,"4,0",2026-08-21 15:12:29.741980
500617059,YouBike2.0_環河北光日路口,烏日區,環河北路220號(對側人行道),26,6,20,2026-08-21 14:55:03,24.10152,120.62408,1,"5,1",2026-08-21 15:12:29.741980
500617060,YouBike2.0_光日公園路口,烏日區,光日路18號旁,15,9,6,2026-08-21 14:38:04,24.10241,120.62427,1,"9,0",2026-08-21 15:12:29.741980
500617061,YouBike2.0_高鐵三高鐵東路口,烏日區,高鐵三路29號,20,12,8,2026-08-21 14:48:04,24.11365,120.61795,1,"12,0",2026-08-21 15:12:29.741980
500617062,YouBike2.0_環中福泰街口,烏日區,環中路八段162號前,15,7,8,2026-08-21 09:06:03,24.08561,120.64794,1,"6,1",2026-08-21 15:12:29.741980
500617063,YouBike2.0_溪邊公園,烏日區,五光路1000巷68號對側,12,9,3,2026-08-21 14:41:16,24.10332,120.62998,1,"9,0",2026-08-21 15:12:29.741980
500617064,YouBike2.0_烏日三和公園,烏日區,三榮南路11號對側,20,9,11,2026-08-21 15:04:04,24.10421,120.61002,1,"8,1",2026-08-21 15:12:29.741980
500617065,YouBike2.0_麻園頭溪吊橋,烏日區,麻園溪東路/麻園東一街口,15,7,8,2026-08-21 14:40:04,24.1033,120.63191,1,"7,0",2026-08-21 15:12:29.741980
500617066,YouBike2.0_僑仁國小,烏日區,中山路一段341號,13,1,12,2026-08-21 13:32:04,24.10851,120.64086,1,"1,0",2026-08-21 15:12:29.741980
500617067,YouBike2.0_浩瀚豐世紀,烏日區,中山路418號前,22,2,20,2026-08-21 13:49:04,24.110071,120.603108,1,"2,0",2026-08-21 15:12:29.741980
500617068,YouBike2.0_九張犁公車站,烏日區,中山路一段216-1號對側,21,4,17,2026-08-21 14:08:03,24.10889,120.642233,1,"4,0",2026-08-21 15:12:29.741980
500617069,YouBike2.0_烏日警察官吏派出所,烏日區,三民街110號,16,3,13,2026-08-21 13:36:02,24.10535,120.62191,1,"3,0",2026-08-21 15:12:29.741980
500617072,YouBike2.0_東園里辦公處,烏日區,溪南路一段238巷242號對側,13,5,8,2026-08-21 12:59:02,24.08459,120.63857,1,"5,0",2026-08-21 15:12:29.741980
500617073,YouBike2.0_中山路三段403巷口,烏日區,中山路三段403巷8號對側,20,2,18,2026-08-21 14:49:05,24.10825,120.60478,1,"2,0",2026-08-21 15:12:29.741980
500617074,YouBike2.0_東女慈聖宮,烏日區,慶光路868巷88號(東南側),16,6,10,2026-08-21 11:59:02,24.090559,120.630489,1,"6,0",2026-08-21 15:12:29.741980
500617075,YouBike2.0_昭和庄活動中心,烏日區,溪南路一段680巷317弄82號(東南側),15,4,11,2026-08-20 17:30:02,24.075329,120.635314,1,"4,0",2026-08-21 15:12:29.741980
500617076,YouBike2.0_廣停一停車場,烏日區,以春街121巷2號(南側),18,5,13,2026-08-21 14:53:02,24.105974,120.621195,1,"5,0",2026-08-21 15:12:29.741980
500617077,YouBike2.0_烏日啤酒觀光工廠,烏日區,光日路/大同六街口(西南側),30,10,20,2026-08-21 14:07:02,24.111063,120.625721,1,"10,0",2026-08-21 15:12:29.741980
500617078,YouBike2.0_賢達公園,烏日區,公園路598巷20號對側,11,3,8,2026-08-21 13:36:02,24.10356,120.61903,1,"3,0",2026-08-21 15:12:29.741980
500617079,YouBike2.0_烏日國中,烏日區,公園路/榮泰街口(西南側),32,10,22,2026-08-21 14:33:05,24.10508,120.61811,1,"10,0",2026-08-21 15:12:29.741980
500617080,YouBike2.0_成功公園,烏日區,三榮路二段67號對側,20,13,7,2026-08-21 14:35:03,24.10764,120.60006,1,"12,1",2026-08-21 15:12:29.741980
500617082,YouBike2.0_高鐵健行路口,烏日區,高鐵路一段172號旁,22,2,20,2026-08-21 12:43:03,24.10884,120.60334,1,"2,0",2026-08-21 15:12:29.741980
500617083,YouBike2.0_廣停四停車場,烏日區,三榮九路/健行路口,27,9,18,2026-08-21 12:54:03,24.109,120.60077,1,"9,0",2026-08-21 15:12:29.741980
500618001,YouBike2.0_圳前仁愛公園,神岡區,中山路/中山路1720巷口(東北側),45,7,38,2026-08-21 15:07:05,24.25826,120.64873,1,"5,2",2026-08-21 15:12:29.741980
500618002,YouBike2.0_神岡高工,神岡區,中山路/中山路652巷口(南側),30,7,23,2026-08-21 14:22:04,24.24723,120.68146,1,"7,0",2026-08-21 15:12:29.741980
500618003,YouBike2.0_神圳國中,神岡區,神清路/神清路54巷口(東側),24,5,19,2026-08-21 15:09:04,24.26049,120.65863,1,"5,0",2026-08-21 15:12:29.741980
500618004,YouBike2.0_豐原大道豐洲路口,神岡區,豐原大道八段/豐洲路口(南側),10,4,6,2026-08-21 06:57:02,24.25901,120.7087,1,"4,0",2026-08-21 15:12:29.741980
500618005,YouBike2.0_社口國小,神岡區,社南街180巷/社南街口(西北側),15,4,10,2026-08-21 13:06:02,24.244853,120.685059,1,"4,0",2026-08-21 15:12:29.741980
500618006,YouBike2.0_豐洲公園,神岡區,大明路/大明路28巷口(東北側),15,5,10,2026-08-21 14:54:02,24.265425,120.699859,1,"5,0",2026-08-21 15:12:29.741980
500618007,YouBike2.0_神岡區順天宮,神岡區,豐洲路916巷38弄96號(西南側),15,6,9,2026-08-21 14:59:03,24.267459,120.69348,1,"6,0",2026-08-21 15:12:29.741980
500618008,YouBike2.0_神洲社區公園,神岡區,大明路/國豐路一段口(東北側),12,9,3,2026-08-21 12:01:02,24.272228,120.698998,1,"8,1",2026-08-21 15:12:29.741980
500618010,YouBike2.0_和睦兒童公園,神岡區,和睦路95巷/和睦路一段61巷4弄口(西南側),15,4,11,2026-08-21 12:17:04,24.27306,120.65727,1,"4,0",2026-08-21 15:12:29.741980
500618011,YouBike2.0_新和宮,神岡區,和睦路一段358巷15號,15,12,3,2026-08-21 15:09:04,24.28052,120.65811,1,"12,0",2026-08-21 15:12:29.741980
500618012,YouBike2.0_豐洲國小,神岡區,豐洲路482號對側,9,3,6,2026-08-21 13:22:03,24.26181,120.70402,1,"3,0",2026-08-21 15:12:29.741980
500618013,YouBike2.0_臺中市立圖書館神岡分館,神岡區,中山路1460號,8,1,7,2026-08-21 13:59:03,24.25899,120.661,1,"0,1",2026-08-21 15:12:29.741980
500618014,YouBike2.0_神岡消防公園,神岡區,東洲路70-12號(對側人行道),14,5,9,2026-08-21 13:29:02,24.26008,120.71181,1,"5,0",2026-08-21 15:12:29.741980
500618017,YouBike2.0_親慈公園,神岡區,民權二街2巷/民權二街口(東北側),10,4,6,2026-08-21 15:10:05,24.24925,120.68499,1,"4,0",2026-08-21 15:12:29.741980
500618019,YouBike2.0_岸裡國小,神岡區,中山路52號,16,2,14,2026-08-21 14:37:02,24.248713,120.696895,1,"1,1",2026-08-21 15:12:29.741980
500618020,YouBike2.0_三民南路302巷,神岡區,三民南路302巷20-6號(北側),15,9,6,2026-08-21 11:59:02,24.25564,120.65672,1,"9,0",2026-08-21 15:12:29.741980
500618021,YouBike2.0_社興公園,神岡區,大裡街/豐社路口(西南側),22,5,17,2026-08-21 14:53:02,24.251116,120.697513,1,"4,1",2026-08-21 15:12:29.741980
500618023,YouBike2.0_圳堵里口公車站,神岡區,神清路178號對側,20,1,19,2026-08-21 06:57:03,24.26847,120.65618,1,"1,0",2026-08-21 15:12:29.741980
500618024,YouBike2.0_三社東路16巷口,神岡區,三社東路105號對側,18,6,12,2026-08-21 14:05:21,24.23599,120.69650,1,"6,0",2026-08-21 15:12:29.741980
500618025,YouBike2.0_豐工一豐工中路口,神岡區,豐工一路/豐工中路口(南側),25,4,21,2026-08-21 07:22:02,24.27770,120.70435,1,"4,0",2026-08-21 15:12:29.741980
500618026,YouBike2.0_豐原大道豐洲路口(北側),神岡區,豐原大道七段/豐洲路口(北側),18,9,9,2026-08-21 14:02:05,24.26009,120.70916,1,"9,0",2026-08-21 15:12:29.741980
500618027,YouBike2.0_圳前活動中心,神岡區,三民路349號,15,6,9,2026-08-21 11:10:03,24.26692,120.65828,1,"6,0",2026-08-21 15:12:29.741980
500618028,YouBike2.0_民生路50巷民生路口,神岡區,民生路50巷/民生路口,18,9,9,2026-08-21 14:55:03,24.24505,120.67945,1,"9,0",2026-08-21 15:12:29.741980
500618029,YouBike2.0_潭雅神綠園道社南站,神岡區,昌平路五段257號旁,18,7,11,2026-08-21 15:03:03,24.24329,120.68219,1,"7,0",2026-08-21 15:12:29.741980
500618030,YouBike2.0_大圳八德路九如巷口,神岡區,大圳路/八德路九如巷口(西北側),18,5,13,2026-08-21 13:50:04,24.25853,120.68655,1,"4,1",2026-08-21 15:12:29.741980
500618031,YouBike2.0_大圳路福庄街口,神岡區,大圳路/福庄街口(東南側),18,8,10,2026-08-21 13:41:03,24.26282,120.66560,1,"7,1",2026-08-21 15:12:29.741980
500618033,YouBike2.0_新興公園,神岡區,新興路/和睦路一段537巷口,17,5,12,2026-08-21 13:45:02,24.27867,120.65180,1,"4,1",2026-08-21 15:12:29.741980
500618034,YouBike2.0_社南社區活動中心,神岡區,中山路551巷41號,16,5,11,2026-08-21 14:48:04,24.24560,120.68318,1,"5,0",2026-08-21 15:12:29.741980
500618036,YouBike2.0_成都路134巷口,神岡區,成都路121號前,15,2,13,2026-08-21 07:41:03,24.27495,120.65162,1,"1,1",2026-08-21 15:12:29.741980
500619001,YouBike2.0_大肚戶政事務所,大肚區,華山路/沙田路三段口(東北側),19,7,12,2026-08-21 15:02:02,24.15446,120.54441,1,"7,0",2026-08-21 15:12:29.741980
500619002,YouBike2.0_大肚車站,大肚區,華山路/平和街口(東北側),26,13,13,2026-08-21 15:04:03,24.15414,120.54275,1,"11,2",2026-08-21 15:12:29.741980
500619003,YouBike2.0_動態公園,大肚區,大明二街/大德六街口(東北側),30,6,24,2026-08-21 15:06:02,24.1539,120.54139,1,"6,0",2026-08-21 15:12:29.741980
500619004,YouBike2.0_瑞井步道,大肚區,瑞井路65巷/瑞井路85巷口(西南側),13,4,9,2026-08-21 13:23:04,24.165074,120.570576,1,"4,0",2026-08-21 15:12:29.741980
500619005,YouBike2.0_大肚藍色公路,大肚區,遊園路一段3巷118號(前),15,4,11,2026-08-21 12:33:03,24.155956,120.570539,1,"4,0",2026-08-21 15:12:29.741980
500619006,YouBike2.0_磺溪書院,大肚區,文昌一街/文昌一街8巷口(東南側),13,5,8,2026-08-21 14:48:03,24.149682,120.539781,1,"4,1",2026-08-21 15:12:29.741980
500619007,YouBike2.0_靜態公園,大肚區,大明五街/大明五街61巷口(東南側),16,3,13,2026-08-21 15:00:05,24.157082,120.538461,1,"3,0",2026-08-21 15:12:29.741980
500619008,YouBike2.0_大肚山萬里長城步道入口,大肚區,大肚山萬里長城步道入口(東南側),15,5,10,2026-08-21 07:58:04,24.14535,120.557467,1,"5,0",2026-08-21 15:12:29.741980
500619009,YouBike2.0_大肚運動公園,大肚區,沙田路三段/萬興路口(西南側),15,3,12,2026-08-21 15:09:04,24.158685,120.543699,1,"3,0",2026-08-21 15:12:29.741980
500619010,YouBike2.0_大道國中,大肚區,仁德路/自由路口(東南側),15,7,8,2026-08-21 13:21:04,24.147122,120.549377,1,"7,0",2026-08-21 15:12:29.741980
500619011,YouBike2.0_大肚區公所,大肚區,沙田路二段/文昌路一段口(東南側),15,10,5,2026-08-21 15:03:03,24.151033,120.545395,1,"10,0",2026-08-21 15:12:29.741980
500619012,YouBike2.0_追分車站,大肚區,追分街13號(西北側),20,10,10,2026-08-21 13:22:03,24.120726,120.569796,1,"10,0",2026-08-21 15:12:29.741980
500619013,YouBike2.0_福蝠公園,大肚區,沙田路三段734巷/沙田路三段534巷口(東北側),14,3,11,2026-08-21 13:00:03,24.165561,120.544029,1,"3,0",2026-08-21 15:12:29.741980
500619014,YouBike2.0_日光郡社區活動中心,大肚區,萬興路/大明三街口(東南側),12,2,10,2026-08-21 14:45:03,24.15952,120.53963,1,"2,0",2026-08-21 15:12:29.741980
500619015,YouBike2.0_臺中市立圖書館大肚瑞井分館,大肚區,華山路700號,11,2,9,2026-08-21 15:00:05,24.1584,120.56832,1,"2,0",2026-08-21 15:12:29.741980
500619017,YouBike2.0_向上遊園路二段170巷口,大肚區,遊園路二段170巷62號(東側),12,5,7,2026-08-21 13:40:04,24.172182,120.582434,1,"5,0",2026-08-21 15:12:29.741980
500619018,YouBike2.0_大肚永和宮,大肚區,永和街14號(東側),14,4,10,2026-08-21 13:45:15,24.148643,120.544041,1,"4,0",2026-08-21 15:12:29.741980
500619019,YouBike2.0_汴子頭尾公車站,大肚區,文昌路二段260號對側,15,6,9,2026-08-21 12:18:02,24.15257,120.53383,1,"6,0",2026-08-21 15:12:29.741980
500619021,YouBike2.0_福山young公園,大肚區,沙田路一段428巷5弄9號對側,15,4,11,2026-08-21 12:05:03,24.12448,120.56534,1,"4,0",2026-08-21 15:12:29.741980
500619024,YouBike2.0_東海駕訓班,大肚區,遊園路一段126號,15,4,11,2026-08-21 14:17:03,24.1666,120.57804,1,"4,0",2026-08-21 15:12:29.741980
500619025,YouBike2.0_大東社區活動中心,大肚區,自由路/沙田路二段562巷口(西北側),28,8,20,2026-08-21 14:47:04,24.147463,120.548727,1,"8,0",2026-08-21 15:12:29.741980
500619026,YouBike2.0_王福公園,大肚區,王福街/王福街96巷口(北側),16,3,13,2026-08-21 12:31:02,24.120468,120.580168,1,"3,0",2026-08-21 15:12:29.741980
500619027,YouBike2.0_南榮路68號前,大肚區,南榮路68號前,15,0,15,2026-08-21 14:39:16,24.112724,120.582748,1,"0,0",2026-08-21 15:12:29.741980
500619028,YouBike2.0_沙田興和路口(東北側),大肚區,沙田路一段/興和路口(東北側),15,1,14,2026-08-21 06:24:03,24.11891,120.57738,1,"1,0",2026-08-21 15:12:29.741980
500619029,YouBike2.0_順安宮,大肚區,南榮路/中和巷口(東南側),10,3,7,2026-08-21 07:22:02,24.1125,120.574342,1,"3,0",2026-08-21 15:12:29.741980
500619030,YouBike2.0_沙田興和路口(東南側),大肚區,沙田路一段/興和路口(東南側),15,2,13,2026-08-21 06:39:03,24.11860,120.57669,1,"2,0",2026-08-21 15:12:29.741980
500619031,YouBike2.0_綠能公園,大肚區,沙田路二段310巷2號旁,15,3,12,2026-08-21 13:50:04,24.143502,120.555775,1,"1,2",2026-08-21 15:12:29.741980
500619032,YouBike2.0_環保運動公園停車場,大肚區,華山路388號旁,15,2,13,2026-08-21 11:20:03,24.157647,120.551962,1,"2,0",2026-08-21 15:12:29.741980
500619033,YouBike2.0_沙田沙田路三段889巷口,大肚區,沙田路三段/沙田路三段889巷口(北側),15,6,9,2026-08-21 00:20:03,24.169764,120.542197,1,"6,0",2026-08-21 15:12:29.741980
500619035,YouBike2.0_文昌文昌二街95巷口,大肚區,文昌二街95巷1號旁,16,4,11,2026-08-21 08:38:04,24.15313,120.537406,1,"4,0",2026-08-21 15:12:29.741980
500619036,YouBike2.0_福山福安宮,大肚區,王福街988巷77號,15,2,13,2026-08-21 13:16:03,24.12805,120.56508,1,"2,0",2026-08-21 15:12:29.741980
500619037,YouBike2.0_南榮南榮路468巷口,大肚區,南榮路476號旁,16,6,10,2026-08-20 11:09:02,24.11536,120.56748,1,"6,0",2026-08-21 15:12:29.741980
500619038,YouBike2.0_營埔社區發展協會,大肚區,營埔二街/船頭三街(東北側),18,3,15,2026-08-21 03:19:02,24.12160,120.55802,1,"3,0",2026-08-21 15:12:29.741980
500619040,YouBike2.0_醒壽堂,大肚區,沙田路一段388巷35之15號,15,3,12,2026-08-21 02:43:03,24.12836,120.56886,1,"3,0",2026-08-21 15:12:29.741980
500619041,YouBike2.0_萬興文昌路口,大肚區,萬興路/文昌路三段2巷193弄口(東側),18,2,16,2026-08-21 10:49:03,24.16918,120.53557,1,"2,0",2026-08-21 15:12:29.741980
500619042,YouBike2.0_瑞峰國小,大肚區,太平路1號旁,15,2,13,2026-08-21 13:34:02,24.16893,120.57416,1,"2,0",2026-08-21 15:12:29.741980
500619043,YouBike2.0_文昌路三段336巷口,大肚區,文昌路三段/文昌路三段336巷口,15,5,7,2026-08-21 14:23:03,24.173899,120.530439,1,"5,0",2026-08-21 15:12:29.741980
500619044,YouBike2.0_中蔗太平路口,大肚區,中蔗路30號,10,2,8,2026-08-21 12:37:04,24.16965,120.57559,1,"2,0",2026-08-21 15:12:29.741980
500619045,YouBike2.0_蔗廍里社區活動中心,大肚區,中沙路1-2號,15,7,8,2026-08-21 13:32:04,24.17258,120.57514,1,"7,0",2026-08-21 15:12:29.741980
500619046,YouBike2.0_王田莊中福德祠,大肚區,興和路265巷/王福街口(西側),18,3,15,2026-08-21 06:34:04,24.12224,120.57428,1,"3,0",2026-08-21 15:12:29.741980
500619048,YouBike2.0_社腳里活動中心,大肚區,沙田路一段774巷21-80號,15,4,11,2026-08-21 12:09:04,24.13183,120.55896,1,"4,0",2026-08-21 15:12:29.741980
500619049,YouBike2.0_日晷公園,大肚區,平等街/博愛街口(北側),18,2,16,2026-08-21 10:32:23,24.16256,120.54584,1,"2,0",2026-08-21 15:12:29.741980
500619050,YouBike2.0_遊園路一段8巷遊園路口,大肚區,遊園路一段8-1號旁,18,4,14,2026-08-20 22:47:02,24.15580,120.57269,1,"4,0",2026-08-21 15:12:29.741980
500619051,YouBike2.0_大肚瑞安宮,大肚區,瑞井路52巷7之1號前,16,2,14,2026-08-21 13:21:04,24.16319,120.57306,1,"2,0",2026-08-21 15:12:29.741980
500619052,YouBike2.0_大肚永順宮,大肚區,永順路71號(東北側),12,5,7,2026-08-21 12:53:02,24.16126,120.53129,1,"5,0",2026-08-21 15:12:29.741980
500619053,YouBike2.0_沙田路一段550巷口,大肚區,沙田路一段550巷口/王福街口,15,5,10,2026-08-21 13:46:03,24.12579,120.56226,1,"5,0",2026-08-21 15:12:29.741980
500620001,YouBike2.0_大明國小,大雅區,中清路四段161-11號(對側人行道),20,7,13,2026-08-21 12:36:03,24.22857,120.6431,1,"7,0",2026-08-21 15:12:29.741980
500620002,YouBike2.0_大華國中,大雅區,中清路三段849號(對側人行道),26,3,23,2026-08-21 15:09:04,24.21543,120.64953,1,"3,0",2026-08-21 15:12:29.741980
500620003,YouBike2.0_大雅國中,大雅區,學府路289號(對側機車停車場),20,8,12,2026-08-21 15:05:03,24.22432,120.6495,1,"8,0",2026-08-21 15:12:29.741980
500620004,YouBike2.0_大雅公園,大雅區,中清路三段1132巷/中清路三段(東北側),22,1,21,2026-08-21 15:01:20,24.22345,120.64709,1,"1,0",2026-08-21 15:12:29.741980
500620005,YouBike2.0_大雅區公所,大雅區,雅環路二段299號旁,24,4,20,2026-08-21 15:10:05,24.22917,120.64819,1,"3,1",2026-08-21 15:12:29.741980
500620006,YouBike2.0_中科標準廠房,大雅區,科雅路/科雅五路口(東北側),22,5,17,2026-08-21 12:53:02,24.22431,120.62829,1,"4,1",2026-08-21 15:12:29.741980
500620007,YouBike2.0_原住民族文化館,大雅區,大雅區仁愛路69號,17,5,12,2026-08-21 13:07:02,24.23529,120.62233,1,"5,0",2026-08-21 15:12:29.741980
500620008,YouBike2.0_科雅中清路口,大雅區,科雅路/中清路四段口(西北側),13,3,10,2026-08-21 11:23:02,24.23477,120.63605,1,"2,1",2026-08-21 15:12:29.741980
500620009,YouBike2.0_大榮公園,大雅區,大榮街/大榮街45巷口(西北側),14,5,9,2026-08-21 15:08:02,24.22546,120.65031,1,"5,0",2026-08-21 15:12:29.741980
500620010,YouBike2.0_大雅體育園區,大雅區,民生路四段/昌平路四段687巷口(東南側),15,4,11,2026-08-21 14:52:03,24.24025,120.67429,1,"4,0",2026-08-21 15:12:29.741980
500620011,YouBike2.0_上楓國小,大雅區,民生路四/楓林街口(東北側),20,0,20,2026-08-21 14:21:19,24.23593,120.66722,1,"0,0",2026-08-21 15:12:29.741980
500620012,YouBike2.0_寶興宮,大雅區,神林路一段231巷58號(北側),15,4,11,2026-08-21 14:10:02,24.23816,120.65272,1,"2,2",2026-08-21 15:12:29.741980
500620016,YouBike2.0_六寶公園,大雅區,月祥路/月祥路530巷(東北側),10,5,5,2026-08-21 13:11:03,24.23739,120.62642,1,"5,0",2026-08-21 15:12:29.741980
500620017,YouBike2.0_上雅社區活動中心,大雅區,雅環路二段171巷19號,12,4,8,2026-08-20 10:56:03,24.228197,120.650922,1,"4,0",2026-08-21 15:12:29.741980
500620018,YouBike2.0_大雅區停四停車場,大雅區,神林南路161號(對側人行道),20,6,13,2026-08-21 14:12:04,24.22589,120.65665,1,"6,0",2026-08-21 15:12:29.741980
500620019,YouBike2.0_三和公園,大雅區,龍善二街/龍善二街186巷口(北側),15,6,9,2026-08-21 15:09:04,24.21195,120.66453,1,"6,0",2026-08-21 15:12:29.741980
500620020,YouBike2.0_橫山社區籃球場,大雅區,永和路102-1號(東北側),10,2,8,2026-08-21 14:03:03,24.211844,120.630901,1,"2,0",2026-08-21 15:12:29.741980
500620022,YouBike2.0_潭雅神自行車道,大雅區,中清路四段892號(東南側),15,5,10,2026-08-21 12:33:03,24.240639,120.630839,1,"5,0",2026-08-21 15:12:29.741980
500620023,YouBike2.0_十四張圳水岸公園,大雅區,神林南路538號(東南側),15,8,7,2026-08-21 15:05:03,24.218909,120.655479,1,"7,1",2026-08-21 15:12:29.741980
500620024,YouBike2.0_雅潭路停車場,大雅區,雅潭路四段81號(東南側),18,5,13,2026-08-21 15:11:03,24.216567,120.666171,1,"5,0",2026-08-21 15:12:29.741980
500620025,YouBike2.0_大雅戰車公園,大雅區,月祥路276巷44號(東側),40,12,28,2026-08-21 14:42:02,24.23067,120.62452,1,"10,2",2026-08-21 15:12:29.741980
500620026,YouBike2.0_文雅兒童公園,大雅區,中山北路478號,17,5,12,2026-08-21 14:44:03,24.22295,120.64486,1,"5,0",2026-08-21 15:12:29.741980
500620027,YouBike2.0_三和國小,大雅區,昌平路四段226號(西北側),16,6,10,2026-08-21 13:43:03,24.22045,120.66886,1,"4,2",2026-08-21 15:12:29.741980
500620028,YouBike2.0_大雅體育園區(昌平民生路口),大雅區,昌平路四段687巷/民生路四段136巷口(東北側),12,1,11,2026-08-21 11:04:02,24.236139,120.673205,1,"1,0",2026-08-21 15:12:29.741980
500620030,YouBike2.0_櫻花大郡公車站,大雅區,東大路二段/東大路二段1100巷口,15,5,10,2026-08-21 14:55:03,24.23563,120.61419,1,"5,0",2026-08-21 15:12:29.741980
500620033,YouBike2.0_大雅國小,大雅區,雅潭路四段800號旁,20,4,16,2026-08-21 14:27:04,24.22162,120.65083,1,"4,0",2026-08-21 15:12:29.741980
500620037,YouBike2.0_東大路二段910巷口,大雅區,東大路二段910巷1 號,23,11,12,2026-08-21 11:55:03,24.22988,120.61352,1,"11,0",2026-08-21 15:12:29.741980
500620038,YouBike2.0_二和公園,大雅區,學府路大智巷22之2號旁,18,8,10,2026-08-21 14:24:03,24.22062,120.65123,1,"8,0",2026-08-21 15:12:29.741980
500620041,YouBike2.0_大雅中科公園,大雅區,月祥路40號旁停車場,25,4,21,2026-08-21 14:53:02,24.22038,120.61866,1,"4,0",2026-08-21 15:12:29.741980
500620043,YouBike2.0_科雅平和路口,大雅區,科雅路/平和路口(東北側),18,3,15,2026-08-21 13:41:03,24.22911,120.63143,1,"3,0",2026-08-21 15:12:29.741980
500621001,YouBike2.0_新泰安車站,后里區,福安路/安眉路口(北側),30,0,30,2026-08-21 14:44:17,24.33059,120.74164,1,"0,0",2026-08-21 15:12:29.741980
500621002,YouBike2.0_泰安鐵道文化園區,后里區,福興路59號(前),30,5,25,2026-08-21 15:04:03,24.32256,120.748,1,"5,0",2026-08-21 15:12:29.741980
500621003,YouBike2.0_后里車站,后里區,圳寮路/圳寮路160巷口(東北側),47,15,32,2026-08-21 15:10:05,24.31008,120.73308,1,"14,1",2026-08-21 15:12:29.741980
500621004,YouBike2.0_后里運動公園,后里區,成功路478號(對側人行道),36,5,31,2026-08-21 14:56:02,24.30637,120.7177,1,"5,0",2026-08-21 15:12:29.741980
500621005,YouBike2.0_麗寶樂園,后里區,福容路8號前,30,10,20,2026-08-21 14:24:03,24.32296,120.69762,1,"10,0",2026-08-21 15:12:29.741980
500621006,YouBike2.0_台灣美光,后里區,后科南路/三豐路四段口(西北側),30,11,18,2026-08-21 15:01:03,24.31651,120.72408,1,"11,0",2026-08-21 15:12:29.741980
500621012,YouBike2.0_后里四號公園,后里區,大圳路258號對面公園內(西南側),15,4,11,2026-08-21 15:11:03,24.30239,120.70974,1,"4,0",2026-08-21 15:12:29.741980
500621013,YouBike2.0_后里森林園區,后里區,內東路232號(東南側),15,6,9,2026-08-21 14:44:03,24.30556,120.73118,1,"6,0",2026-08-21 15:12:29.741980
500621014,YouBike2.0_啟明學校,后里區,三豐路三段/文明路31巷3弄口(東南側),10,2,8,2026-08-21 14:55:03,24.30488,120.72212,1,"2,0",2026-08-21 15:12:29.741980
500621015,YouBike2.0_后綜高中,后里區,三豐路三段/文明路口(東北側),39,2,37,2026-08-21 15:09:04,24.30635,120.72189,1,"1,1",2026-08-21 15:12:29.741980
500621016,YouBike2.0_后里區衛生所,后里區,三光路/公安路口(西北側),19,3,16,2026-08-21 14:56:02,24.30504,120.71049,1,"3,0",2026-08-21 15:12:29.741980
500621017,YouBike2.0_內埔國小,后里區,平安路168號(對側人行道),20,4,16,2026-08-21 15:05:03,24.308018,120.715686,1,"4,0",2026-08-21 15:12:29.741980
500621018,YouBike2.0_三豐星科路口,后里區,三豐路/星科路口(東北側),12,2,10,2026-08-21 14:46:03,24.288202,120.723317,1,"2,0",2026-08-21 15:12:29.741980
500621019,YouBike2.0_舊社社區活動中心,后里區,舊社路93號,12,4,8,2026-08-21 13:32:03,24.294701,120.701551,1,"4,0",2026-08-21 15:12:29.741980
500621020,YouBike2.0_后里游泳池,后里區,堤防路518號,12,5,6,2026-08-21 14:58:02,24.288578,120.699853,1,"5,0",2026-08-21 15:12:29.741980
500621021,YouBike2.0_后里環保公園,后里區,后里環保公園(堤坊路側入口),12,1,11,2026-08-21 10:13:02,24.287333,120.702459,1,"1,0",2026-08-21 15:12:29.741980
500621023,YouBike2.0_三豐泉州路口,后里區,三豐路四段151號(對側人行道),9,4,5,2026-08-21 14:52:03,24.312739,120.723475,1,"4,0",2026-08-21 15:12:29.741980
500621024,YouBike2.0_三豐南村路口,后里區,三豐路/南村路口(西南側),8,5,3,2026-08-21 11:08:02,24.294551,120.72364,1,"5,0",2026-08-21 15:12:29.741980
500621025,YouBike2.0_臺中市動物之家后里園區,后里區,堤防路370號,11,4,7,2026-08-21 13:28:04,24.28635,120.70964,1,"4,0",2026-08-21 15:12:29.741980
500621026,YouBike2.0_中社花市,后里區,三豐路五段402號(北側停車場),18,6,12,2026-08-21 14:52:03,24.33476,120.7305,1,"6,0",2026-08-21 15:12:29.741980
500621027,YouBike2.0_太平里聯合里聯合活動中心,后里區,四月路72-8號,15,4,11,2026-08-20 17:24:02,24.31396,120.65912,1,"2,2",2026-08-21 15:12:29.741980
500621030,YouBike2.0_后里國中,后里區,中眉路169號(西北側),20,5,15,2026-08-21 13:22:03,24.308615,120.692915,1,"5,0",2026-08-21 15:12:29.741980
500621032,YouBike2.0_三光路停車場,后里區,民生路/三光路口(西北側),15,8,7,2026-08-21 14:33:05,24.307242,120.71144,1,"8,0",2026-08-21 15:12:29.741980
500621034,YouBike2.0_美光O2(AATT),后里區,后科路二段309號,30,11,19,2026-08-21 15:06:03,24.31948,120.73289,1,"11,0",2026-08-21 15:12:29.741980
500621035,YouBike2.0_美光員工宿舍,后里區,九甲路500號,30,2,28,2026-08-21 14:16:16,24.32048,120.72030,1,"2,0",2026-08-21 15:12:29.741980
500621036,YouBike2.0_美光O4(ICHU),后里區,后科路二段335號旁,30,8,22,2026-08-21 14:45:03,24.32016,120.73012,1,"8,0",2026-08-21 15:12:29.741980
500621037,YouBike2.0_美光(UCAN),后里區,后科南路22號(北側),15,5,9,2026-08-21 14:12:04,24.31646,120.73205,1,"5,0",2026-08-21 15:12:29.741980
500621039,YouBike2.0_后科南甲后路一段136巷口,后里區,后科南路88號,27,16,8,2026-08-21 15:11:03,24.3156,120.72749,1,"16,0",2026-08-21 15:12:29.741980
500621040,YouBike2.0_后科馬場路口,后里區,后科路一段/馬場路口(西南側),19,8,11,2026-08-21 14:50:04,24.29825,120.73194,1,"8,0",2026-08-21 15:12:29.741980
500621042,YouBike2.0_甲后路二段377號(北側),后里區,甲后路二段377號(北側),25,8,17,2026-08-21 09:52:04,24.313699,120.693833,1,"7,1",2026-08-21 15:12:29.741980
500621043,YouBike2.0_后神四月路口,后里區,后神路/四月路口,20,4,16,2026-08-21 14:40:04,24.31099,120.68041,1,"4,0",2026-08-21 15:12:29.741980
500621044,YouBike2.0_四塊厝(合安宮)公車站,后里區,水門路55-10號前,16,6,10,2026-08-20 15:19:02,24.30575,120.68317,1,"6,0",2026-08-21 15:12:29.741980
500621046,YouBike2.0_厚里社區活動中心,后里區,九甲一路259號,18,3,15,2026-08-19 09:21:03,24.31366,120.71588,1,"3,0",2026-08-21 15:12:29.741980
500622001,YouBike2.0_霧峰農工,霧峰區,中正路/中正路1221巷口(東北側),54,5,49,2026-08-21 14:42:02,24.07319,120.69985,1,"5,0",2026-08-21 15:12:29.741980
500622003,YouBike2.0_立法院中部辦公室,霧峰區,中正路/蘭生街口(東南側),26,7,19,2026-08-21 13:16:02,24.05584,120.69742,1,"6,1",2026-08-21 15:12:29.741980
500622004,YouBike2.0_光復新村(新生路),霧峰區,新生路/中興路口(西北側),18,6,12,2026-08-21 14:02:04,24.043874,120.696271,1,"6,0",2026-08-21 15:12:29.741980
500622005,YouBike2.0_臺中市立光復國民中小學,霧峰區,柳豐路535號(東側),17,1,16,2026-08-21 14:28:02,24.043076,120.690118,1,"1,0",2026-08-21 15:12:29.741980
500622006,YouBike2.0_霧峰健體中心,霧峰區,成功路/民生路口(東北側),15,7,8,2026-08-21 13:38:02,24.060106,120.70093,1,"7,0",2026-08-21 15:12:29.741980
500622007,YouBike2.0_北峰公園,霧峰區,峰堤路/大峰路口(西南側),9,3,6,2026-08-21 09:51:02,24.071555,120.691839,1,"3,0",2026-08-21 15:12:29.741980
500622008,YouBike2.0_霧峰區綜合運動場,霧峰區,峰堤路/民生路口(西北側),15,7,8,2026-08-21 14:48:03,24.080235,120.714519,1,"6,1",2026-08-21 15:12:29.741980
500622009,YouBike2.0_大愛公園,霧峰區,錦州路/峰堤路口(東南側),16,5,11,2026-08-21 14:28:02,24.080577,120.709404,1,"4,1",2026-08-21 15:12:29.741980
500622010,YouBike2.0_乾溪綠廊公園,霧峰區,霧峰區中潭公路/信義路(西南側),15,7,8,2026-08-21 13:57:02,24.0442,120.6919,1,"7,0",2026-08-21 15:12:29.741980
500622011,YouBike2.0_亞洲大學(安藤忠雄美術館),霧峰區,柳豐路422號(西北側),20,10,10,2026-08-21 14:18:03,24.0458,120.68776,1,"10,0",2026-08-21 15:12:29.741980
500622012,YouBike2.0_亞洲大學(體育館),霧峰區,柳豐路416號(南側),20,5,15,2026-08-21 14:14:03,24.04872,120.68659,1,"5,0",2026-08-21 15:12:29.741980
500622013,YouBike2.0_霧工一霧工五路口,霧峰區,霧工一路/霧工五路口(東北側),15,9,6,2026-08-21 14:34:03,24.06338,120.67899,1,"9,0",2026-08-21 15:12:29.741980
500622014,YouBike2.0_北勢活動中心,霧峰區,丁台路571巷7號旁,10,6,4,2026-08-21 15:07:05,24.04067,120.66963,1,"6,0",2026-08-21 15:12:29.741980
500622015,YouBike2.0_丁台里活動中心,霧峰區,四德南路/丁台路(西北側),11,3,8,2026-08-21 12:09:04,24.04954,120.67534,1,"2,1",2026-08-21 15:12:29.741980
500622016,YouBike2.0_四德國小,霧峰區,四德路504號,10,5,5,2026-08-21 13:47:02,24.06082,120.66783,1,"4,1",2026-08-21 15:12:29.741980
500622018,YouBike2.0_立法院民主議政園區民主草坪,霧峰區,育德路/育德路91巷口(西南側),15,5,10,2026-08-21 12:30:03,24.05214,120.69734,1,"5,0",2026-08-21 15:12:29.741980
500622019,YouBike2.0_中投東豐正路口,霧峰區,中投東路一段/豐正路口(北側),15,4,11,2026-08-20 19:29:03,24.02959,120.68555,1,"3,1",2026-08-21 15:12:29.741980
500622020,YouBike2.0_本堂里停車場,霧峰區,育群路247號(西側),16,4,12,2026-08-21 13:04:03,24.057986,120.697149,1,"4,0",2026-08-21 15:12:29.741980
500622021,YouBike2.0_臺中市立圖書館霧峰以文分館,霧峰區,大同路8號(西北側),17,12,5,2026-08-21 13:24:03,24.061671,120.698886,1,"12,0",2026-08-21 15:12:29.741980
500622022,YouBike2.0_霧峰區甲寅老人公園,霧峰區,錦山路/自強路95巷(西側),15,5,10,2026-08-21 14:32:04,24.070323,120.707152,1,"5,0",2026-08-21 15:12:29.741980
500622023,YouBike2.0_光明峰東路口,霧峰區,光明路/峰東路口(北側),15,9,6,2026-08-21 06:48:03,24.02996,120.67089,1,"9,0",2026-08-21 15:12:29.741980
500622024,YouBike2.0_萬豐國小,霧峰區,中正路224號(北側),12,4,8,2026-08-20 22:46:05,24.02861,120.69701,1,"4,0",2026-08-21 15:12:29.741980
500622025,YouBike2.0_舊正活動中心,霧峰區,光明路116巷20號(南側),15,4,11,2026-08-20 22:08:03,24.02571,120.6894,1,"4,0",2026-08-21 15:12:29.741980
500622026,YouBike2.0_甲寅里辦公處,霧峰區,德泰街70巷5號,15,5,10,2026-08-21 14:50:04,24.06799,120.70084,1,"3,2",2026-08-21 15:12:29.741980
500622027,YouBike2.0_中投西新豐路口,霧峰區,中投西路一段/新豐路口(南側),15,4,11,2026-08-21 06:34:04,24.023001,120.685697,1,"3,1",2026-08-21 15:12:29.741980
500622028,YouBike2.0_峰東豐正路口,霧峰區,峰東路/豐正路口,15,8,7,2026-08-21 13:13:02,24.03361,120.67356,1,"8,0",2026-08-21 15:12:29.741980
500622030,YouBike2.0_民主議政園區(日月池),霧峰區,中正路734號前(日月池旁人行道),16,3,13,2026-08-21 13:45:02,24.054037,120.698874,1,"3,0",2026-08-21 15:12:29.741980
500622031,YouBike2.0_霧峰國中,霧峰區,國中路110號(東南側),23,9,14,2026-08-21 14:33:05,24.06717,120.6896,1,"9,0",2026-08-21 15:12:29.741980
500622032,YouBike2.0_四德路258號(東側),霧峰區,四德路258號(東側),18,8,10,2026-08-21 13:12:03,24.065808,120.686971,1,"8,0",2026-08-21 15:12:29.741980
500622033,YouBike2.0_省議會公車站,霧峰區,中正路734號(公車站旁),20,1,19,2026-08-21 13:41:03,24.0548,120.69679,1,"1,0",2026-08-21 15:12:29.741980
500622034,YouBike2.0_萊園萊園路47巷口,霧峰區,萊園路30號(東側),18,1,17,2026-08-21 13:08:04,24.063538,120.70168,1,"1,0",2026-08-21 15:12:29.741980
500622035,YouBike2.0_吳厝庄福成宮,霧峰區,五福路230號(西南側),13,6,7,2026-08-21 14:23:03,24.071159,120.666411,1,"3,3",2026-08-21 15:12:29.741980
500622036,YouBike2.0_霧峰區農會,霧峰區,振德街/四德路口(北側),27,5,22,2026-08-21 14:40:04,24.064889,120.697764,1,"5,0",2026-08-21 15:12:29.741980
500622037,YouBike2.0_朝陽科大第一機車停車場,霧峰區,吉峰東路530號(西南側),35,5,30,2026-08-21 12:28:03,24.070187,120.715419,1,"5,0",2026-08-21 15:12:29.741980
500622038,YouBike2.0_天威智生活學苑,霧峰區,吉峰東路535巷16號旁,26,6,20,2026-08-21 13:54:02,24.059786,120.726915,1,"6,0",2026-08-21 15:12:29.741980
500622039,YouBike2.0_921地震教育園區聯外停車場,霧峰區,乾溪路/山腳巷口(東側),18,3,15,2026-08-21 06:51:04,24.04039,120.69915,1,"3,0",2026-08-21 15:12:29.741980
500622040,YouBike2.0_乾溪綠地公園,霧峰區,乾溪東路138號(西南側),20,7,13,2026-08-21 07:02:02,24.06197,120.69335,1,"7,0",2026-08-21 15:12:29.741980
500622042,YouBike2.0_立法院議政博物館,霧峰區,中正路734號,19,5,14,2026-08-21 13:19:03,24.05341,120.69986,1,"5,0",2026-08-21 15:12:29.741980
500622044,YouBike2.0_朝陽科大第二宿舍,霧峰區,吉峰東路535巷80號(對側),36,4,32,2026-08-21 12:22:03,24.06116,120.7283,1,"4,0",2026-08-21 15:12:29.741980
500622045,YouBike2.0_中投東北豐路口,霧峰區,北豐路169號前,18,4,14,2026-08-21 02:20:04,24.04738,120.66486,1,"3,1",2026-08-21 15:12:29.741980
500622046,YouBike2.0_阿罩霧舊街,霧峰區,民權街37號前,18,7,11,2026-08-21 14:50:04,24.06666,120.70028,1,"7,0",2026-08-21 15:12:29.741980
500623002,YouBike2.0_潭子運動公園(勝利路),潭子區,勝利路/勝利六街口(東北側),35,3,32,2026-08-21 15:06:02,24.20984,120.701135,1,"2,1",2026-08-21 15:12:29.741980
500623003,YouBike2.0_頭家公園,潭子區,頭張路一段159號(對側人行道),15,4,11,2026-08-21 14:51:03,24.19466,120.69812,1,"4,0",2026-08-21 15:12:29.741980
500623004,YouBike2.0_頭家國小,潭子區,得福街185號,15,3,12,2026-08-21 14:09:03,24.19696,120.69618,1,"3,0",2026-08-21 15:12:29.741980
500623005,YouBike2.0_頭家厝車站,潭子區,頭張東路43巷8號,28,0,27,2026-08-21 14:55:18,24.19564,120.70405,1,"0,0",2026-08-21 15:12:29.741980
500623006,YouBike2.0_潭子車站(潭興路),潭子區,潭興路二段/潭子街一段31巷口(西南側),26,19,7,2026-08-21 15:10:05,24.21136,120.7061,1,"18,1",2026-08-21 15:12:29.741980
500623007,YouBike2.0_栗林車站,潭子區,吉林二街38號,32,14,18,2026-08-21 15:11:03,24.23419,120.71056,1,"14,0",2026-08-21 15:12:29.741980
500623008,YouBike2.0_順天豐華站,潭子區,大豐路三段192號對側,24,2,22,2026-08-21 14:44:03,24.2243406,120.6922168,1,"1,1",2026-08-21 15:12:29.741980
500623009,YouBike2.0_中山中山路一段15巷口,潭子區,中山路一段13-10號前,14,1,13,2026-08-21 15:11:18,24.18948,120.70236,1,"1,0",2026-08-21 15:12:29.741980
500623010,YouBike2.0_綠空廊道(中興路),潭子區,中興路88號旁,16,2,14,2026-08-21 15:09:04,24.19088,120.70326,1,"2,0",2026-08-21 15:12:29.741980
500623011,YouBike2.0_綠空廊道(祥和路),潭子區,祥和路/中山路三段口,13,5,8,2026-08-21 15:06:03,24.22984,120.70882,1,"5,0",2026-08-21 15:12:29.741980
500623012,YouBike2.0_豐栗安和路106巷口,潭子區,豐栗路158號,15,10,5,2026-08-21 13:51:02,24.23163,120.70538,1,"10,0",2026-08-21 15:12:29.741980
500623013,YouBike2.0_弘文高中,潭子區,中山路三段221巷100號,50,12,38,2026-08-21 15:00:05,24.22628,120.70537,1,"12,0",2026-08-21 15:12:29.741980
500623014,YouBike2.0_潭子國小,潭子區,中山路二段391巷/中山路二段口(西北側),30,4,26,2026-08-21 15:05:03,24.21325,120.70494,1,"4,0",2026-08-21 15:12:29.741980
500623015,YouBike2.0_潭子聯合辦公大樓,潭子區,豐興路二段/潭興路一段口(東南側),20,3,17,2026-08-21 13:18:03,24.20382,120.7227,1,"3,0",2026-08-21 15:12:29.741980
500623016,YouBike2.0_中山路241巷中山路口,潭子區,中山路241巷/中山路二段口(西南側),15,6,9,2026-08-21 13:24:03,24.20982,120.70506,1,"6,0",2026-08-21 15:12:29.741980
500623017,YouBike2.0_環中東復興路一段口,潭子區,環中東路一段97號前,14,3,11,2026-08-21 15:02:02,24.2009,120.70633,1,"3,0",2026-08-21 15:12:29.741980
500623018,YouBike2.0_摘星山莊,潭子區,潭富路二段88號,14,3,11,2026-08-21 14:50:04,24.22401,120.69663,1,"3,0",2026-08-21 15:12:29.741980
500623019,YouBike2.0_東寶國小,潭子區,雅潭路三段2號,15,3,12,2026-08-21 12:31:02,24.21641,120.68379,1,"2,1",2026-08-21 15:12:29.741980
500623020,YouBike2.0_綠空廊道(圓通南路),潭子區,圓通南路/中山路二段口(東北側),14,2,12,2026-08-21 15:01:03,24.2072,120.70519,1,"2,0",2026-08-21 15:12:29.741980
500623021,YouBike2.0_大新路機車停車場,潭子區,中山路二段108巷/大新路口(東北側),15,3,12,2026-08-21 14:25:04,24.20268,120.70469,1,"3,0",2026-08-21 15:12:29.741980
500623023,YouBike2.0_綠空廊道(人和路),潭子區,人和路/中山路三段口(東北側),15,7,8,2026-08-21 14:45:03,24.22042,120.70668,1,"7,0",2026-08-21 15:12:29.741980
500623024,YouBike2.0_東寶兒童公園,潭子區,大富路一段12號(對側公園),34,6,28,2026-08-21 14:55:03,24.2042,120.67855,1,"6,0",2026-08-21 15:12:29.741980
500623025,YouBike2.0_潭子環保公園,潭子區,合作街38巷72號(對側人行道),20,0,20,2026-08-21 15:09:58,24.20462,120.70885,1,"0,0",2026-08-21 15:12:29.741980
500623026,YouBike2.0_潭秀國中,潭子區,雅潭路一段/勝利路口(西南側),24,19,5,2026-08-21 15:09:04,24.21615,120.70029,1,"19,0",2026-08-21 15:12:29.741980
500623027,YouBike2.0_潭陽國小,潭子區,福潭路/潭陽路口(西南側),15,2,13,2026-08-21 14:31:03,24.21294,120.71068,1,"0,2",2026-08-21 15:12:29.741980
500623028,YouBike2.0_潭子科技園區,潭子區,中山路二段/南環路口(西北側),20,10,10,2026-08-21 15:10:05,24.21707,120.70539,1,"9,1",2026-08-21 15:12:29.741980
500623029,YouBike2.0_潭子車站,潭子區,潭興路二段/中山路二段口(東北側),33,13,20,2026-08-21 15:08:02,24.2116,120.70605,1,"13,0",2026-08-21 15:12:29.741980
500623030,YouBike2.0_崇德崇德路四段183巷口,潭子區,崇德路四段/崇德路四段183巷口(西南側),11,5,6,2026-08-21 14:11:03,24.209319,120.686567,1,"4,1",2026-08-21 15:12:29.741980
500623031,YouBike2.0_崇德潭富路口,潭子區,崇德路五段/潭富路二段口(西北側),14,9,5,2026-08-21 14:24:03,24.225364,120.690061,1,"9,0",2026-08-21 15:12:29.741980
500623032,YouBike2.0_慈濟中醫院區,潭子區,豐興路一段66號旁,15,5,10,2026-08-21 15:10:05,24.19339,120.71982,1,"5,0",2026-08-21 15:12:29.741980
500623033,YouBike2.0_潭子得天宮,潭子區,得天街/頭張路一段22巷口(東北側),15,2,13,2026-08-21 15:11:03,24.195287,120.701284,1,"2,0",2026-08-21 15:12:29.741980
500623034,YouBike2.0_環中東中山路口(東北側),潭子區,環中東路/中山路口(東北側),17,6,11,2026-08-21 15:09:04,24.20121,120.70379,1,"5,1",2026-08-21 15:12:29.741980
500623035,YouBike2.0_中山中興路口(西南側),潭子區,中山路一段/中興路口(西南側),15,0,15,2026-08-21 15:11:03,24.19078,120.70238,1,"0,0",2026-08-21 15:12:29.741980
500623036,YouBike2.0_大明高中(潭子藝術校區),潭子區,潭興路一段168號,30,3,27,2026-08-21 15:05:03,24.20434,120.72041,1,"3,0",2026-08-21 15:12:29.741980
500623037,YouBike2.0_弘福公園(兒6),潭子區,弘智街/弘福街口(西南側),25,14,11,2026-08-21 12:53:02,24.22729,120.70581,1,"14,0",2026-08-21 15:12:29.741980
500623038,YouBike2.0_潭子科技園區(建國復興路口),潭子區,建國路/復興路口(東北側),19,14,4,2026-08-21 15:05:03,24.21872,120.701,1,"12,2",2026-08-21 15:12:29.741980
500623039,YouBike2.0_環中東福貴路口,潭子區,環中東路一段/福貴路口(南側),15,3,12,2026-08-21 14:59:03,24.200257,120.709539,1,"3,0",2026-08-21 15:12:29.741980
500623040,YouBike2.0_崇德雅潭路口,潭子區,崇德路五段48號旁,15,3,12,2026-08-21 04:40:02,24.21632,120.68846,1,"3,0",2026-08-21 15:12:29.741980
500623045,YouBike2.0_潭子國中(復興路),潭子區,復興路二段/復興路二段92巷口(東側),27,6,21,2026-08-21 15:09:04,24.209152,120.70705,1,"6,0",2026-08-21 15:12:29.741980
500623048,YouBike2.0_祥和嘉豐路口,潭子區,祥和路/嘉豐路口,17,8,9,2026-08-21 13:26:03,24.22905,120.71596,1,"8,0",2026-08-21 15:12:29.741980
500623049,YouBike2.0_僑興路僑興一街口,潭子區,僑興路/僑興一街口,29,3,26,2026-08-21 14:02:05,24.20616,120.70164,1,"3,0",2026-08-21 15:12:29.741980
500623050,YouBike2.0_新田社區活動中心,潭子區,豐興路二段412號,16,4,12,2026-08-19 10:56:03,24.21457,120.72437,1,"2,2",2026-08-21 15:12:29.741980
500623051,YouBike2.0_新田登山步道(廁所),潭子區,豐興路二段龍興巷28-1號(西南側),18,3,15,2026-08-20 07:20:03,24.21408,120.73701,1,"3,0",2026-08-21 15:12:29.741980
500623054,YouBike2.0_福貴福潭路450巷口,潭子區,福貴路/福潭路450巷口,22,3,19,2026-08-21 14:37:02,24.20924,120.71153,1,"3,0",2026-08-21 15:12:29.741980
500623056,YouBike2.0_福貴仁愛路二段82巷口,潭子區,福貴路/仁愛路二段82巷口,18,1,17,2026-08-21 11:09:02,24.21705,120.71266,1,"1,0",2026-08-21 15:12:29.741980
500624001,YouBike2.0_麗水籃球場,龍井區,三港路/水裡港巷(東北側),10,4,6,2026-08-21 14:51:03,24.199905,120.498432,1,"4,0",2026-08-21 15:12:29.741980
500624002,YouBike2.0_龍津高中,龍井區,三港路/龍津街口(西北側),20,7,13,2026-08-21 13:20:04,24.204405,120.521017,1,"7,0",2026-08-21 15:12:29.741980
500624003,YouBike2.0_龍井籃球場,龍井區,中厝路50巷60弄/中厝路56巷口(西北側),13,5,8,2026-08-21 14:59:03,24.203478,120.525007,1,"5,0",2026-08-21 15:12:29.741980
500624004,YouBike2.0_龍井區農會龍津分部,龍井區,中央路一段167號(前),13,6,7,2026-08-21 15:10:05,24.20075,120.52299,1,"6,0",2026-08-21 15:12:29.741980
500624005,YouBike2.0_龍井國小,龍井區,龍門路/舊車路口(西南側),18,4,14,2026-08-21 13:16:02,24.183368,120.530219,1,"4,0",2026-08-21 15:12:29.741980
500624007,YouBike2.0_龍山國小,龍井區,龍山街68號旁,20,6,14,2026-08-21 14:09:03,24.21400,120.54967,1,"6,0",2026-08-21 15:12:29.741980
500624008,YouBike2.0_龍井車站(龍新路3巷),龍井區,龍新路3巷/龍新路口(東北側),24,2,22,2026-08-21 14:54:02,24.198018,120.543734,1,"2,0",2026-08-21 15:12:29.741980
500624009,YouBike2.0_拍瀑拉公園,龍井區,中社路/中社二街口(西南側),22,2,20,2026-08-21 14:34:03,24.19956,120.56215,1,"2,0",2026-08-21 15:12:29.741980
500624010,YouBike2.0_藝術街藝術街90巷口,龍井區,藝術街96號前,10,7,3,2026-08-21 14:36:02,24.1882,120.59231,1,"7,0",2026-08-21 15:12:29.741980
500624011,YouBike2.0_臺灣大道遊園北路口,龍井區,臺灣大道五段/遊園北路口(東側),10,5,4,2026-08-21 15:09:04,24.18627,120.58595,1,"5,0",2026-08-21 15:12:29.741980
500624012,YouBike2.0_南寮登山步道,龍井區,南寮登山步道口(停車場旁),12,5,7,2026-08-21 07:52:04,24.17557,120.56615,1,"5,0",2026-08-21 15:12:29.741980
500624013,YouBike2.0_竹坑南寮登山步道停車場,龍井區,竹坑南寮登山步道口(停車場),14,0,14,2026-07-12 00:01:03,24.179,120.54927,0,"0,0",2026-08-21 15:12:29.741980
500624015,YouBike2.0_臺中市立圖書館龍井山頂分館,龍井區,中沙路新庄仔巷19-1號,12,6,6,2026-08-21 14:11:03,24.18264,120.57498,1,"5,1",2026-08-21 15:12:29.741980
500624016,YouBike2.0_四箴國中,龍井區,向上路六段/中沙路口(東北側),14,5,9,2026-08-21 13:13:02,24.17761,120.57627,1,"5,0",2026-08-21 15:12:29.741980
500624017,YouBike2.0_龍海國小,龍井區,中央路三段/中央路三段213巷口(東南側),15,8,7,2026-08-21 13:07:02,24.21662,120.52652,1,"8,0",2026-08-21 15:12:29.741980
500624018,YouBike2.0_龍東派出所,龍井區,文昌路/茄投路口(北側),13,4,9,2026-08-21 14:20:05,24.178772,120.530535,1,"4,0",2026-08-21 15:12:29.741980
500624020,YouBike2.0_巧聖先師廟,龍井區,遊園南路471號(西側),15,3,12,2026-08-21 14:42:02,24.175297,120.58149,1,"3,0",2026-08-21 15:12:29.741980
500624021,YouBike2.0_深水公車站,龍井區,沙田路四段282號(對側),15,3,12,2026-08-21 14:55:03,24.182655,120.545424,1,"3,0",2026-08-21 15:12:29.741980
500624022,YouBike2.0_臺灣大道五段109巷口,龍井區,臺灣大道五段127號旁,16,11,5,2026-08-21 13:33:03,24.18423,120.58965,1,"11,0",2026-08-21 15:12:29.741980
500624023,YouBike2.0_向上遊園南路口(東南側),龍井區,向上路五段/遊園南路口(東南側),12,1,11,2026-08-21 13:38:02,24.175268,120.582096,1,"1,0",2026-08-21 15:12:29.741980
500624024,YouBike2.0_臺灣大道遊園南路口,龍井區,臺灣大道五段245號旁,24,0,0,2026-07-12 00:01:03,24.18564,120.58636,0,"0,0",2026-08-21 15:12:29.741980
500624025,YouBike2.0_竹坑口公車站,龍井區,沙田路四段160號對側,15,4,11,2026-08-21 14:44:03,24.17703,120.54411,1,"4,0",2026-08-21 15:12:29.741980
500624026,YouBike2.0_龍井區公所,龍井區,沙田路四段247號旁,24,7,17,2026-08-21 14:23:03,24.192589,120.545878,1,"7,0",2026-08-21 15:12:29.741980
500624027,YouBike2.0_沙田中山二路口,龍井區,沙田路六段197號,17,9,8,2026-08-21 15:11:03,24.2089,120.54978,1,"9,0",2026-08-21 15:12:29.741980
500624028,YouBike2.0_遊園南遊園南路314巷口,龍井區,遊園南路/遊園南路314巷口,28,8,20,2026-08-21 14:27:04,24.179056,120.582934,1,"8,0",2026-08-21 15:12:29.741980
500624029,YouBike2.0_福田社區活動中心,龍井區,臨港東路二段155巷143號前,15,5,10,2026-08-21 00:38:04,24.192692,120.517624,1,"4,1",2026-08-21 15:12:29.741980
500624030,YouBike2.0_福田社區公車站,龍井區,臨港東路/臨港東路二段155巷口,15,3,12,2026-08-21 07:42:03,24.197329,120.518387,1,"3,0",2026-08-21 15:12:29.741980
500624032,YouBike2.0_拍瀑拉公園(龍社路),龍井區,龍社路/中社一街口,15,4,11,2026-08-21 13:35:04,24.19819,120.56369,1,"3,1",2026-08-21 15:12:29.741980
500624034,YouBike2.0_水師寮兒童公園,龍井區,竹師路二段/南崗路口,13,4,9,2026-08-21 14:53:02,24.1907,120.5498,1,"4,0",2026-08-21 15:12:29.741980
500624036,YouBike2.0_天母櫻城公車站,龍井區,龍社二街18號對側,16,2,14,2026-08-21 12:56:03,24.19332,120.56398,1,"2,0",2026-08-21 15:12:29.741980
500624037,YouBike2.0_遊園北遠東街口,龍井區,遊園北路308號對側,18,0,0,2026-07-12 00:01:03,24.19091,120.58747,0,"0,0",2026-08-21 15:12:29.741980
500624038,YouBike2.0_國聚之璟,龍井區,東海街128號,16,6,10,2026-08-21 15:07:05,24.18826,120.58893,1,"6,0",2026-08-21 15:12:29.741980
500624039,YouBike2.0_沙田路五段315巷口,龍井區,沙田路五段315巷/沙田路五段口,20,2,18,2026-08-21 14:42:03,24.20149,120.54733,1,"2,0",2026-08-21 15:12:29.741980
500624040,YouBike2.0_龍社路686巷口,龍井區,龍社路/龍社路686巷口,18,2,16,2026-08-21 14:42:03,24.20256,120.55855,1,"2,0",2026-08-21 15:12:29.741980
500624041,YouBike2.0_龍井山腳里社區環保運動公園,龍井區,中山一路一段西巷/向上路七段,18,4,14,2026-08-21 09:14:02,24.21753,120.54567,1,"4,0",2026-08-21 15:12:29.741980
500625001,YouBike2.0_外埔區公所,外埔區,六分路/甲后路三段口(東北側),22,1,21,2026-08-21 11:56:17,24.33212,120.65459,1,"1,0",2026-08-21 15:12:29.741980
500625002,YouBike2.0_外埔國中,外埔區,外埔路/重光路29巷口(西側),22,6,15,2026-08-21 13:03:02,24.33218,120.65077,1,"6,0",2026-08-21 15:12:29.741980
500625003,YouBike2.0_外埔農藝傳坊,外埔區,水頭一路196號,15,2,13,2026-08-21 00:50:03,24.320403,120.674369,1,"2,0",2026-08-21 15:12:29.741980
500625004,YouBike2.0_忘憂谷,外埔區,溪底路42號(西北側公園),14,2,12,2026-08-21 06:38:04,24.320919,120.621638,1,"2,0",2026-08-21 15:12:29.741980
500625005,YouBike2.0_重光公園,外埔區,中山路35巷13之3號(北側),12,3,9,2026-08-21 13:58:04,24.330799,120.652656,1,"3,0",2026-08-21 15:12:29.741980
500625006,YouBike2.0_磁瑤公園,外埔區,甲后路三段/甲后路347巷口(西側),12,6,6,2026-08-21 11:37:04,24.33045,120.65457,1,"5,1",2026-08-21 15:12:29.741980
500625007,YouBike2.0_龍鳳公園,外埔區,興龍3巷/甲后路937巷口(西南側),12,0,12,2026-08-21 13:56:16,24.32862,120.65499,1,"0,0",2026-08-21 15:12:29.741980
500625009,YouBike2.0_大東公園,外埔區,甲后路四段640號(西南側),12,0,12,2026-08-21 13:36:30,24.3406,120.64018,1,"0,0",2026-08-21 15:12:29.741980
500625010,YouBike2.0_永豐社區環境教育公園,外埔區,六分路90號(旁公園),12,5,7,2026-08-20 17:12:03,24.331658,120.678545,1,"5,0",2026-08-21 15:12:29.741980
500625011,YouBike2.0_水美社區公園,外埔區,水美路129號(北側),12,6,6,2026-08-20 19:59:02,24.333259,120.63279,1,"6,0",2026-08-21 15:12:29.741980
500625013,YouBike2.0_臺中市國際壘球運動園區,外埔區,長生路449號(東側機車停車場內),12,6,6,2026-08-21 13:55:04,24.34639,120.64368,1,"6,0",2026-08-21 15:12:29.741980
500625014,YouBike2.0_鐵山國小,外埔區,長生路576號(東南側),15,7,8,2026-08-21 13:32:03,24.348673,120.656408,1,"7,0",2026-08-21 15:12:29.741980
500625015,YouBike2.0_福天宮包公石,外埔區,長生路426號(南側),12,5,7,2026-08-21 06:49:03,24.349703,120.661249,1,"5,0",2026-08-21 15:12:29.741980
500625016,YouBike2.0_長生路5號(東側),外埔區,長生路5號(東側),11,6,5,2026-08-21 12:25:04,24.343829,120.663593,1,"6,0",2026-08-21 15:12:29.741980
500625017,YouBike2.0_明湖新村,外埔區,長生路421號(北側),10,1,9,2026-08-21 12:18:02,24.346625,120.646578,1,"1,0",2026-08-21 15:12:29.741980
500625019,YouBike2.0_外埔土城里活動中心,外埔區,土城路118號(西南側),12,8,3,2026-08-21 14:38:04,24.345271,120.703872,1,"8,0",2026-08-21 15:12:29.741980
500625021,YouBike2.0_大馬路188號(東南側),外埔區,大馬路188號(東南側),12,6,6,2026-08-21 07:50:05,24.33985,120.66136,1,"6,0",2026-08-21 15:12:29.741980
500625022,YouBike2.0_馬鳴里活動中心,外埔區,大馬路2號前,14,7,7,2026-08-21 07:52:04,24.341334,120.666809,1,"7,0",2026-08-21 15:12:29.741980
500625024,YouBike2.0_外埔三清總道院,外埔區,山美路813號(東北側),15,6,9,2026-08-21 10:13:02,24.332625,120.616963,1,"6,0",2026-08-21 15:12:29.741980
500625025,YouBike2.0_外埔幸福公園,外埔區,甲東路/甲東路202巷口(西南側),19,4,15,2026-08-21 13:34:02,24.340929,120.633737,1,"4,0",2026-08-21 15:12:29.741980
500625026,YouBike2.0_北路公車站,外埔區,土城路258號前,18,5,13,2026-08-21 12:17:04,24.34537,120.69047,1,"5,0",2026-08-21 15:12:29.741980
500625027,YouBike2.0_三崁社區發展協會,外埔區,溪底路19號,15,5,10,2026-08-20 15:54:02,24.318813,120.650789,1,"5,0",2026-08-21 15:12:29.741980
500625028,YouBike2.0_土城五崁腳休閒步道,外埔區,土城路19號(東南側),16,2,14,2026-08-17 17:55:04,24.33342,120.71398,1,"2,0",2026-08-21 15:12:29.741980
500625029,YouBike2.0_二崁公園,外埔區,甲后路三段999巷/二崁路口,15,9,6,2026-08-21 11:16:03,24.32525,120.64937,1,"9,0",2026-08-21 15:12:29.741980
500625030,YouBike2.0_巨大機械外埔宿舍,外埔區,長生路934號旁,18,4,14,2026-08-19 21:27:02,24.35122,120.64777,1,"4,0",2026-08-21 15:12:29.741980
500626001,YouBike2.0_谷關立體停車場,和平區,東關路一段/東關路一段分校巷口(東南側),20,5,15,2026-08-20 18:06:04,24.20292,121.00537,1,"5,0",2026-08-21 15:12:29.741980
500626002,YouBike2.0_松鶴社區活動中心,和平區,東關路一段松鶴二巷/松鶴三巷口(東北側),15,9,6,2026-08-21 15:02:03,24.177925,120.980151,1,"9,0",2026-08-21 15:12:29.741980
500627001,YouBike2.0_石岡區公所,石岡區,豐勢路1033號(對側),22,9,13,2026-08-21 12:00:04,24.27508,120.78055,1,"9,0",2026-08-21 15:12:29.741980
500627002,YouBike2.0_石岡國小,石岡區,大勇街12號(西側),15,4,11,2026-08-21 13:48:20,24.275918,120.774064,1,"4,0",2026-08-21 15:12:29.741980
500627003,YouBike2.0_金星里社區活動中心,石岡區,石岡街下坑巷153號(北側),18,4,14,2026-08-20 21:08:05,24.27098,120.77339,1,"4,0",2026-08-21 15:12:29.741980
500628001,YouBike2.0_大安國小,大安區,中山南路/中山南路304巷口(東南側),22,4,18,2026-08-21 14:14:03,24.34547,120.58721,1,"4,0",2026-08-21 15:12:29.741980
500628002,YouBike2.0_海墘國小,大安區,大安港路/大安港路1079巷口(西北側),22,7,15,2026-08-21 14:48:03,24.37892,120.58839,1,"7,0",2026-08-21 15:12:29.741980
500628003,YouBike2.0_東安休閒公園,大安區,中山南路79巷14弄/中山南路79巷口(西南側),14,4,10,2026-08-21 14:12:04,24.337329,120.591735,1,"4,0",2026-08-21 15:12:29.741980
500628004,YouBike2.0_大安國中,大安區,大安港路691號,15,5,10,2026-08-21 14:57:02,24.364988,120.602467,1,"5,0",2026-08-21 15:12:29.741980
500628005,YouBike2.0_大安濱海樂園,大安區,北沙海堤/北汕路口(南側),17,5,12,2026-08-21 12:44:02,24.38321,120.58603,1,"5,0",2026-08-21 15:12:29.741980
500628006,YouBike2.0_龜殼生態公園,大安區,中山南路757巷/中山北路口(西南側),12,3,9,2026-08-21 13:58:04,24.371432,120.584097,1,"3,0",2026-08-21 15:12:29.741980
500628007,YouBike2.0_大安永安國小,大安區,東西四路二段252號(東側),12,3,9,2026-08-20 17:28:02,24.38214,120.606566,1,"3,0",2026-08-21 15:12:29.741980
500628008,YouBike2.0_頂安社區,大安區,中山北路378號(西北側),11,5,6,2026-08-21 12:24:02,24.394833,120.600435,1,"4,1",2026-08-21 15:12:29.741980
500628009,YouBike2.0_東西二路51巷,大安區,東西二路51巷(西側),11,3,8,2026-08-21 10:34:02,24.384132,120.615327,1,"3,0",2026-08-21 15:12:29.741980
500628010,YouBike2.0_阿聰師芋頭文化館,大安區,興安路168號前,15,4,5,2026-08-21 07:12:04,24.346418,120.602346,1,"3,1",2026-08-21 15:12:29.741980
500628012,YouBike2.0_大安聖安宮,大安區,龜殼路175號,15,1,14,2026-08-20 11:51:19,24.36114,120.5823,1,"1,0",2026-08-21 15:12:29.741980
500628015,YouBike2.0_大安港媽祖文化園區(停車場),大安區,中山北路117號(西北側),20,2,18,2026-08-20 18:38:04,24.38156,120.584719,1,"2,0",2026-08-21 15:12:29.741980
500628016,YouBike2.0_大安松雅保安宮,大安區,松六街/松五街口,15,5,10,2026-08-21 13:57:02,24.36143,120.60367,1,"5,0",2026-08-21 15:12:29.741980
500628017,YouBike2.0_中山南路507巷口,大安區,中山南路513號對側,17,5,12,2026-08-21 13:25:03,24.35173,120.58414,1,"5,0",2026-08-21 15:12:29.741980
500628018,YouBike2.0_南安路160號旁,大安區,南安路160號旁,15,4,11,2026-08-21 14:58:02,24.35017,120.57767,1,"4,0",2026-08-21 15:12:29.741980
500628020,YouBike2.0_五甲港公車站,大安區,五甲南路92號旁,18,3,15,2026-08-20 19:43:02,24.39028,120.59024,1,"3,0",2026-08-21 15:12:29.741980
500628021,YouBike2.0_大安區三光國小,大安區,中松路297號前,17,5,12,2026-08-21 12:32:03,24.35733,120.60105,1,"5,0",2026-08-21 15:12:29.741980
500628022,YouBike2.0_南埔運動公園,大安區,台61線/南埔堤防口,16,1,15,2026-08-20 11:27:16,24.33581,120.56991,1,"1,0",2026-08-21 15:12:29.741980
500628023,YouBike2.0_台61線南埔路口,大安區,台61線/南埔路口,16,2,14,2026-08-17 20:15:17,24.33991,120.57123,1,"2,0",2026-08-21 15:12:29.741980
500628058,YouBike2.0_大安港東西八路口,大安區,大安港路820號對側,15,2,13,2026-08-21 14:40:04,24.371051,120.600295,1,"2,0",2026-08-21 15:12:29.741980
500629001,YouBike2.0_新社高中,新社區,興安路1號(北側),20,12,8,2026-08-21 15:09:04,24.23932,120.80722,1,"12,0",2026-08-21 15:12:29.741980
500629002,YouBike2.0_新社區公所,新社區,興社街二段28之2號(西側),20,2,18,2026-08-21 12:07:03,24.23386,120.80847,1,"2,0",2026-08-21 15:12:29.741980
500629003,YouBike2.0_臺中市立圖書館新社分館,新社區,興社街三段/興社街三段39巷口(東南側),10,6,4,2026-08-20 16:45:03,24.240502,120.809586,1,"6,0",2026-08-21 15:12:29.741980
500629004,YouBike2.0_新社里守望相助隊,新社區,中和街四段207巷207號,15,6,9,2026-08-21 14:57:02,24.244211,120.808476,1,"6,0",2026-08-21 15:12:29.741980
500629005,YouBike2.0_中興嶺停車場,新社區,中93鄉道32號(對側停車場),10,1,9,2026-08-21 10:31:02,24.20428,120.79622,1,"1,0",2026-08-21 15:12:29.741980
500629006,YouBike2.0_小櫻花公園,新社區,興社街一段303號對側,18,0,0,2026-07-12 00:01:03,24.208236,120.821405,0,"0,0",2026-08-21 15:12:29.741980
500629007,YouBike2.0_種苗公園,新社區,中和街二段320號(東南側),18,3,14,2026-08-21 11:18:03,24.229019,120.799474,1,"3,0",2026-08-21 15:12:29.741980
500629008,YouBike2.0_崑南社區發展協會,新社區,崑南街55號之1號旁,15,4,11,2026-08-21 10:37:02,24.24178,120.78562,1,"4,0",2026-08-21 15:12:29.741980
500601001,YouBike2.0_綠川東中山路口,中區,綠川東街/中山路口(東側),16,1,15,2026-08-21 15:12:03,24.13785,120.68337,1,"1,0",2026-08-21 15:18:14.887777
500601002,YouBike2.0_繼光光復路口,中區,繼光街166號(對側人行道),18,3,15,2026-08-21 15:02:02,24.1411,120.68474,1,"2,1",2026-08-21 15:18:14.887777
500601003,YouBike2.0_柳原教會,中區,興中街/福音街口(西南側),13,2,11,2026-08-21 15:11:03,24.145923,120.681301,1,"2,0",2026-08-21 15:18:14.887777
500601004,YouBike2.0_臺中車站(建國路),中區,建國路/中山路口(北側),79,59,19,2026-08-21 15:12:03,24.13746,120.68435,1,"47,12",2026-08-21 15:18:14.887777
500601005,YouBike2.0_柳川東中華路口,中區,柳川東路四段/中華路二段口(西北側),30,0,30,2026-08-21 14:58:16,24.14692,120.6783,1,"0,0",2026-08-21 15:18:14.887777
500601006,YouBike2.0_柳川西民權路口,中區,柳川西路三段2號(對側人行道),16,9,7,2026-08-21 15:14:04,24.14169,120.67568,1,"9,0",2026-08-21 15:18:14.887777
500601007,YouBike2.0_自由臺灣大道口,中區,自由路二段34號旁,24,22,2,2026-08-21 15:16:03,24.13988,120.68206,1,"21,1",2026-08-21 15:18:14.887777
500601008,YouBike2.0_興中立體停車場,中區,臺灣大道一段/興中街口(北側),50,16,34,2026-08-21 15:05:03,24.14343,120.6786,1,"16,0",2026-08-21 15:18:14.887777
500601009,YouBike2.0_繼光街中山路口,中區,繼光街/中山路口,20,4,11,2026-08-21 15:02:03,24.13856,120.68213,1,"4,0",2026-08-21 15:18:14.887777
500602001,YouBike2.0_大智機車停車場,東區,復興路四段212號(對側),22,7,14,2026-08-21 15:17:04,24.13657,120.68789,1,"7,0",2026-08-21 15:18:14.887777
500602002,YouBike2.0_秀泰生活S1館,東區,南京路/復興路四段(東北側),16,8,8,2026-08-21 15:14:04,24.14012,120.68933,1,"8,0",2026-08-21 15:18:14.887777
500602003,YouBike2.0_雙十南京路口(東北側),東區,雙十路一段/南京路口(東北側),13,1,12,2026-08-21 14:54:02,24.1402694,120.6860178,1,"0,1",2026-08-21 15:18:14.887777
500602004,YouBike2.0_帝國製糖廠,東區,進德路/樂業路口(西南側),20,5,15,2026-08-21 14:47:04,24.1386429,120.6924869,1,"5,0",2026-08-21 15:18:14.887777
500602005,YouBike2.0_中興大學附屬高農(中農附旅),東區,台中路287號前,15,6,9,2026-08-21 15:14:04,24.12688,120.6844,1,"6,0",2026-08-21 15:18:14.887777
500602006,YouBike2.0_精武車站,東區,東光路161號旁,56,27,23,2026-08-21 15:17:04,24.14956,120.69786,1,"27,0",2026-08-21 15:18:14.887777
500602007,YouBike2.0_臺中家商(大公街),東區,大公街47號(對側人行道),35,3,32,2026-08-21 14:51:03,24.13365,120.68569,1,"3,0",2026-08-21 15:18:14.887777
500602008,YouBike2.0_自由南京路口,東區,自由路/南京路口(南側),15,5,10,2026-08-21 14:43:02,24.14267,120.69625,1,"5,0",2026-08-21 15:18:14.887777
500602009,YouBike2.0_臺中國小(信義街),東區,信義街45號(對側人行道),50,6,44,2026-08-21 14:58:02,24.13212,120.68481,1,"6,0",2026-08-21 15:18:14.887777
500602010,YouBike2.0_忠孝公園,東區,忠孝路/大勇街(東北側),17,3,14,2026-08-21 14:50:04,24.13254,120.6888,1,"3,0",2026-08-21 15:18:14.887777
500602011,YouBike2.0_東門兒童公園,東區,東光園路/東光園路131巷口(西北側),20,0,20,2026-08-21 14:31:17,24.12784,120.69443,1,"0,0",2026-08-21 15:18:14.887777
500602012,YouBike2.0_六順多功能活動中心,東區,六順路26號(北側),20,6,13,2026-08-21 15:09:04,24.12514,120.69947,1,"6,0",2026-08-21 15:18:14.887777
500602013,YouBike2.0_樂成公園,東區,東英五街/東信街口(北側),17,2,15,2026-08-21 14:38:04,24.13637,120.70297,1,"2,0",2026-08-21 15:18:14.887777
500602014,YouBike2.0_東峰公園,東區,七中路/興大路口(東側),20,5,15,2026-08-21 15:15:03,24.12415,120.68503,1,"5,0",2026-08-21 15:18:14.887777
500602015,YouBike2.0_臺中車站(大智北路),東區,大智北路/新民街(西南側),36,5,20,2026-08-21 15:14:04,24.13777,120.68765,1,"5,0",2026-08-21 15:18:14.887777
500602016,YouBike2.0_臺中車站(復興路東側出口),東區,復興路四段149巷/復興路四段口(北側),98,12,86,2026-08-21 15:14:04,24.136,120.68631,1,"11,1",2026-08-21 15:18:14.887777
500602017,YouBike2.0_力行國小(進化路221巷),東區,進化路/進化路221巷口(西北側),20,3,17,2026-08-21 15:17:04,24.14999,120.69419,1,"3,0",2026-08-21 15:18:14.887777
500602018,YouBike2.0_進化精武路口(西南側),東區,進化路/精武路口(西南側),17,1,16,2026-08-21 15:16:03,24.14765,120.69417,1,"1,0",2026-08-21 15:18:14.887777
500602019,YouBike2.0_自由自由三街口,東區,自由路三段/自由三街口(東北側),18,6,12,2026-08-21 15:05:03,24.14269,120.69109,1,"6,0",2026-08-21 15:18:14.887777
500602020,YouBike2.0_進德國小(進化路),東區,進化路/福仁街口(西北側),19,0,19,2026-08-21 15:02:20,24.14428,120.69418,1,"0,0",2026-08-21 15:18:14.887777
500602021,YouBike2.0_東英停車場(一心街),東區,一心街/東英九街(西北側),47,4,43,2026-08-21 15:17:04,24.14227,120.70204,1,"3,1",2026-08-21 15:18:14.887777
500602022,YouBike2.0_十甲里等三里多功能活動中心,東區,東英七街41號,19,0,19,2026-08-21 13:29:16,24.14113,120.70408,1,"0,0",2026-08-21 15:18:14.887777
500602023,YouBike2.0_仁和大智路口(西南側),東區,仁和路/大智路口(西南側),11,8,3,2026-08-21 15:16:03,24.12628,120.68984,1,"8,0",2026-08-21 15:18:14.887777
500602024,YouBike2.0_東峰國中(仁和路),東區,仁和路330號(東側人行道),20,10,10,2026-08-21 15:15:03,24.1263,120.68724,1,"10,0",2026-08-21 15:18:14.887777
500602025,YouBike2.0_東光園大智路口(東北側),東區,東光園路22號(對面側人行道),33,0,0,2026-08-06 22:05:17,24.12473,120.69065,0,"0,0",2026-08-21 15:18:14.887777
500602026,YouBike2.0_新建國市場(1號門)(樂業二路),東區,樂業二路/樂業南路口(西北側),37,6,31,2026-08-21 14:54:02,24.13497,120.69486,1,"6,0",2026-08-21 15:18:14.887777
500602027,YouBike2.0_樂業國小(樂業南路),東區,樂業路60號(西側人行道),20,0,20,2026-08-21 14:22:21,24.13803,120.695,1,"0,0",2026-08-21 15:18:14.887777
500602028,YouBike2.0_福聯新城,東區,精武路217巷/富榮街口(西側),20,0,20,2026-08-21 14:45:17,24.14554,120.69098,1,"0,0",2026-08-21 15:18:14.887777
500602029,YouBike2.0_東英公園(樂業路),東區,樂業路/喬城三街口(東北側),15,7,8,2026-08-21 12:58:03,24.13586,120.70844,1,"7,0",2026-08-21 15:18:14.887777
500602030,YouBike2.0_旱溪停車場(旱溪街),東區,旱溪街/德興一街口(東北側),31,5,26,2026-08-21 12:10:04,24.14083,120.70949,1,"5,0",2026-08-21 15:18:14.887777
500602031,YouBike2.0_三賢停車場,東區,十甲路/東英十一街口(東南側),13,4,9,2026-08-21 14:33:05,24.14413,120.7112,1,"4,0",2026-08-21 15:18:14.887777
500602032,YouBike2.0_進業公園(東英十五街),東區,東英十五街/十甲東路口(西北側),50,3,47,2026-08-21 14:10:02,24.14624,120.70924,1,"3,0",2026-08-21 15:18:14.887777
500602033,YouBike2.0_家庭教育中心(東英十七街),東區,東英十七街/三賢街口(西南側),23,4,19,2026-08-21 14:55:03,24.14793,120.7075,1,"4,0",2026-08-21 15:18:14.887777
500602034,YouBike2.0_南京東十甲路口,東區,南京東路/十甲路口(東北側),15,0,15,2026-08-21 15:06:17,24.14481,120.69702,1,"0,0",2026-08-21 15:18:14.887777
500602035,YouBike2.0_力行國小,東區,力行路/進化路口(西南側),33,7,26,2026-08-21 15:17:04,24.15157,120.69372,1,"7,0",2026-08-21 15:18:14.887777
500602036,YouBike2.0_進德國小,東區,進化路158號(對側人行道),32,1,31,2026-08-21 15:11:18,24.14607,120.69429,1,"1,0",2026-08-21 15:18:14.887777
500602037,YouBike2.0_大智國小(建德街),東區,建德街181號(對側人行道),15,8,7,2026-08-21 15:09:04,24.12959,120.69144,1,"8,0",2026-08-21 15:18:14.887777
500602038,YouBike2.0_東福公園(東英一街),東區,東英一街62號(對側人行道),35,1,34,2026-08-21 15:01:03,24.13411,120.70382,1,"1,0",2026-08-21 15:18:14.887777
500602039,YouBike2.0_旱溪東東英三街口,東區,旱溪東路一段306號前,20,5,15,2026-08-21 14:44:03,24.13556,120.70097,1,"5,0",2026-08-21 15:18:14.887777
500602041,YouBike2.0_大智國小,東區,建德街/大智路口(東南側),26,11,15,2026-08-21 15:00:05,24.12956,120.69059,1,"11,0",2026-08-21 15:18:14.887777
500602042,YouBike2.0_東峰公園(仁和路),東區,仁和路/立德東街口(西側),26,4,22,2026-08-21 15:00:05,24.12627,120.68827,1,"4,0",2026-08-21 15:18:14.887777
500602043,YouBike2.0_中興大學附屬高農,東區,台中路283號前,46,2,44,2026-08-21 15:16:03,24.12861,120.68491,1,"2,0",2026-08-21 15:18:14.887777
500602044,YouBike2.0_長福公園,東區,長福路/旱溪東路一段口(東北側),22,3,19,2026-08-21 14:18:03,24.14402,120.70205,1,"3,0",2026-08-21 15:18:14.887777
500602045,YouBike2.0_東光園振興路口,東區,東光園路/振興路口(西北側),36,2,32,2026-08-21 15:17:04,24.13333,120.69708,1,"2,0",2026-08-21 15:18:14.887777
500602046,YouBike2.0_秀泰廣場,東區,南京路/自由三街口(東北側),30,20,10,2026-08-21 15:17:04,24.1401,120.6913,1,"20,0",2026-08-21 15:18:14.887777
500602047,YouBike2.0_樂利公園,東區,十甲東路/東英六街口(東南側),32,5,27,2026-08-21 13:31:05,24.13885,120.70752,1,"4,1",2026-08-21 15:18:14.887777
500602048,YouBike2.0_樂成宮,東區,旱溪一街/東光路口(東北側),27,4,22,2026-08-21 15:10:05,24.14097,120.6969,1,"4,0",2026-08-21 15:18:14.887777
500602049,YouBike2.0_新建國市場(5號門),東區,進德路/建成路口(東北側),30,5,25,2026-08-21 15:14:04,24.13401,120.69385,1,"5,0",2026-08-21 15:18:14.887777
500602050,YouBike2.0_建成樂業路口,東區,建成路356號(對側人行道),20,6,14,2026-08-21 14:48:03,24.13858,120.69669,1,"6,0",2026-08-21 15:18:14.887777
500602051,YouBike2.0_綠空廊道(南京泉源街口西南側),東區,南京路/泉源街口(西南側),13,4,8,2026-08-21 15:17:04,24.14081,120.69434,1,"4,0",2026-08-21 15:18:14.887777
500602052,YouBike2.0_綠空廊道(南京泉源街口東南側),東區,南京路/泉源街口(東南側),19,7,11,2026-08-21 15:17:04,24.140901,120.694408,1,"7,0",2026-08-21 15:18:14.887777
500602053,YouBike2.0_綠空廊道(精武東光路口),東區,精武路/東光路口(西南側),10,8,2,2026-08-21 14:51:03,24.147882,120.697793,1,"8,0",2026-08-21 15:18:14.887777
500602054,YouBike2.0_建德東光園路口,東區,建德街/東光園路口(南側),15,1,14,2026-08-21 14:43:16,24.12953,120.69679,1,"1,0",2026-08-21 15:18:14.887777
500602055,YouBike2.0_樂業寵物公園,東區,樂業一路/進德路口(東南側),20,9,10,2026-08-21 15:02:02,24.1368,120.693,1,"9,0",2026-08-21 15:18:14.887777
500602056,YouBike2.0_帝國製糖廠(復興東路),東區,復興東路/復興路四段口(東南側),20,5,15,2026-08-21 14:25:04,24.13835,120.69013,1,"5,0",2026-08-21 15:18:14.887777
500602057,YouBike2.0_育英公園,東區,旱溪西路一段/旱溪西路一段365巷(西南側),15,3,12,2026-08-21 14:42:02,24.13802,120.69995,1,"3,0",2026-08-21 15:18:14.887777
500602058,YouBike2.0_臺中轉運站,東區,大智北路/八德街口(西北側),40,10,30,2026-08-21 14:44:03,24.13887,120.68755,1,"10,0",2026-08-21 15:18:14.887777
500602059,YouBike2.0_美好莊園_夏卡爾社區,東區,東福二街/東福路口(東南側),19,4,15,2026-08-21 15:08:02,24.12804,120.69932,1,"4,0",2026-08-21 15:18:14.887777
500602060,YouBike2.0_東英自由路口,東區,東英路/自由路四段口,11,8,3,2026-08-21 15:01:03,24.143046,120.705976,1,"8,0",2026-08-21 15:18:14.887777
500602062,YouBike2.0_興大七中路口,東區,興大路/七中路(西側),20,0,20,2026-08-21 14:19:17,24.123836,120.684809,1,"0,0",2026-08-21 15:18:14.887777
500602063,YouBike2.0_仁和公園,東區,東光園仁和路口(西南側),15,1,14,2026-08-21 15:03:03,24.126275,120.693214,1,"1,0",2026-08-21 15:18:14.887777
500602064,YouBike2.0_大智公園(立德東街),東區,立德東街亞洲街口(北側),17,8,9,2026-08-21 15:05:03,24.124883,120.688892,1,"8,0",2026-08-21 15:18:14.887777
500602066,YouBike2.0_大興建功街口,東區,大興街26號(東南側),10,0,10,2026-07-12 00:01:03,24.130346,120.693039,0,"0,0",2026-08-21 15:18:14.887777
500602067,YouBike2.0_第一廣場公園,東區,公園東路150號,16,2,14,2026-08-21 15:16:03,24.14148,120.68707,1,"2,0",2026-08-21 15:18:14.887777
500602068,YouBike2.0_家庭教育中心(三賢街),東區,三賢街/十甲東二街口(西北側),14,4,10,2026-08-21 15:00:05,24.14749,120.70786,1,"4,0",2026-08-21 15:18:14.887777
500602069,YouBike2.0_旱平公園,東區,十甲東路/東英八街口(西南側),15,1,14,2026-08-21 15:01:03,24.14165,120.70849,1,"1,0",2026-08-21 15:18:14.887777
500602070,YouBike2.0_中興大學附屬高農(建中街),東區,建中街/台中路口(東南側),28,6,22,2026-08-21 15:11:03,24.12889,120.68516,1,"6,0",2026-08-21 15:18:14.887777
500602071,YouBike2.0_樂業二路復興東一街口,東區,樂業二路/復興東一路口,40,8,32,2026-08-21 15:17:04,24.13476,120.69133,1,"8,0",2026-08-21 15:18:14.887777
500602072,YouBike2.0_東光園樂業一路口,東區,東光園路452號對側,13,2,9,2026-08-21 15:01:03,24.13683,120.69702,1,"2,0",2026-08-21 15:18:14.887777
500602073,YouBike2.0_福仁自由二街口,東區,自由二街85號,16,6,10,2026-08-21 15:17:04,24.14461,120.68746,1,"6,0",2026-08-21 15:18:14.887777
500602074,YouBike2.0_福仁富台東街口,東區,福仁街78號對側,23,0,23,2026-08-21 14:58:16,24.14417,120.69073,1,"0,0",2026-08-21 15:18:14.887777
500602075,YouBike2.0_建興大振街口,東區,建興街58號對側,20,4,16,2026-08-21 13:43:03,24.12771,120.69095,1,"4,0",2026-08-21 15:18:14.887777
500602077,YouBike2.0_忠孝教會(忠孝路),東區,忠孝路288號(西側),20,9,11,2026-08-21 14:51:03,24.131622,120.687061,1,"9,0",2026-08-21 15:18:14.887777
500602079,YouBike2.0_東光力行路口,東區,東光路210號對側,23,2,21,2026-08-21 15:09:04,24.15078,120.69823,1,"2,0",2026-08-21 15:18:14.887777
500602081,YouBike2.0_大智北南京路口,東區,大智北路/南京路口,42,7,35,2026-08-21 14:56:02,24.13964,120.68768,1,"7,0",2026-08-21 15:18:14.887777
500602082,YouBike2.0_立德地下停車場,東區,立德街67巷/和平街158巷口(西南側),32,2,30,2026-08-21 14:53:02,24.133868,120.68723,1,"2,0",2026-08-21 15:18:14.887777
500602084,YouBike2.0_十甲旺市場,東區,旱溪西路一段523巷/旱溪西路一段口,18,3,15,2026-08-21 15:16:03,24.14534,120.69904,1,"3,0",2026-08-21 15:18:14.887777
500602085,YouBike2.0_旱溪東振興路口,東區,旱溪東路一段/振興路口(西北側),25,4,21,2026-08-21 12:56:03,24.13321,120.70013,1,"4,0",2026-08-21 15:18:14.887777
500602086,YouBike2.0_十甲公園,東區,東英路697號,16,4,12,2026-08-21 14:10:02,24.14770,120.70615,1,"3,1",2026-08-21 15:18:14.887777
500602088,YouBike2.0_南京進德路口,東區,南京路/進德路口,22,2,20,2026-08-21 15:10:05,24.13992,120.69274,1,"2,0",2026-08-21 15:18:14.887777
500603001,YouBike2.0_忠明國小(台灣大道),西區,台灣大道二段556號,25,4,21,2026-08-21 15:14:04,24.15803,120.65868,1,"4,0",2026-08-21 15:18:14.887777
500603003,YouBike2.0_萬壽公園(向上南路),西區,大墩路/大墩八街口(東南側),15,5,10,2026-08-21 14:55:03,24.1455119,120.6499188,1,"5,0",2026-08-21 15:18:14.887777
500603005,YouBike2.0_國立臺灣美術館(五權西路),西區,五權西路一段/五權西一街口(西北側),18,1,17,2026-08-21 15:14:04,24.14023,120.66374,1,"1,0",2026-08-21 15:18:14.887777
500603006,YouBike2.0_臺中市政府交通局,西區,民權路101號,18,12,6,2026-08-21 15:15:03,24.13989,120.67705,1,"12,0",2026-08-21 15:18:14.887777
500603007,YouBike2.0_美術館園道(五權五街),西區,五權五街/五權西三街口(西南側),20,4,16,2026-08-21 15:16:03,24.1365,120.66279,1,"3,1",2026-08-21 15:18:14.887777
500603008,YouBike2.0_光明國中,西區,自由路一段75號,50,7,43,2026-08-21 15:02:02,24.1322,120.67316,1,"7,0",2026-08-21 15:18:14.887777
500603009,YouBike2.0_梅川東民生路口,西區,梅川東路一段/民生路口(北側),20,5,15,2026-08-21 15:17:04,24.14482,120.66901,1,"5,0",2026-08-21 15:18:14.887777
500603010,YouBike2.0_梅川西臺灣大道二段口,西區,梅川西路一段/臺灣大道二段口(南側),20,10,10,2026-08-21 15:11:03,24.14949736,120.6710024,1,"10,0",2026-08-21 15:18:14.887777
500603011,YouBike2.0_臺灣大道大仁街口(東南側),西區,臺灣大道二段250號前,13,8,5,2026-08-21 15:15:03,24.15278,120.6678,1,"8,0",2026-08-21 15:18:14.887777
500603012,YouBike2.0_綠十八公園,西區,忠明南路240-9號,15,2,13,2026-08-21 15:16:03,24.14143,120.65719,1,"2,0",2026-08-21 15:18:14.887777
500603013,YouBike2.0_自立停車場,西區,自立街33號,20,3,17,2026-08-21 14:52:03,24.13944,120.67177,1,"3,0",2026-08-21 15:18:14.887777
500603014,YouBike2.0_經國園道(向上路),西區,向上路一段/英才路口(西南側),24,0,24,2026-08-21 14:58:02,24.14663,120.66489,1,"0,0",2026-08-21 15:18:14.887777
500603015,YouBike2.0_經國園道(向上北路),西區,向上北路/公益路155巷口(東南側),21,0,21,2026-08-21 15:00:23,24.14784,120.66452,1,"0,0",2026-08-21 15:18:14.887777
500603016,YouBike2.0_草悟道(公益路155巷),西區,公益路155巷/公正路口(西南側),18,5,13,2026-08-21 15:15:03,24.1488,120.66434,1,"5,0",2026-08-21 15:18:14.887777
500603017,YouBike2.0_臺中市民廣場(中興街),西區,中興街165號(對側人行道),76,13,63,2026-08-21 15:17:04,24.14961,120.66307,1,"13,0",2026-08-21 15:18:14.887777
500603018,YouBike2.0_西區社會福利服務中心,西區,五權五街283號,15,7,8,2026-08-21 14:59:03,24.13642,120.65515,1,"7,0",2026-08-21 15:18:14.887777
500603019,YouBike2.0_忠明公園,西區,華美街/長春街口(南側),19,8,11,2026-08-21 15:11:03,24.15459,120.65979,1,"8,0",2026-08-21 15:18:14.887777
500603020,YouBike2.0_美術園道(五權七街),西區,五權七街/五權西四街口(東北側),23,6,17,2026-08-21 15:01:03,24.13521,120.66283,1,"6,0",2026-08-21 15:18:14.887777
500603021,YouBike2.0_公館公園(自由路),西區,自由路一段/三民路一段口,38,5,33,2026-08-21 15:14:04,24.13214,120.66928,1,"5,0",2026-08-21 15:18:14.887777
500603022,YouBike2.0_忠誠公園(忠明路),西區,忠明路/華美西街一段口(西南側),28,2,26,2026-08-21 15:13:02,24.16109,120.66275,1,"2,0",2026-08-21 15:18:14.887777
500603023,YouBike2.0_美術園道(五權一街),西區,五權一街/五權西四街口(東北側),17,0,17,2026-08-21 15:00:23,24.13934,120.66284,1,"0,0",2026-08-21 15:18:14.887777
500603024,YouBike2.0_茄苳腳(梅川西路),西區,梅川西路二段/博館二街口(南側),66,13,53,2026-08-21 15:16:03,24.15039,120.67139,1,"12,1",2026-08-21 15:18:14.887777
500603025,YouBike2.0_樂群公園(柳川東路),西區,柳川東路二段/大新街口(西南側),15,5,10,2026-08-21 15:13:02,24.135563,120.666895,1,"5,0",2026-08-21 15:18:14.887777
500603026,YouBike2.0_廣十地下停車場,西區,四維街/柳川西路二段口(東北側),21,14,7,2026-08-21 15:12:03,24.140833,120.671917,1,"14,0",2026-08-21 15:18:14.887777
500603027,YouBike2.0_林森停車場,西區,貴和街/公館路46巷口(東側),34,11,23,2026-08-21 15:07:05,24.134047,120.673314,1,"11,0",2026-08-21 15:18:14.887777
500603028,YouBike2.0_綠空廊道(建國北學府路口),西區,建國北路三段/學府路口(西南側),24,7,17,2026-08-21 15:05:03,24.131519,120.672627,1,"6,1",2026-08-21 15:18:14.887777
500603029,YouBike2.0_上公館公園(五權路),西區,五權路/公館路口(東南側),11,7,4,2026-08-21 14:51:03,24.136182,120.66582,1,"7,0",2026-08-21 15:18:14.887777
500603030,YouBike2.0_公益公園(公益路),西區,公益路/忠明南路(東南側),39,5,34,2026-08-21 15:15:03,24.1508,120.65776,1,"5,0",2026-08-21 15:18:14.887777
500603031,YouBike2.0_存中中美街口(東南側),西區,存中街/中美街口(東南側),20,6,14,2026-08-21 14:59:03,24.14151,120.66027,1,"6,0",2026-08-21 15:18:14.887777
500603032,YouBike2.0_公益精誠路口(西北側),西區,公益路/精誠路口(西北側),11,2,9,2026-08-21 15:12:03,24.150976,120.654952,1,"2,0",2026-08-21 15:18:14.887777
500603033,YouBike2.0_萬壽棒球場(向上路),西區,向上路一段/大進街口(西南側),42,3,39,2026-08-21 15:13:02,24.1466031,120.6507125,1,"3,0",2026-08-21 15:18:14.887777
500603034,YouBike2.0_臺中教育大學(英才校區),西區,民生路/民生路225巷口(西南側),18,3,15,2026-08-21 15:10:05,24.144309,120.667731,1,"2,1",2026-08-21 15:18:14.887777
500603035,YouBike2.0_大益公園,西區,大墩十一街64號(對側人行道),10,4,6,2026-08-21 15:16:03,24.14879,120.65278,1,"4,0",2026-08-21 15:18:14.887777
500603036,YouBike2.0_館前臺灣大道二段口,西區,館前路/臺灣大道二段口(西南側),28,19,9,2026-08-21 15:10:05,24.153911,120.663823,1,"19,0",2026-08-21 15:18:14.887777
500603037,YouBike2.0_公益公園,西區,忠明南路/華美西街一段口(東北側),20,6,14,2026-08-21 15:16:03,24.15007,120.65752,1,"6,0",2026-08-21 15:18:14.887777
500603038,YouBike2.0_忠明國小,西區,臺灣大道二段/忠明南路口(西南側),32,19,13,2026-08-21 15:17:04,24.15676,120.65917,1,"19,0",2026-08-21 15:18:14.887777
500603039,YouBike2.0_科博館/金典酒店,西區,臺灣大道一段/健行路口(東北側),52,9,43,2026-08-21 15:14:04,24.15552,120.66304,1,"8,1",2026-08-21 15:18:14.887777
500603040,YouBike2.0_大墩文化中心,西區,五權路/英才路口(西側),40,14,26,2026-08-21 15:13:02,24.14124,120.66653,1,"14,0",2026-08-21 15:18:14.887777
500603041,YouBike2.0_臺中教育大學,西區,五權路/民權路口(西南側),32,6,26,2026-08-21 15:10:05,24.14521,120.67118,1,"5,1",2026-08-21 15:18:14.887777
500603042,YouBike2.0_中山地政事務所,西區,三民路一段/三民路一段156巷口(東北側),34,21,12,2026-08-21 15:10:05,24.13654,120.6737,1,"21,0",2026-08-21 15:18:14.887777
500603043,YouBike2.0_大忠公園,西區,精誠三十街/大忠街口(東北側),30,1,29,2026-08-21 15:16:03,24.14338,120.6562,1,"1,0",2026-08-21 15:18:14.887777
500603044,YouBike2.0_臺中女中,西區,自由路一段/康樂街口(西北側),40,24,16,2026-08-21 15:08:02,24.13557,120.67733,1,"24,0",2026-08-21 15:18:14.887777
500603045,YouBike2.0_中正國小,西區,英才路423號前,37,7,29,2026-08-21 15:01:03,24.15248,120.66628,1,"6,1",2026-08-21 15:18:14.887777
500603046,YouBike2.0_五權西忠明南路口,西區,五權西路一段/忠明南路口(西南側),32,0,32,2026-08-21 15:15:19,24.13977,120.65708,1,"0,0",2026-08-21 15:18:14.887777
500603047,YouBike2.0_臺中州廳,西區,市府路/民權路口(西南側),42,9,9,2026-08-21 15:12:03,24.13829,120.67875,1,"8,1",2026-08-21 15:18:14.887777
500603048,YouBike2.0_精誠大墩四街口,西區,精誠路/大墩四街口(東側),32,4,28,2026-08-21 15:07:05,24.140527,120.654664,1,"4,0",2026-08-21 15:18:14.887777
500603049,YouBike2.0_國立臺灣美術館,西區,五權西路一段/美村路一段口(東北側),40,4,36,2026-08-21 15:10:05,24.14104,120.66177,1,"4,0",2026-08-21 15:18:14.887777
500603050,YouBike2.0_經國園道,西區,向上路一段/英才路口(西北側),40,1,39,2026-08-21 15:11:18,24.14677,120.66477,1,"1,0",2026-08-21 15:18:14.887777
500603051,YouBike2.0_民生英才路口,西區,民生路/英才路口(西北側),46,10,36,2026-08-21 15:15:03,24.14435,120.6648,1,"10,0",2026-08-21 15:18:14.887777
500603052,YouBike2.0_土庫公園,西區,五權五街/五權西六街136巷口(西南側),26,13,13,2026-08-21 15:16:03,24.1364,120.65788,1,"13,0",2026-08-21 15:18:14.887777
500603053,YouBike2.0_美術園道,西區,五權七街/五權西四街口(東南側),34,7,27,2026-08-21 14:28:02,24.13508,120.66293,1,"7,0",2026-08-21 15:18:14.887777
500603054,YouBike2.0_公益精誠路口(西南側),西區,公益路347號前,16,3,13,2026-08-21 15:15:03,24.15077,120.6549,1,"3,0",2026-08-21 15:18:14.887777
500603055,YouBike2.0_西區忠勤公園,西區,忠勤街/忠仁路163巷口(南側),14,2,12,2026-08-21 15:03:03,24.1427,120.66957,1,"2,0",2026-08-21 15:18:14.887777
500603056,YouBike2.0_五權三五權西二街口,西區,五權三街/五權西二街口(東南側),15,0,15,2026-08-21 15:04:22,24.13791,120.66392,1,"0,0",2026-08-21 15:18:14.887777
500603057,YouBike2.0_忠明南民生路口,西區,忠明南路/民生路口(西北側),18,6,12,2026-08-21 14:41:03,24.14452,120.65716,1,"6,0",2026-08-21 15:18:14.887777
500603058,YouBike2.0_民權梅川東路口,西區,民權路/梅川東路口(東北側),23,1,22,2026-08-21 15:16:17,24.14629,120.67042,1,"0,1",2026-08-21 15:18:14.887777
500603059,YouBike2.0_臺中市民廣場(公益路155巷),西區,公益路155巷/公益路口(西南側),39,15,24,2026-08-21 15:16:03,24.150648,120.66422,1,"14,1",2026-08-21 15:18:14.887777
500603060,YouBike2.0_東昇公園,西區,朝陽街/大全街口(東南側),19,5,14,2026-08-21 15:15:03,24.135,120.670649,1,"5,0",2026-08-21 15:18:14.887777
500603061,YouBike2.0_藍興公園,西區,大新街46號(對側人行道),14,5,9,2026-08-21 15:06:03,24.134175,120.668472,1,"5,0",2026-08-21 15:18:14.887777
500603062,YouBike2.0_柳川東南屯路口(南北兩側),西區,柳川東路二段/南屯路一段口(南北兩側),19,3,16,2026-08-21 15:10:05,24.132188,120.663239,1,"3,0",2026-08-21 15:18:14.887777
500603064,YouBike2.0_忠明高中,西區,博館路/健行路口(西北側),47,0,47,2026-08-21 15:09:58,24.157768,120.66358,1,"0,0",2026-08-21 15:18:14.887777
500603066,YouBike2.0_建國台中路口,西區,建國路/台中路口(西南側),18,7,11,2026-08-21 15:07:05,24.135622,120.682066,1,"7,0",2026-08-21 15:18:14.887777
500603067,YouBike2.0_綠空廊道(康樂街),西區,建國路/康樂街口(東南側),13,5,8,2026-08-21 15:09:04,24.13385,120.67825,1,"5,0",2026-08-21 15:18:14.887777
500603068,YouBike2.0_綠空廊道(林森路),西區,建國北路三段/林森路口(西南側),15,5,10,2026-08-21 15:06:03,24.13283,120.67592,1,"5,0",2026-08-21 15:18:14.887777
500603070,YouBike2.0_臺中市立居仁國民中學,西區,民生路/自由路一段口(北側),43,29,14,2026-08-21 15:17:04,24.13657,120.67834,1,"29,0",2026-08-21 15:18:14.887777
500603072,YouBike2.0_柳川東自治街口,西區,柳川東路二段/自治街口(西南側),15,3,12,2026-08-21 15:14:04,24.138997,120.670262,1,"3,0",2026-08-21 15:18:14.887777
500603073,YouBike2.0_忠明高中(博館路華美街口),西區,博館路/華美街二段口(東側),28,3,25,2026-08-21 15:15:03,24.15837,120.66249,1,"3,0",2026-08-21 15:18:14.887777
500603074,YouBike2.0_大勇國小(五權八街),西區,五權八街/五權西五街口(西北側),18,12,6,2026-08-21 14:45:03,24.13434,120.6601,1,"12,0",2026-08-21 15:18:14.887777
500603076,YouBike2.0_臺灣大道臺灣大道二段179巷口,西區,臺灣大道二段157號前,11,3,8,2026-08-21 15:15:03,24.15162,120.66867,1,"2,1",2026-08-21 15:18:14.887777
500603077,YouBike2.0_中正國小(臺灣大道二段179巷),西區,臺灣大道二段179巷8號(對側),14,13,1,2026-08-21 14:37:16,24.15144,120.66801,1,"13,0",2026-08-21 15:18:14.887777
500603078,YouBike2.0_建國民生路口(東南側),西區,建國路/民生路口(東南側),13,11,2,2026-08-21 15:16:03,24.13486,120.68051,1,"11,0",2026-08-21 15:18:14.887777
500603079,YouBike2.0_大益立體停車場,西區,大忠街/向上路一段口(西南側),10,0,10,2026-08-21 15:08:16,24.14658,120.65669,1,"0,0",2026-08-21 15:18:14.887777
500603080,YouBike2.0_忠明高中(華美街),西區,華美街二段/健行路946巷口(西南側),30,12,18,2026-08-21 15:15:03,24.15998,120.66339,1,"12,0",2026-08-21 15:18:14.887777
500603081,YouBike2.0_臺中市中興地政事務所,西區,東興路三段246號(東側),15,0,15,2026-08-21 15:17:04,24.15368,120.65377,1,"0,0",2026-08-21 15:18:14.887777
500603082,YouBike2.0_忠明南向上北路口,西區,忠明南路/向上北路口(西北側),15,6,9,2026-08-21 15:13:02,24.147967,120.657182,1,"6,0",2026-08-21 15:18:14.887777
500603083,YouBike2.0_臺灣大道五權路口(南側),西區,臺灣大道一段703號前,15,7,8,2026-08-21 15:08:03,24.1473,120.67374,1,"7,0",2026-08-21 15:18:14.887777
500603084,YouBike2.0_忠明博館路口,西區,忠明路52號對側,21,5,16,2026-08-21 15:07:05,24.15893,120.66069,1,"5,0",2026-08-21 15:18:14.887777
500603085,YouBike2.0_美村公園,西區,五權西四街13巷11號旁,25,2,23,2026-08-21 15:11:03,24.13895,120.66181,1,"2,0",2026-08-21 15:18:14.887777
500603086,YouBike2.0_臺灣大道五權路口(北側),西區,臺灣大道二段6號,15,10,5,2026-08-21 15:07:05,24.14805,120.6734,1,"9,1",2026-08-21 15:18:14.887777
500603087,YouBike2.0_中興昇平街口,西區,中興街33號,18,10,8,2026-08-21 15:14:04,24.14521,120.66312,1,"10,0",2026-08-21 15:18:14.887777
500603088,YouBike2.0_中興中興街285巷口,西區,中興街/中興街285巷口,16,4,12,2026-08-21 15:10:05,24.15386,120.66329,1,"4,0",2026-08-21 15:18:14.887777
500604001,YouBike2.0_捷運大慶站,南區,建國北路一段11號,19,13,6,2026-08-21 15:15:03,24.11914,120.64744,1,"13,0",2026-08-21 15:18:14.887777
500604002,YouBike2.0_工學北工學路口(東北側),南區,工學北路226號對側,27,7,20,2026-08-21 14:58:02,24.11732,120.65907,1,"7,0",2026-08-21 15:18:14.887777
500604003,YouBike2.0_臺中高工,南區,高工路/工學二街口(西北側),50,11,39,2026-08-21 14:51:03,24.11343,120.66320,1,"11,0",2026-08-21 15:18:14.887777
500604004,YouBike2.0_三民西忠明南路口(西側),南區,三民西路/忠明南路口(西側),13,6,7,2026-08-21 14:50:04,24.13016,120.65687,1,"6,0",2026-08-21 15:18:14.887777
500604005,YouBike2.0_忠明南南屯路口,南區,忠明南路456號(對側人行道),52,15,37,2026-08-21 15:14:04,24.13371,120.6574,1,"14,1",2026-08-21 15:18:14.887777
500604006,YouBike2.0_標準檢驗局臺中分局(工學路),南區,工學路/工學二街口(東北側),16,9,7,2026-08-21 14:51:03,24.11691,120.66414,1,"9,0",2026-08-21 15:18:14.887777
500604008,YouBike2.0_五權車站,南區,建國北路二段131號(對側人行道),80,16,64,2026-08-21 15:11:03,24.12874,120.66611,1,"16,0",2026-08-21 15:18:14.887777
500604009,YouBike2.0_學府永和街口,南區,學府路133號前,27,3,24,2026-08-21 15:14:04,24.12833,120.67435,1,"3,0",2026-08-21 15:18:14.887777
500604011,YouBike2.0_國光忠明南路口,南區,國光路/忠明南路口(西南側),35,3,32,2026-08-21 15:05:03,24.11891,120.6791,1,"3,0",2026-08-21 15:18:14.887777
500604012,YouBike2.0_明德中學附設幼兒園,南區,忠明南路/忠明南路1261巷口(東北側),30,1,29,2026-08-21 14:52:03,24.11925,120.68204,1,"1,0",2026-08-21 15:18:14.887777
500604013,YouBike2.0_福順公園(平順街),南區,平順街/復興路二段99巷口(西南側),30,10,20,2026-08-21 15:14:04,24.12411,120.66232,1,"10,0",2026-08-21 15:18:14.887777
500604014,YouBike2.0_和平公園,南區,復興路二段15巷/文心南十路口(西北側),17,9,8,2026-08-21 14:27:04,24.1189,120.65804,1,"9,0",2026-08-21 15:18:14.887777
500604015,YouBike2.0_東興文心南十路口,南區,東興路一段/文心南十路口,20,3,17,2026-08-21 15:16:03,24.11804,120.6579,1,"2,1",2026-08-21 15:18:14.887777
500604016,YouBike2.0_文心南建國南路口,南區,文心南路/建國南路一段口(東北側),18,11,6,2026-08-21 15:17:04,24.120506,120.65034,1,"11,0",2026-08-21 15:18:14.887777
500604017,YouBike2.0_西川一建國北路口,南區,西川一路/建國北路口(東北側),35,1,34,2026-08-21 15:11:18,24.125,120.65754,1,"1,0",2026-08-21 15:18:14.887777
500604018,YouBike2.0_國光國小(仁和路),南區,國光路261號,14,4,10,2026-08-21 15:11:03,24.1263,120.67955,1,"4,0",2026-08-21 15:18:14.887777
500604019,YouBike2.0_崇倫公園(美村路),南區,美村路二段11號(對側人行道),19,5,14,2026-08-21 15:17:04,24.13159,120.66167,1,"5,0",2026-08-21 15:18:14.887777
500604020,YouBike2.0_綠空廊道(美村路),南區,建國北路二段/美村路口(西南側),40,9,31,2026-08-21 15:10:05,24.1272,120.66245,1,"9,0",2026-08-21 15:18:14.887777
500604021,YouBike2.0_民興公園(建國北路),南區,建國北路二段/民興街口,20,10,10,2026-08-21 14:53:02,24.12821,120.66421,1,"10,0",2026-08-21 15:18:14.887777
500604022,YouBike2.0_南平公園(和昌街),南區,和昌街295號(東側人行道),27,7,20,2026-08-21 14:55:03,24.12508,120.66905,1,"7,0",2026-08-21 15:18:14.887777
500604023,YouBike2.0_國立公共資訊圖書館(五權南路),南區,五權南路/建成路口(西北側),44,25,19,2026-08-21 15:16:03,24.126652,120.670323,1,"24,1",2026-08-21 15:18:14.887777
500604024,YouBike2.0_樹義國小(福田五街),南區,福田五街/福田路口(西南側),22,1,21,2026-08-21 15:00:05,24.112372,120.657669,1,"1,0",2026-08-21 15:18:14.887777
500604025,YouBike2.0_建國南路一段236巷口,南區,建國南路一段236巷/建國南路一段口(東南側),29,8,21,2026-08-21 15:16:03,24.123479,120.656993,1,"8,0",2026-08-21 15:18:14.887777
500604026,YouBike2.0_建國北柳川東路口,南區,建國北路二段/柳川東路口(南側),45,3,42,2026-08-21 15:03:03,24.12632,120.659792,1,"3,0",2026-08-21 15:18:14.887777
500604027,YouBike2.0_建國南忠明南730巷口,南區,建國南路/忠明南路730巷口(西北側),15,8,7,2026-08-21 13:47:02,24.124791,120.659691,1,"8,0",2026-08-21 15:18:14.887777
500604028,YouBike2.0_忠孝國光路口(西南側),南區,忠孝路/國光路口(西南側),50,6,44,2026-08-21 14:27:04,24.12789,120.67759,1,"5,1",2026-08-21 15:18:14.887777
500604030,YouBike2.0_福田水資源中心(福田二街),南區,福田二街/福田路(東南側),15,9,6,2026-08-21 15:06:02,24.10888,120.65789,1,"9,0",2026-08-21 15:18:14.887777
500604031,YouBike2.0_大慶街二段6-16巷文心南路口,南區,大慶街二段6-16巷/文心南路口(西南側),35,15,20,2026-08-21 15:15:03,24.11638,120.65387,1,"15,0",2026-08-21 15:18:14.887777
500604032,YouBike2.0_工學南和路口,南區,工學路/南和路口(東南側),29,0,29,2026-08-21 14:55:18,24.116817,120.66844,1,"0,0",2026-08-21 15:18:14.887777
500604033,YouBike2.0_忠明南工學二街口,南區,忠明南路/工學二街口(東南側),13,1,12,2026-08-21 15:11:03,24.11897,120.66449,1,"1,0",2026-08-21 15:18:14.887777
500604034,YouBike2.0_忠明南工學五街口,南區,忠明南路/工學五街口(東南側),12,4,8,2026-08-21 15:03:03,24.119607,120.663345,1,"4,0",2026-08-21 15:18:14.887777
500604035,YouBike2.0_樹仔腳公園,南區,復興北路/德吉街口(東北側),15,4,11,2026-08-21 15:08:02,24.118915,120.653861,1,"4,0",2026-08-21 15:18:14.887777
500604036,YouBike2.0_復興北東興路一段口,南區,復興北路/東興路一段口(東南側),18,6,11,2026-08-21 15:09:04,24.120226,120.65585,1,"6,0",2026-08-21 15:18:14.887777
500604037,YouBike2.0_樹仁公園(福田二街),南區,福田二街336號(對側人行道),40,9,31,2026-08-21 15:16:03,24.10875,120.6527,1,"9,0",2026-08-21 15:18:14.887777
500604038,YouBike2.0_樹義公園(福田三街),南區,福田三街/樹義五街口(西北側),29,6,23,2026-08-21 14:49:04,24.11099,120.6549,1,"6,0",2026-08-21 15:18:14.887777
500604039,YouBike2.0_長春國民運動中心(合作街),南區,合作街46號,13,1,12,2026-08-21 15:12:03,24.13113,120.68065,1,"1,0",2026-08-21 15:18:14.887777
500604040,YouBike2.0_美村南平路口,南區,美村路二段/南平路口(西北側),24,2,22,2026-08-21 14:10:02,24.123776,120.665591,1,"2,0",2026-08-21 15:18:14.887777
500604041,YouBike2.0_樹義園道,南區,工學北路349號(對側園道),24,2,22,2026-08-21 15:07:05,24.11533,120.65652,1,"2,0",2026-08-21 15:18:14.887777
500604042,YouBike2.0_忠明南美村南路口,南區,忠明南路/美村南路口(東南側),32,8,24,2026-08-21 14:49:04,24.11898,120.66733,1,"8,0",2026-08-21 15:18:14.887777
500604043,YouBike2.0_中山醫學大學,南區,建國北路一段110號(對側人行道),99,16,82,2026-08-21 15:11:03,24.1213,120.65132,1,"16,0",2026-08-21 15:18:14.887777
500604044,YouBike2.0_江川公園,南區,永東街/永南街(東南側),24,0,24,2026-08-21 15:05:18,24.12439,120.67149,1,"0,0",2026-08-21 15:18:14.887777
500604045,YouBike2.0_崇倫公園,南區,南屯路一段/美村路二段口(南側),34,5,28,2026-08-21 14:55:03,24.13229,120.66114,1,"5,0",2026-08-21 15:18:14.887777
500604046,YouBike2.0_國立中興大學,南區,興大路/仁德街口,36,22,14,2026-08-21 15:14:04,24.12391,120.67719,1,"22,0",2026-08-21 15:18:14.887777
500604047,YouBike2.0_永興公園,南區,工學路/工學一街口(西南側),26,8,18,2026-08-21 15:17:04,24.11674,120.66488,1,"8,0",2026-08-21 15:18:14.887777
500604048,YouBike2.0_樹德停車場,南區,德富路146巷/德吉街口(東北側),28,7,21,2026-08-21 15:06:02,24.11851,120.65435,1,"7,0",2026-08-21 15:18:14.887777
500604049,YouBike2.0_民興公園,南區,建國北路二段100巷/建國北路二段口,23,10,13,2026-08-21 15:16:03,24.12862,120.66456,1,"10,0",2026-08-21 15:18:14.887777
500604050,YouBike2.0_復興停車場,南區,復興路三段/國光路口(西側),28,2,26,2026-08-21 14:34:03,24.13175,120.67634,1,"2,0",2026-08-21 15:18:14.887777
500604051,YouBike2.0_健康公園附設停車場,南區,五權南路/五權南路380巷口(西北側),30,22,8,2026-08-21 14:53:02,24.12096,120.66988,1,"22,0",2026-08-21 15:18:14.887777
500604052,YouBike2.0_高工南和路口,南區,高工路/南和路口(北側),30,8,20,2026-08-21 14:39:02,24.11456,120.66834,1,"8,0",2026-08-21 15:18:14.887777
500604053,YouBike2.0_樹德柳橋(復興路一段207巷15弄),南區,復興路一段207巷15弄/復興路一段207巷口(西南側),25,4,21,2026-08-21 15:17:04,24.11238,120.64948,1,"4,0",2026-08-21 15:18:14.887777
500604054,YouBike2.0_文化部文化資產園區,南區,復興路三段/合作街口(東南側),40,0,40,2026-08-21 14:55:18,24.13291,120.67989,1,"0,0",2026-08-21 15:18:14.887777
500604055,YouBike2.0_國立中興大學(中興湖),南區,中興路/弘道路口(國立中興大學(中興湖)),52,13,39,2026-08-21 15:09:04,24.12043,120.67369,1,"11,2",2026-08-21 15:18:14.887777
500604056,YouBike2.0_大慶車站,南區,建國南路一段/大慶街二段口(西北側),64,40,24,2026-08-21 15:17:04,24.11859,120.64747,1,"39,1",2026-08-21 15:18:14.887777
500604057,YouBike2.0_四育國中,南區,復興路二段152號前,44,5,39,2026-08-21 15:11:03,24.126,120.66491,1,"5,0",2026-08-21 15:18:14.887777
500604058,YouBike2.0_忠明南復興路口,南區,忠明南路/復興路二段口(西北側),31,9,22,2026-08-21 15:15:03,24.12172,120.66129,1,"9,0",2026-08-21 15:18:14.887777
500604059,YouBike2.0_長春公園,南區,正義街/信義南街口(北側),15,2,13,2026-08-21 15:13:02,24.13041,120.67995,1,"2,0",2026-08-21 15:18:14.887777
500604060,YouBike2.0_文林公園,南區,建國南路二段/建國南路二段150巷口(西南側),17,0,17,2026-08-21 15:03:19,24.127679,120.664414,1,"0,0",2026-08-21 15:18:14.887777
500604061,YouBike2.0_國資圖停車場,南區,新榮街/復興園路口(東北側),25,7,18,2026-08-21 15:16:03,24.12876,120.671259,1,"7,0",2026-08-21 15:18:14.887777
500604062,YouBike2.0_僑泰中學(五權南一路),南區,五權南一路/南和一街口(東南側),25,3,22,2026-08-21 15:17:04,24.112659,120.668668,1,"3,0",2026-08-21 15:18:14.887777
500604063,YouBike2.0_臺中市樹德非營利幼兒園,南區,復興北路/樹德二巷口(東北側),15,0,15,2026-07-12 00:01:03,24.11516,120.64925,0,"0,0",2026-08-21 15:18:14.887777
500604064,YouBike2.0_樹德一巷復興北路口,南區,樹德一巷/復興北路口(東南側),15,9,6,2026-08-21 14:58:02,24.11234,120.64622,1,"9,0",2026-08-21 15:18:14.887777
500604065,YouBike2.0_美村南美村南路23巷口,南區,美村南路/美村南路23巷口(東南側),12,5,7,2026-08-21 15:04:04,24.12108,120.66691,1,"5,0",2026-08-21 15:18:14.887777
500604066,YouBike2.0_興大美村路口,南區,興大路/美村路二段口(東側),20,12,8,2026-08-21 15:16:03,24.122375,120.672031,1,"12,0",2026-08-21 15:18:14.887777
500604067,YouBike2.0_柳川東三民西路口,南區,柳川東路/三民西路口(西北側),12,4,8,2026-08-21 14:37:02,24.130317,120.659526,1,"4,0",2026-08-21 15:18:14.887777
500604068,YouBike2.0_藍花楹公園,南區,五權南路680巷96弄/五權南路614巷(東南側),15,0,15,2026-08-21 15:11:18,24.11232,120.67187,1,"0,0",2026-08-21 15:18:14.887777
500604069,YouBike2.0_大忠南三民西路口,南區,大忠南街/崇倫北街192巷口(西側),11,0,11,2026-08-21 15:07:19,24.130135,120.654973,1,"0,0",2026-08-21 15:18:14.887777
500604071,YouBike2.0_三民西柳川西路口,南區,三民西路/柳川西路一段口(東南側),11,5,6,2026-08-21 15:09:04,24.129927,120.65891,1,"5,0",2026-08-21 15:18:14.887777
500604072,YouBike2.0_忠明南路777巷口,南區,忠明南路/忠明南路777巷口(西南側),22,11,11,2026-08-21 15:13:02,24.123793,120.6602,1,"11,0",2026-08-21 15:18:14.887777
500604073,YouBike2.0_五權建國北路口(西南側),南區,五權路/建國北路口(西南側),33,5,26,2026-08-21 15:11:03,24.12965,120.66831,1,"5,0",2026-08-21 15:18:14.887777
500604074,YouBike2.0_五權建國北路口(東南側),南區,五權路/建國北路口(東南側),30,7,22,2026-08-21 15:05:03,24.12974,120.66854,1,"7,0",2026-08-21 15:18:14.887777
500604075,YouBike2.0_柳川西忠明南路口,南區,柳川西路/忠明南路口(北側),10,2,8,2026-08-21 13:55:04,24.12707,120.65907,1,"2,0",2026-08-21 15:18:14.887777
500604076,YouBike2.0_有恆街114巷口,南區,有恆街114巷/忠孝路57巷口,15,0,15,2026-08-21 15:15:19,24.12847,120.67638,1,"0,0",2026-08-21 15:18:14.887777
500604077,YouBike2.0_國光國小(興大路),南區,興大路/正義街口(西北側),22,5,17,2026-08-21 15:14:04,24.124283,120.680999,1,"5,0",2026-08-21 15:18:14.887777
500604078,YouBike2.0_大慶公園,南區,工學北路339號(東北側),15,4,11,2026-08-21 15:07:05,24.115757,120.657381,1,"4,0",2026-08-21 15:18:14.887777
500604079,YouBike2.0_忠孝路55巷口,南區,忠孝路55巷/忠孝路口(北側),10,0,10,2026-08-21 15:00:23,24.127757,120.676119,1,"0,0",2026-08-21 15:18:14.887777
500604081,YouBike2.0_忠明南南和路口,南區,南和路146號(西北側),12,3,9,2026-08-21 14:42:02,24.118879,120.668454,1,"3,0",2026-08-21 15:18:14.887777
500604082,YouBike2.0_文心南路大忠南街口,南區,文心南路/大忠南街口(東南側),20,4,12,2026-08-21 14:09:03,24.12265,120.64884,1,"4,0",2026-08-21 15:18:14.887777
500604083,YouBike2.0_臺中高工(高工工學六街口),南區,高工工學六街口(東側),50,23,27,2026-08-21 15:16:03,24.113292,120.660878,1,"22,1",2026-08-21 15:18:14.887777
500604084,YouBike2.0_忠明南工學北路口,南區,忠明南路888號(西北側),14,7,7,2026-08-21 14:53:02,24.119991,120.662433,1,"7,0",2026-08-21 15:18:14.887777
500604085,YouBike2.0_文心南文心南十路口,南區,文心南路/文心南十路口(東側),13,1,11,2026-08-21 15:13:16,24.11574,120.65501,1,"1,0",2026-08-21 15:18:14.887777
500604087,YouBike2.0_大慶街一段75巷口(東側),南區,大慶街一段75巷/德富路口(西南側),15,8,7,2026-08-21 14:41:03,24.11198,120.65977,1,"6,2",2026-08-21 15:18:14.887777
500604088,YouBike2.0_西川二西川一路口(西南側),南區,西川二路/西川一路口(西南側),15,4,11,2026-08-21 15:16:03,24.12827,120.65567,1,"4,0",2026-08-21 15:18:14.887777
500604089,YouBike2.0_中山醫學大學(口腔醫學門診部),南區,文心南路/建國北路一段口(西北側),30,10,20,2026-08-21 15:07:05,24.12167,120.64908,1,"10,0",2026-08-21 15:18:14.887777
500604090,YouBike2.0_大慶街二段7巷大慶街口,南區,大慶街二段7巷/大慶街二段口(西南側),12,10,2,2026-08-21 15:17:04,24.11447,120.65228,1,"10,0",2026-08-21 15:18:14.887777
500604091,YouBike2.0_文心南十德富路口,南區,文心南十路/德富路口(東北側),16,4,12,2026-08-21 14:53:02,24.117361,120.656891,1,"4,0",2026-08-21 15:18:14.887777
500604092,YouBike2.0_臺中高工(工學路),南區,工學路/工學五街口(東側),20,5,15,2026-08-21 14:01:03,24.116807,120.662664,1,"5,0",2026-08-21 15:18:14.887777
500604093,YouBike2.0_建成復興園路口,南區,建成路/復興園路口(西北側),15,6,9,2026-08-21 15:16:03,24.126602,120.671686,1,"6,0",2026-08-21 15:18:14.887777
500604094,YouBike2.0_福田水資源中心(屯區工程隊),南區,福田二街20號對側,16,4,12,2026-08-21 15:05:03,24.10897,120.66024,1,"4,0",2026-08-21 15:18:14.887777
500604097,YouBike2.0_信義南街國光路口,南區,信義南街/國光路口,22,4,18,2026-08-21 15:06:03,24.12944,120.67808,1,"4,0",2026-08-21 15:18:14.887777
500604098,YouBike2.0_建成學府路口,南區,建成路/學府路(西側),30,5,25,2026-08-21 14:42:02,24.126575,120.674879,1,"5,0",2026-08-21 15:18:14.887777
500604099,YouBike2.0_大慶街二段11之5巷口,南區,樹德一巷/大慶街二段11之5巷口,15,5,10,2026-08-21 14:55:03,24.11446,120.65183,1,"5,0",2026-08-21 15:18:14.887777
500604100,YouBike2.0_崇倫橋,南區,東興二街/西川二路口(西側),20,5,15,2026-08-21 14:46:03,24.126213,120.656015,1,"5,0",2026-08-21 15:18:14.887777
500604101,YouBike2.0_中興大學_興大二村,南區,國光路329號,28,14,14,2026-08-21 15:14:04,24.12131,120.67949,1,"14,0",2026-08-21 15:18:14.887777
500604106,YouBike2.0_中興大學_男生宿舍,南區,忠明南路/興大路口,37,2,34,2026-08-21 15:17:04,24.11889,120.67195,1,"2,0",2026-08-21 15:18:14.887777
500604108,YouBike2.0_復興北樹德二巷口,南區,復興北路/樹德二巷口(西北側),26,10,16,2026-08-21 15:16:03,24.11453,120.64840,1,"10,0",2026-08-21 15:18:14.887777
500604109,YouBike2.0_建國北東興路口,南區,建國北路一段/東興路一段口(東側),19,7,12,2026-08-21 15:13:02,24.12279,120.65374,1,"7,0",2026-08-21 15:18:14.887777
500604110,YouBike2.0_復新公園,南區,復新街/學府路口(東側),20,11,9,2026-08-21 15:16:03,24.12445,120.67568,1,"11,0",2026-08-21 15:18:14.887777
500605001,YouBike2.0_健行忠太東路口,北區,健行路898號(對側人行道),20,0,20,2026-08-21 14:37:16,24.15916,120.66798,1,"0,0",2026-08-21 15:18:14.887777
500605002,YouBike2.0_文心山西路口(西南側),北區,文心路四段194號前,22,2,20,2026-08-21 15:08:02,24.17336,120.67588,1,"2,0",2026-08-21 15:18:14.887777
500605003,YouBike2.0_臺中二中(梅川東路三段),北區,梅川東路三段/文武街口(西南側),20,7,13,2026-08-21 14:41:03,24.15391,120.67446,1,"7,0",2026-08-21 15:18:14.887777
500605004,YouBike2.0_捷運文心中清站,北區,文心路三段/中清路二段(西南側),70,16,54,2026-08-21 15:16:03,24.17352,120.67058,1,"5,11",2026-08-21 15:18:14.887777
500605005,YouBike2.0_臺中孔廟(雙十路),北區,雙十路二段30號(前人行道),47,3,44,2026-08-21 15:07:05,24.15378,120.6893,1,"3,0",2026-08-21 15:18:14.887777
500605006,YouBike2.0_太平國小(中華路),北區,中華路二段/太平路口(東北側),28,6,22,2026-08-21 15:17:04,24.1495,120.6811,1,"5,1",2026-08-21 15:18:14.887777
500605007,YouBike2.0_賴明公園(漢口路),北區,漢口路四段/梅川東路三段口(東北側),35,4,31,2026-08-21 15:13:02,24.16710,120.67865,1,"4,0",2026-08-21 15:18:14.887777
500605008,YouBike2.0_寶覺禪寺(健行路),北區,健行路140號前,44,5,39,2026-08-21 15:04:03,24.15911,120.68721,1,"5,0",2026-08-21 15:18:14.887777
500605009,YouBike2.0_中華精武路口,北區,精武路401號(西側人行道),15,1,14,2026-08-21 14:30:04,24.14807,120.67976,1,"1,0",2026-08-21 15:18:14.887777
500605010,YouBike2.0_英士公園(日興街),北區,日興街190號(對側人行道),82,7,74,2026-08-21 15:16:03,24.1514,120.6758,1,"7,0",2026-08-21 15:18:14.887777
500605011,YouBike2.0_臺中公園(公園路),北區,公園路/市府路口(東側),52,4,48,2026-08-21 15:15:03,24.14296,120.68377,1,"4,0",2026-08-21 15:18:14.887777
500605012,YouBike2.0_進化廣場(興進路),北區,興進路181號,46,3,43,2026-08-21 15:12:03,24.1552,120.69315,1,"3,0",2026-08-21 15:18:14.887777
500605013,YouBike2.0_雙十自由路口,北區,雙十路/自由路二段口,17,4,13,2026-08-21 15:10:05,24.1432,120.68547,1,"3,1",2026-08-21 15:18:14.887777
500605015,YouBike2.0_雙十國中(進德北路),北區,進德北路/力行路口(西南側),20,3,17,2026-08-21 15:05:03,24.15181,120.6924,1,"3,0",2026-08-21 15:18:14.887777
500605016,YouBike2.0_東成東成二街口(南側),北區,東成路/東成二街口(南側),43,0,43,2026-08-21 15:08:16,24.15698,120.70127,1,"0,0",2026-08-21 15:18:14.887777
500605017,YouBike2.0_英才公園(民權路),北區,民權路291號(對側人行道),19,0,19,2026-08-21 15:17:18,24.15402,120.67056,1,"0,0",2026-08-21 15:18:14.887777
500605018,YouBike2.0_東成二天祥街口,北區,東成二街71號(對側),15,5,10,2026-08-21 14:57:02,24.15953,120.70198,1,"4,1",2026-08-21 15:18:14.887777
500605019,YouBike2.0_健行國小(健行路),北區,健行路666號,37,2,35,2026-08-21 15:00:05,24.15928,120.6741,1,"2,0",2026-08-21 15:18:14.887777
500605020,YouBike2.0_東成三東光東街口,北區,東成三街35號(對面側人行道),16,1,15,2026-08-21 14:56:02,24.15383,120.7006,1,"1,0",2026-08-21 15:18:14.887777
500605021,YouBike2.0_北屯雙十路二段100巷口,北區,北屯路/雙十路二段100巷口(東北側),20,5,15,2026-08-21 15:16:03,24.15929,120.69155,1,"5,0",2026-08-21 15:18:14.887777
500605022,YouBike2.0_三民興進路口,北區,三民路/興進路口(東北側),14,5,9,2026-08-21 15:05:03,24.15685,120.68891,1,"5,0",2026-08-21 15:18:14.887777
500605023,YouBike2.0_國立自然科學博物館(博館路),北區,博館路/中興街(西北側),65,49,16,2026-08-21 15:17:04,24.15683,120.66509,1,"48,1",2026-08-21 15:18:14.887777
500605024,YouBike2.0_中德停車場,北區,太原四街/太原五街口(東北側),15,10,5,2026-08-21 15:11:03,24.16584,120.66929,1,"10,0",2026-08-21 15:18:14.887777
500605025,YouBike2.0_賴厝國小(太原路),北區,太原路二段/東漢街口(西北側),17,2,15,2026-08-21 15:15:03,24.16553,120.67906,1,"2,0",2026-08-21 15:18:14.887777
500605026,YouBike2.0_梅川公園,北區,梅川西路四段/天津路二段(西北側),15,6,9,2026-08-21 15:16:03,24.16992,120.679,1,"6,0",2026-08-21 15:18:14.887777
500605027,YouBike2.0_臺中市監理站,北區,德化街/北屯路口(南側),19,2,16,2026-08-21 15:17:04,24.16139,120.69208,1,"1,1",2026-08-21 15:18:14.887777
500605028,YouBike2.0_美德美德街68巷口,北區,美德街70號(對側人行道),15,8,6,2026-08-21 15:07:05,24.15765,120.68291,1,"8,0",2026-08-21 15:18:14.887777
500605029,YouBike2.0_學士育德路口(東側),北區,學士路/育德路口(東側),63,36,27,2026-08-21 15:15:03,24.15767,120.68117,1,"36,0",2026-08-21 15:18:14.887777
500605030,YouBike2.0_長青公園(北平路),北區,北平路一段/北平二街口(東北側),42,8,34,2026-08-21 15:15:03,24.17177,120.66965,1,"8,0",2026-08-21 15:18:14.887777
500605031,YouBike2.0_武昌公園(武昌路),北區,武昌路/陜西路口(西北側),47,11,36,2026-08-21 15:14:04,24.16879,120.66804,1,"10,1",2026-08-21 15:18:14.887777
500605032,YouBike2.0_曉明公園(陝西東五街),北區,陝西東五街121號(對側人行道),39,1,38,2026-08-21 15:09:04,24.16819,120.67118,1,"1,0",2026-08-21 15:18:14.887777
500605033,YouBike2.0_太原北中清路口(西側),北區,太原北路/太原九街口(南側),35,7,28,2026-08-21 15:16:03,24.16509,120.67322,1,"7,0",2026-08-21 15:18:14.887777
500605034,YouBike2.0_中德公園(忠明六街),北區,忠明六街26號(對側人行道),40,3,28,2026-08-21 15:11:03,24.1637,120.66819,1,"3,0",2026-08-21 15:18:14.887777
500605035,YouBike2.0_博館育德路口,北區,博館路/育德路口(西南側),48,9,39,2026-08-21 15:13:02,24.15746,120.66911,1,"9,0",2026-08-21 15:18:14.887777
500605036,YouBike2.0_北區行政大樓,北區,永興街/太原路二段口(西南側),48,0,48,2026-08-21 15:09:58,24.16607,120.68241,1,"0,0",2026-08-21 15:18:14.887777
500605037,YouBike2.0_臺中一中,北區,育才街/尊賢街口(東北側),60,27,33,2026-08-21 15:13:02,24.14895,120.68705,1,"27,0",2026-08-21 15:18:14.887777
500605038,YouBike2.0_興進園道,北區,興進路/興進路76巷口(西南側),24,0,23,2026-08-21 15:16:03,24.15556,120.69665,1,"0,0",2026-08-21 15:18:14.887777
500605039,YouBike2.0_北區太平國小,北區,太平路/大誠街口(西南側),36,12,24,2026-08-21 15:15:03,24.14866,120.6816,1,"12,0",2026-08-21 15:18:14.887777
500605040,YouBike2.0_太原華美街口,北區,太原路一段/華美街二段口(東北側),28,10,18,2026-08-21 15:12:03,24.16482,120.66496,1,"9,1",2026-08-21 15:18:14.887777
500605041,YouBike2.0_英才公園,北區,英才路/民權路口(東南側),30,1,29,2026-08-21 15:12:17,24.15562,120.67097,1,"1,0",2026-08-21 15:18:14.887777
500605042,YouBike2.0_梅川園道,北區,梅川東路三段/尚德街127巷口(西側),30,7,23,2026-08-21 15:15:03,24.16158,120.6766,1,"7,0",2026-08-21 15:18:14.887777
500605043,YouBike2.0_雙十育樂街口,北區,雙十路二段/育樂街口(南側),25,8,17,2026-08-21 14:57:02,24.15778,120.69097,1,"8,0",2026-08-21 15:18:14.887777
500605044,YouBike2.0_育德梅川東路口,北區,育德路/梅川東路三段口(西南側),24,2,22,2026-08-21 15:13:02,24.15748,120.67547,1,"2,0",2026-08-21 15:18:14.887777
500605045,YouBike2.0_北區國民運動中心,北區,崇德路一段55號,22,9,13,2026-08-21 15:17:04,24.15716,120.68484,1,"9,0",2026-08-21 15:18:14.887777
500605046,YouBike2.0_山西公園,北區,山西路二段/北平路二段口(東南側),38,2,36,2026-08-21 15:07:05,24.17106,120.6759,1,"1,1",2026-08-21 15:18:14.887777
500605047,YouBike2.0_崇德進化北路口,北區,崇德路一段462號(前人行道),45,9,35,2026-08-21 14:58:02,24.163505,120.685128,1,"9,0",2026-08-21 15:18:14.887777
500605049,YouBike2.0_東光東成路口(西側),北區,東光路/東成路口(西側),15,1,14,2026-08-21 14:18:03,24.15749,120.69906,1,"1,0",2026-08-21 15:18:14.887777
500605050,YouBike2.0_進化自強一街口,北區,進化路/自強一街口(東南側),10,3,7,2026-08-21 15:09:04,24.15331,120.69453,1,"3,0",2026-08-21 15:18:14.887777
500605051,YouBike2.0_興進南京東路口,北區,興進路/南京東路口(東北側),14,0,13,2026-08-21 15:01:20,24.155812,120.698462,1,"0,0",2026-08-21 15:18:14.887777
500605052,YouBike2.0_柳川西五常街口,北區,柳川西路/五常街口(東側),42,14,28,2026-08-21 15:17:04,24.155104,120.680666,1,"14,0",2026-08-21 15:18:14.887777
500605053,YouBike2.0_公園三民路口,北區,公園路/三民路三段口(東側),20,14,6,2026-08-21 15:17:04,24.144257,120.682095,1,"14,0",2026-08-21 15:18:14.887777
500605054,YouBike2.0_臺中市立圖書館精武分館,北區,精武路291之3號前,15,8,7,2026-08-21 15:09:04,24.146078,120.685044,1,"8,0",2026-08-21 15:18:14.887777
500605056,YouBike2.0_東光東光東街口,北區,東光路/東光東街口(西南側),17,1,16,2026-08-21 14:39:02,24.153972,120.698586,1,"1,0",2026-08-21 15:18:14.887777
500605057,YouBike2.0_東成三東光五街口,北區,東成三街/東光五街口(東南側),15,0,15,2026-08-21 14:02:23,24.154372,120.700651,1,"0,0",2026-08-21 15:18:14.887777
500605058,YouBike2.0_中清進化北路口(東南側),北區,進化北路487號旁,15,3,12,2026-08-21 15:09:04,24.16274,120.67488,1,"3,0",2026-08-21 15:18:14.887777
500605059,YouBike2.0_篤行國小(英才路),北區,英才路236號(對側人行道),20,6,14,2026-08-21 15:17:04,24.15566,120.67324,1,"5,1",2026-08-21 15:18:14.887777
500605060,YouBike2.0_立人國中(天津路),北區,天津路一段130號(對側人行道),20,7,13,2026-08-21 14:43:02,24.17011,120.67108,1,"7,0",2026-08-21 15:18:14.887777
500605061,YouBike2.0_臺中科技大學(錦平街),北區,錦平街40號(對側人行道),20,9,11,2026-08-21 15:11:03,24.151951,120.683442,1,"9,0",2026-08-21 15:18:14.887777
500605062,YouBike2.0_學士德化街口,北區,學士路/德化街口(西南側),14,0,14,2026-08-21 15:09:58,24.161545,120.680934,1,"0,0",2026-08-21 15:18:14.887777
500605063,YouBike2.0_豬事圓滿公園,北區,東光路/興進路口(東北側),15,7,8,2026-08-21 15:02:03,24.155907,120.699202,1,"7,0",2026-08-21 15:18:14.887777
500605064,YouBike2.0_省三國小,北區,崇德路一段/健行路口(西北側),16,7,9,2026-08-21 14:53:02,24.15925,120.68484,1,"7,0",2026-08-21 15:18:14.887777
500605065,YouBike2.0_山西太原路口,北區,山西路一段/太原路二段口,9,2,7,2026-08-21 15:04:04,24.16531,120.6754,1,"1,1",2026-08-21 15:18:14.887777
500605066,YouBike2.0_五義街崇德路口,北區,五義街/崇德路一段口(西南側),12,3,9,2026-08-21 14:31:03,24.15589,120.68538,1,"3,0",2026-08-21 15:18:14.887777
500605067,YouBike2.0_青島山西路口(西側),北區,青島路二段/山西路二段口(西側),14,0,14,2026-08-21 14:12:20,24.16871,120.67458,1,"0,0",2026-08-21 15:18:14.887777
500605068,YouBike2.0_尚德街育德路口,北區,尚德街/育德路口(東西兩側),24,20,4,2026-08-21 15:15:03,24.15736,120.677658,1,"19,1",2026-08-21 15:18:14.887777
500605070,YouBike2.0_文心梅川西路口(西南側),北區,文心路四段/梅川西路四段口(西南側),17,11,6,2026-08-21 15:11:03,24.17283,120.67923,1,"10,1",2026-08-21 15:18:14.887777
500605071,YouBike2.0_國豐國瑞街口,北區,國豐街/國瑞街口(西南側),10,2,8,2026-08-21 14:37:02,24.15737,120.69591,1,"2,0",2026-08-21 15:18:14.887777
500605072,YouBike2.0_散步步道公園(柳陽東街),北區,柳陽東街/北興街口(北側),15,0,15,2026-08-21 15:06:17,24.16413,120.68876,1,"0,0",2026-08-21 15:18:14.887777
500605073,YouBike2.0_福樂國豐街口,北區,福樂街69號對側,17,0,17,2026-08-21 14:59:21,24.15925,120.69639,1,"0,0",2026-08-21 15:18:14.887777
500605074,YouBike2.0_大全聯(忠明店),北區,忠明路499號,16,2,14,2026-08-21 15:12:04,24.163,120.67177,1,"2,0",2026-08-21 15:18:14.887777
500605075,YouBike2.0_健行國小(梅亭街),北區,梅亭街/華中街口,25,4,21,2026-08-21 15:16:03,24.1604,120.67225,1,"4,0",2026-08-21 15:18:14.887777
500605076,YouBike2.0_忠太西路德化街口,北區,忠太西路26號前,13,0,13,2026-08-21 14:44:17,24.1612,120.6679,1,"0,0",2026-08-21 15:18:14.887777
500605077,YouBike2.0_臺中實小附設幼兒園,北區,民族路282號,18,3,15,2026-08-21 14:48:04,24.14498,120.67349,1,"3,0",2026-08-21 15:18:14.887777
500605079,YouBike2.0_中華停車場(機車),北區,中華路一段225巷70弄6號,15,11,4,2026-08-21 14:59:03,24.14868,120.67818,1,"11,0",2026-08-21 15:18:14.887777
500605080,YouBike2.0_柳川西柳川西路三段157巷口,北區,柳川西路三段/柳川西路三段157巷口,20,2,18,2026-08-21 15:00:05,24.14757,120.67747,1,"2,0",2026-08-21 15:18:14.887777
500605081,YouBike2.0_進化北崇德路口,北區,進化北路221號,26,4,22,2026-08-21 15:13:02,24.16283,120.68473,1,"4,0",2026-08-21 15:18:14.887777
500605082,YouBike2.0_學士英才路口,北區,學士路91號旁,22,14,7,2026-08-21 15:16:03,24.15622,120.68155,1,"14,0",2026-08-21 15:18:14.887777
500605083,YouBike2.0_忠太東太原路口,北區,忠太東路125號(對側人行道),17,4,13,2026-08-21 14:35:03,24.16478,120.67208,1,"4,0",2026-08-21 15:18:14.887777
500605086,YouBike2.0_漢口山西路口,北區,漢口路四段/山西路二段口,21,10,11,2026-08-21 15:10:05,24.16703,120.67479,1,"8,2",2026-08-21 15:18:14.887777
500605087,YouBike2.0_中山堂(五義街),北區,五義街/學士路口(東北側),16,2,14,2026-08-21 15:16:03,24.15487,120.68252,1,"2,0",2026-08-21 15:18:14.887777
500605138,YouBike2.0_中清文心路口(東南側),北區,文心路四段/中清路一段口(東南側),13,2,11,2026-08-21 15:03:03,24.17378,120.67216,1,"1,1",2026-08-21 15:18:14.887777
500606001,YouBike2.0_捷運文心櫻花站,西屯區,文心路三段107之17號旁,40,15,25,2026-08-21 15:17:04,24.16802,120.65394,1,"14,1",2026-08-21 15:18:14.887777
500606002,YouBike2.0_捷運市府站(出口1),西屯區,文心路二段/台灣大道二段口(西北側),61,4,57,2026-08-21 15:17:04,24.16241,120.64912,1,"4,0",2026-08-21 15:18:14.887777
500606003,YouBike2.0_捷運市府站(出口2),西屯區,大墩二十街口/文心路二段口(東北側),44,11,33,2026-08-21 15:14:04,24.16146,120.64933,1,"11,0",2026-08-21 15:18:14.887777
500606004,YouBike2.0_大有公園,西屯區,太原路一段/大有二街口(西北側),15,5,10,2026-08-21 15:09:04,24.15983,120.65869,1,"5,0",2026-08-21 15:18:14.887777
500606005,YouBike2.0_大隆文心路口(東南側),西屯區,大隆路/文心路二段口(東南側),30,1,29,2026-08-21 15:17:04,24.1591,120.64794,1,"1,0",2026-08-21 15:18:14.887777
500606006,YouBike2.0_臺灣大道文心路口(西北側),西屯區,台灣大道三段/文心路二段口(西北側),30,5,25,2026-08-21 15:16:03,24.16300,120.64945,1,"5,0",2026-08-21 15:18:14.887777
500606007,YouBike2.0_惠來國小(洛陽東街),西屯區,洛陽路/洛陽東街口(西南側),13,2,11,2026-08-21 15:07:05,24.16495,120.65018,1,"2,0",2026-08-21 15:18:14.887777
500606008,YouBike2.0_甘肅公園,西屯區,甘肅路一段203號(對側人行道),21,0,21,2026-08-21 14:41:16,24.16889,120.65671,1,"0,0",2026-08-21 15:18:14.887777
500606009,YouBike2.0_幸福兒童公園,西屯區,櫻城一街85號(東南側),28,3,25,2026-08-21 15:17:04,24.17233,120.65211,1,"3,0",2026-08-21 15:18:14.887777
500606010,YouBike2.0_逢甲公園,西屯區,逢甲路239號(對側人行道),24,4,20,2026-08-21 15:10:05,24.17632,120.64074,1,"3,1",2026-08-21 15:18:14.887777
500606012,YouBike2.0_中平經貿路口,西屯區,中平路/經貿路(北側),20,3,17,2026-08-21 15:11:03,24.17644,120.65906,1,"3,0",2026-08-21 15:18:14.887777
500606013,YouBike2.0_皇城帝寶,西屯區,皇城街50號,36,7,29,2026-08-21 15:04:03,24.17382,120.66149,1,"6,1",2026-08-21 15:18:14.887777
500606014,YouBike2.0_大容公園,西屯區,大墩十七街/大容東一街口(東北側),20,6,13,2026-08-21 15:14:04,24.15566,120.64832,1,"6,0",2026-08-21 15:18:14.887777
500606015,YouBike2.0_東興立體停車場,西屯區,東興路三段/大墩十九街口(南側),17,6,11,2026-08-21 15:16:03,24.1566,120.6545,1,"6,0",2026-08-21 15:18:14.887777
500606016,YouBike2.0_惠泰公園,西屯區,黎明路三段/市政北二路口(南側),12,3,9,2026-08-21 14:55:03,24.16467,120.63461,1,"3,0",2026-08-21 15:18:14.887777
500606017,YouBike2.0_福星公園(弘孝路),西屯區,弘孝路/櫻花路口(東北側),21,8,13,2026-08-21 15:14:04,24.17186,120.64955,1,"8,0",2026-08-21 15:18:14.887777
500606018,YouBike2.0_青海上石路口,西屯區,青海路二段207-18號前人行道,33,19,14,2026-08-21 15:15:03,24.1705,120.64518,1,"19,0",2026-08-21 15:18:14.887777
500606019,YouBike2.0_秋紅谷(河南路),西屯區,河南路三段/市政北七路口(西北側),28,16,12,2026-08-21 14:58:02,24.16614,120.63961,1,"15,1",2026-08-21 15:18:14.887777
500606020,YouBike2.0_逢甲福星路口,西屯區,逢甲路/福星路口(西南側),99,2,96,2026-08-21 15:11:03,24.17876,120.64487,1,"2,0",2026-08-21 15:18:14.887777
500606021,YouBike2.0_臺灣大道河南路口(西北側),西屯區,台灣大道三段/河南路二段口(西北側),20,0,0,2026-08-12 15:52:03,24.16799,120.641,0,"0,0",2026-08-21 15:18:14.887777
500606022,YouBike2.0_臺中市政府(惠中路),西屯區,惠中路一段6號,42,37,0,2026-08-21 15:01:03,24.16303,120.64574,1,"37,0",2026-08-21 15:18:14.887777
500606023,YouBike2.0_公51停車場,西屯區,甘肅路二段/福上巷口(西北側),15,2,13,2026-08-21 14:44:03,24.17509,120.65522,1,"2,0",2026-08-21 15:18:14.887777
500606024,YouBike2.0_漢口立體停車場,西屯區,漢口路二段/寧夏路口(北側),18,5,13,2026-08-21 15:11:03,24.16547,120.66217,1,"4,1",2026-08-21 15:18:14.887777
500606025,YouBike2.0_市政公園(市政北三路),西屯區,市政北三路/文心路二段(北側),20,4,16,2026-08-21 14:55:03,24.15897,120.64684,1,"4,0",2026-08-21 15:18:14.887777
500606026,YouBike2.0_文心四川路口,西屯區,文心路三段/四川路口(東南側),15,0,15,2026-08-21 15:14:04,24.16406,120.65073,1,"0,0",2026-08-21 15:18:14.887777
500606027,YouBike2.0_長安公園,西屯區,長安路一段41-1號(西南側),25,7,18,2026-08-21 15:16:03,24.17021,120.65429,1,"6,1",2026-08-21 15:18:14.887777
500606029,YouBike2.0_文心華美西街口(東南側),西屯區,文心路三段/華美西街二段(東南側),15,5,10,2026-08-21 15:14:04,24.17301,120.66744,1,"5,0",2026-08-21 15:18:14.887777
500606030,YouBike2.0_中央公園(遊客服務中心),西屯區,中科路2966號(前人行道),40,1,39,2026-08-21 15:15:03,24.17987,120.65571,1,"1,0",2026-08-21 15:18:14.887777
500606031,YouBike2.0_敦化凱旋路口,西屯區,敦化路/凱旋路口(西北側),20,2,18,2026-08-21 13:39:03,24.18546,120.65255,1,"2,0",2026-08-21 15:18:14.887777
500606032,YouBike2.0_自我體驗區(僑大八街),西屯區,經貿九路138號(僑大八街),20,7,13,2026-08-21 15:04:03,24.18968,120.65201,1,"7,0",2026-08-21 15:18:14.887777
500606033,YouBike2.0_觸覺體驗區(經貿五路),西屯區,經貿九路138號(經貿五路),20,12,8,2026-08-21 15:11:03,24.19062,120.65487,1,"12,0",2026-08-21 15:18:14.887777
500606034,YouBike2.0_港隆經貿九路口,西屯區,港隆街/經貿九路口(東側),20,4,16,2026-08-21 13:36:02,24.19475,120.65,1,"4,0",2026-08-21 15:18:14.887777
500606035,YouBike2.0_惠順停車場(河南路),西屯區,河南路三段/市政北六路口(南側),30,21,9,2026-08-21 15:17:04,24.164743,120.639143,1,"21,0",2026-08-21 15:18:14.887777
500606036,YouBike2.0_文華高中(文心路),西屯區,文心路三段187號(對側人行道),94,1,93,2026-08-21 15:16:17,24.17114,120.65995,1,"1,0",2026-08-21 15:18:14.887777
500606037,YouBike2.0_中仁公園,西屯區,寧夏路89巷38號(對側人行道),28,5,23,2026-08-21 15:02:02,24.16561,120.66077,1,"5,0",2026-08-21 15:18:14.887777
500606038,YouBike2.0_重慶公園(天水西六街),西屯區,天水西六街7號(對側人行道),37,2,35,2026-08-21 15:11:03,24.16586,120.65553,1,"2,0",2026-08-21 15:18:14.887777
500606039,YouBike2.0_臺灣大道國際街口,西屯區,臺灣大道四段/國際街口(東南側),14,4,10,2026-08-21 14:47:04,24.18313,120.59352,1,"4,0",2026-08-21 15:18:14.887777
500606040,YouBike2.0_朝馬運動中心,西屯區,朝貴路/朝馬二街口(西南側),15,7,8,2026-08-21 15:16:03,24.168111,120.634139,1,"5,2",2026-08-21 15:18:14.887777
500606041,YouBike2.0_文修公園(西苑路),西屯區,西苑路/福吉街口(東南側),18,3,15,2026-08-21 15:09:04,24.184324,120.641479,1,"3,0",2026-08-21 15:18:14.887777
500606042,YouBike2.0_文修公園(烈美街),西屯區,烈美街/福星北三街口(西南側),20,4,16,2026-08-21 15:11:03,24.18429,120.642413,1,"4,0",2026-08-21 15:18:14.887777
500606043,YouBike2.0_同心停車場,西屯區,黎明路三段/福科路口(東南側),17,4,12,2026-08-21 15:14:04,24.178866,120.63749,1,"4,0",2026-08-21 15:18:14.887777
500606044,YouBike2.0_上安公園(南側),西屯區,上仁街/上安路口(西南側),45,2,43,2026-08-21 15:07:05,24.170154,120.640555,1,"2,0",2026-08-21 15:18:14.887777
500606045,YouBike2.0_西大墩公園(福科路),西屯區,福科路/福科二路口(西南側),18,6,12,2026-08-21 13:15:04,24.179126,120.635924,1,"5,1",2026-08-21 15:18:14.887777
500606046,YouBike2.0_龍門公園,西屯區,龍門路/龍門二街口(東北側),10,2,8,2026-08-21 15:15:03,24.164015,120.631762,1,"2,0",2026-08-21 15:18:14.887777
500606047,YouBike2.0_環中朝馬路口,西屯區,環中路三段/朝馬路口(東南側),10,3,7,2026-08-21 13:32:03,24.169936,120.632564,1,"3,0",2026-08-21 15:18:14.887777
500606048,YouBike2.0_朝富環河路口,西屯區,朝富路/環河路口(西北側),15,11,4,2026-08-21 15:15:03,24.16593,120.6371,1,"11,0",2026-08-21 15:18:14.887777
500606049,YouBike2.0_至善青海路二段口,西屯區,至善路/青海路二段口(西南側),15,7,8,2026-08-21 15:15:03,24.173315,120.641065,1,"3,4",2026-08-21 15:18:14.887777
500606050,YouBike2.0_文輝公園,西屯區,上明三街/上仁街124巷口(東北側公園內),16,3,13,2026-08-21 15:05:03,24.1715194228316,120.64273308314056,1,"3,0",2026-08-21 15:18:14.887777
500606052,YouBike2.0_青海公園(四川東街),西屯區,四川東街55號(對側人行道),33,0,33,2026-08-21 15:15:19,24.16441,120.65334,1,"0,0",2026-08-21 15:18:14.887777
500606053,YouBike2.0_大鵬國小(中平路),西屯區,中平路/大鵬路口(東南側),15,1,14,2026-08-21 15:14:04,24.17793,120.66484,1,"1,0",2026-08-21 15:18:14.887777
500606054,YouBike2.0_逢大大鵬路口,西屯區,逢大路98號前,28,7,21,2026-08-21 15:15:03,24.17843,120.65047,1,"7,0",2026-08-21 15:18:14.887777
500606055,YouBike2.0_河南公園,西屯區,內江街5號(對側人行道),20,1,19,2026-08-21 15:04:03,24.1708,120.66298,1,"1,0",2026-08-21 15:18:14.887777
500606056,YouBike2.0_黎明中清路口,西屯區,黎明路三段/中清路二段口(西南側),16,3,13,2026-08-21 14:44:03,24.19658,120.65725,1,"3,0",2026-08-21 15:18:14.887777
500606057,YouBike2.0_大鵬臨停停車場,西屯區,中清西二街/中清西二街92巷口(西北側),15,0,15,2026-08-21 14:37:16,24.17569,120.66549,1,"0,0",2026-08-21 15:18:14.887777
500606058,YouBike2.0_捷運文華高中站,西屯區,文心路三段/河南路二段口(西北側),30,14,16,2026-08-21 15:16:03,24.171695,120.660816,1,"14,0",2026-08-21 15:18:14.887777
500606059,YouBike2.0_惠誠公園(市政南一路),西屯區,市政南一路/惠文七街(東南側),13,4,9,2026-08-21 14:36:02,24.158196,120.637742,1,"4,0",2026-08-21 15:18:14.887777
500606060,YouBike2.0_臺灣大道福安路口(西北側),西屯區,台灣大道四段/福安路口(西北側),10,3,7,2026-08-21 14:15:04,24.180186,120.621505,1,"3,0",2026-08-21 15:18:14.887777
500606061,YouBike2.0_臺灣大道安和路口(西北側),西屯區,臺灣大道四段/安和路口(西北側),13,6,7,2026-08-21 15:09:04,24.179566,120.622796,1,"6,0",2026-08-21 15:18:14.887777
500606062,YouBike2.0_福順停車場,西屯區,福順路/福元路(西南側),16,4,12,2026-08-21 15:00:05,24.180058,120.627221,1,"4,0",2026-08-21 15:18:14.887777
500606063,YouBike2.0_福科永福路口,西屯區,福科路/永福路口(西北側),12,4,8,2026-08-21 15:15:03,24.184159,120.620425,1,"4,0",2026-08-21 15:18:14.887777
500606064,YouBike2.0_福安公園,西屯區,福裕路/福泰東路(東北側),15,6,9,2026-08-21 14:57:02,24.182856,120.627591,1,"6,0",2026-08-21 15:18:14.887777
500606065,YouBike2.0_西苑高中代管籃球場,西屯區,安和路/安和路189巷(東南側),20,16,4,2026-08-21 14:23:03,24.18568,120.626651,1,"16,0",2026-08-21 15:18:14.887777
500606066,YouBike2.0_福科福康路口,西屯區,福科路/福康路口(西北側),16,10,6,2026-08-21 14:53:02,24.185521,120.617429,1,"10,0",2026-08-21 15:18:14.887777
500606067,YouBike2.0_漢翔福星北路口,西屯區,漢翔路/福星北路口(北側),45,0,44,2026-08-21 15:15:19,24.18521,120.64442,1,"0,0",2026-08-21 15:18:14.887777
500606068,YouBike2.0_漢口國中(漢口路),西屯區,漢口路一段54-1號前,17,2,15,2026-08-21 15:16:03,24.16137,120.65684,1,"2,0",2026-08-21 15:18:14.887777
500606069,YouBike2.0_河南停車場,西屯區,河南路一段122號,12,1,11,2026-08-21 15:12:03,24.16975,120.66217,1,"1,0",2026-08-21 15:18:14.887777
500606070,YouBike2.0_福星公園,西屯區,寶慶街50巷/河南路二段301巷(東側),34,14,20,2026-08-21 15:09:04,24.17242,120.6481,1,"14,0",2026-08-21 15:18:14.887777
500606071,YouBike2.0_大鵬國小,西屯區,大鵬路/大鵬路59巷口(西南側),34,1,33,2026-08-21 14:57:18,24.17811,120.66567,1,"1,0",2026-08-21 15:18:14.887777
500606072,YouBike2.0_臺灣大道玉門路口,西屯區,臺灣大道四段/玉門路口(西南側),50,27,23,2026-08-21 14:55:03,24.18425,120.60975,1,"27,0",2026-08-21 15:18:14.887777
500606073,YouBike2.0_臺灣大道福林路口,西屯區,臺灣大道四段/福林路口(西南側),28,8,20,2026-08-21 14:56:02,24.18361,120.61377,1,"8,0",2026-08-21 15:18:14.887777
500606074,YouBike2.0_安和國中,西屯區,天助街/中工三路口(西南側),30,10,20,2026-08-21 14:50:04,24.17396,120.61723,1,"10,0",2026-08-21 15:18:14.887777
500606075,YouBike2.0_秋紅谷,西屯區,朝富路/朝馬路口(東北側),99,3,96,2026-08-21 15:17:04,24.16858,120.63904,1,"2,1",2026-08-21 15:18:14.887777
500606076,YouBike2.0_櫻花棒球場,西屯區,櫻花路/洛陽路口(西側),53,5,48,2026-08-21 15:17:04,24.16867,120.6531,1,"5,0",2026-08-21 15:18:14.887777
500606077,YouBike2.0_頂何厝,西屯區,臺灣大道二段/東興路三段路口(西北側),28,7,21,2026-08-21 15:09:04,24.15924,120.65532,1,"7,0",2026-08-21 15:18:14.887777
500606078,YouBike2.0_新光/遠百,西屯區,臺灣大道三段/惠來路二段(西北側),85,55,3,2026-08-21 15:17:04,24.16614,120.64292,1,"55,0",2026-08-21 15:18:14.887777
500606079,YouBike2.0_市政府(文心樓),西屯區,文心路二段/大墩二十街口(西南側),64,25,39,2026-08-21 15:17:04,24.16143,120.6487,1,"23,2",2026-08-21 15:18:14.887777
500606080,YouBike2.0_青海逢甲路口,西屯區,青海路二段/逢甲路口(西北側),18,5,13,2026-08-21 15:04:03,24.17465,120.63923,1,"5,0",2026-08-21 15:18:14.887777
500606081,YouBike2.0_上石公園,西屯區,西屯路二段/上石北五巷口(西南側),30,1,29,2026-08-21 15:15:19,24.17284,120.64493,1,"1,0",2026-08-21 15:18:14.887777
500606082,YouBike2.0_市政公園停車場,西屯區,市政北五路/惠中路一段口(東南側),38,26,12,2026-08-21 15:17:04,24.16099,120.64453,1,"24,2",2026-08-21 15:18:14.887777
500606083,YouBike2.0_大隆東興路口,西屯區,大隆路40號前,48,0,38,2026-07-12 00:01:03,24.15573,120.65409,0,"0,0",2026-08-21 15:18:14.887777
500606084,YouBike2.0_臺中國家歌劇院,西屯區,惠民路/市政北六路口(西南側),61,31,30,2026-08-21 15:16:03,24.16407,120.64012,1,"31,0",2026-08-21 15:18:14.887777
500606085,YouBike2.0_協和停車場,西屯區,安和西路/福玄路口(西側),24,9,15,2026-08-21 13:20:04,24.17754,120.62188,1,"9,0",2026-08-21 15:18:14.887777
500606086,YouBike2.0_西大墩公園,西屯區,福科一街/福科二路口(西北側),26,12,14,2026-08-21 14:14:03,24.17692,120.63577,1,"12,0",2026-08-21 15:18:14.887777
500606087,YouBike2.0_福科國民中學,西屯區,西屯路三段/玉門路370巷口(東南側),28,6,22,2026-08-21 14:56:02,24.18972,120.61381,1,"6,0",2026-08-21 15:18:14.887777
500606088,YouBike2.0_潮洋環保公園,西屯區,朝貴路/朝馬七街(西南側),27,3,24,2026-08-21 15:15:03,24.16591,120.63341,1,"3,0",2026-08-21 15:18:14.887777
500606089,YouBike2.0_世斌公園,西屯區,永福路/福安路22巷口(東北側),26,16,10,2026-08-21 15:15:03,24.18219,120.61962,1,"16,0",2026-08-21 15:18:14.887777
500606090,YouBike2.0_大仁公園,西屯區,甘肅路一段/甘州六街口(西側),22,2,20,2026-08-21 14:59:03,24.16569,120.65929,1,"2,0",2026-08-21 15:18:14.887777
500606091,YouBike2.0_國安一號公園,西屯區,國安一路51號,30,5,25,2026-08-21 15:16:03,24.19061,120.61472,1,"5,0",2026-08-21 15:18:14.887777
500606092,YouBike2.0_三信公園,西屯區,漢口路二段182號(對側人行道),24,7,17,2026-08-21 15:16:03,24.16623,120.66372,1,"7,0",2026-08-21 15:18:14.887777
500606093,YouBike2.0_經貿七中清路口,西屯區,經貿七路12號(對側道路旁),20,6,14,2026-08-21 14:55:03,24.19278,120.65929,1,"6,0",2026-08-21 15:18:14.887777
500606094,YouBike2.0_國安國小,西屯區,東大路一段555號(對側人行道),32,1,31,2026-08-21 15:15:03,24.19398,120.60709,1,"1,0",2026-08-21 15:18:14.887777
500606095,YouBike2.0_上德公園,西屯區,上石路73號,24,6,17,2026-08-21 15:04:03,24.16931,120.64451,1,"5,1",2026-08-21 15:18:14.887777
500606096,YouBike2.0_文修公園,西屯區,福星路114號(對側人行道),22,0,22,2026-08-21 14:07:41,24.18234,120.642,1,"0,0",2026-08-21 15:18:14.887777
500606097,YouBike2.0_臺中市議會,西屯區,市政北一路56號(對側人行道),45,14,31,2026-08-21 15:00:05,24.15805,120.64403,1,"13,1",2026-08-21 15:18:14.887777
500606098,YouBike2.0_臺中至善公園,西屯區,至善路/逢甲路101巷口(西南側),28,13,15,2026-08-21 15:15:03,24.17492,120.64209,1,"13,0",2026-08-21 15:18:14.887777
500606099,YouBike2.0_高登公園,西屯區,重慶路431-433號(對側人行道),28,4,24,2026-08-21 14:48:03,24.17106,120.66571,1,"4,0",2026-08-21 15:18:14.887777
500606100,YouBike2.0_何厝公園,西屯區,四川路89號(對側人行道),30,0,30,2026-08-21 15:17:18,24.16061,120.65492,1,"0,0",2026-08-21 15:18:14.887777
500606101,YouBike2.0_大弘公園,西屯區,太原路一段204號(對側人行道),30,3,27,2026-08-21 15:12:03,24.1628,120.66128,1,"3,0",2026-08-21 15:18:14.887777
500606102,YouBike2.0_惠來停車場,西屯區,惠來路二段/市政北一路口(西南側),41,29,12,2026-08-21 15:14:04,24.15999,120.63964,1,"26,3",2026-08-21 15:18:14.887777
500606103,YouBike2.0_中科管理局,西屯區,中科路2號,24,11,13,2026-08-21 11:50:04,24.20889,120.6178,1,"11,0",2026-08-21 15:18:14.887777
500606104,YouBike2.0_巨大集團總部,西屯區,東大路一段999號(前人行道),22,5,17,2026-08-21 14:25:04,24.20865,120.61154,1,"5,0",2026-08-21 15:18:14.887777
500606105,YouBike2.0_臺灣大道福林路口(東北側),西屯區,臺灣大道四段/福林路口(東北側),18,5,13,2026-08-21 15:01:03,24.183812,120.614265,1,"4,1",2026-08-21 15:18:14.887777
500606106,YouBike2.0_福恩停車場,西屯區,工業區一路2巷/工業區一路口(西北側),18,0,18,2026-08-21 14:55:18,24.182439,120.615023,1,"0,0",2026-08-21 15:18:14.887777
500606107,YouBike2.0_工業區一路工業區一路58巷口,西屯區,工業區一路/工業區一路58巷口(西南側),22,2,20,2026-08-21 14:51:03,24.17958,120.614687,1,"2,0",2026-08-21 15:18:14.887777
500606108,YouBike2.0_工業區一路工業區一路72巷口,西屯區,工業區一路/工業區一路72巷口(西南側),16,2,14,2026-08-21 15:08:02,24.17712,120.614316,1,"1,1",2026-08-21 15:18:14.887777
500606109,YouBike2.0_工業區一路98巷口,西屯區,工業區一路98巷/工業區一路口(西南側),25,7,17,2026-08-21 14:37:02,24.17313,120.613429,1,"7,0",2026-08-21 15:18:14.887777
500606112,YouBike2.0_臺灣大道中工三路口(西北側),西屯區,臺灣大道四段/中工三路口(西北側),17,2,15,2026-08-21 14:59:03,24.18093,120.61911,1,"2,0",2026-08-21 15:18:14.887777
500606113,YouBike2.0_中工二路福中十街口,西屯區,中工二路/福中十街口(東南側),28,8,20,2026-08-21 14:18:03,24.17692,120.61593,1,"8,0",2026-08-21 15:18:14.887777
500606114,YouBike2.0_臺灣大道工業區一路口(東南側),西屯區,臺灣大道四段/工業區一路口(東南側),24,8,16,2026-08-21 15:16:03,24.18258,120.61566,1,"8,0",2026-08-21 15:18:14.887777
500606115,YouBike2.0_中工公園,西屯區,順和一街1號(對側人行道),16,13,3,2026-08-21 15:04:03,24.175597,120.589586,1,"13,0",2026-08-21 15:18:14.887777
500606116,YouBike2.0_協和公園,西屯區,玉成路/玉寶路口(西南側),16,5,11,2026-08-21 15:00:05,24.176782,120.620096,1,"5,0",2026-08-21 15:18:14.887777
500606117,YouBike2.0_臺灣大道安和路口(西南側),西屯區,臺灣大道四段/安和路口(西南側),15,13,2,2026-08-21 15:13:02,24.179134,120.622873,1,"12,1",2026-08-21 15:18:14.887777
500606118,YouBike2.0_協仁公園,西屯區,福元路/福玄路口(東南側),20,8,12,2026-08-21 15:06:02,24.175336,120.625631,1,"8,0",2026-08-21 15:18:14.887777
500606119,YouBike2.0_環中福星西路口,西屯區,環中路二段1129號前,15,2,13,2026-08-21 14:52:03,24.182771,120.636213,1,"2,0",2026-08-21 15:18:14.887777
500606120,YouBike2.0_福聯兒童公園,西屯區,福科路961巷/福瑞街27巷口(西北側),14,2,12,2026-08-21 15:16:03,24.18674,120.60545,1,"2,0",2026-08-21 15:18:14.887777
500606121,YouBike2.0_東大附中,西屯區,臺灣大道四段/東海路口(東側),26,13,13,2026-08-21 14:23:03,24.18355,120.60679,1,"12,1",2026-08-21 15:18:14.887777
500606122,YouBike2.0_臺灣大道約農路口,西屯區,臺灣大道四段/約農路口(東南側),45,6,39,2026-08-21 15:17:04,24.18269,120.60287,1,"6,0",2026-08-21 15:18:14.887777
500606123,YouBike2.0_福強街福科路900巷口,西屯區,福強街/福科路900巷口(東北側),20,3,17,2026-08-21 14:34:03,24.18915,120.60741,1,"2,1",2026-08-21 15:18:14.887777
500606124,YouBike2.0_福瑞里社區停車場,西屯區,福瑞街七十五巷/東大路一段口(東南側),17,3,14,2026-08-21 15:14:04,24.18835,120.6056,1,"3,0",2026-08-21 15:18:14.887777
500606125,YouBike2.0_五龍公園,西屯區,東大路一段/福瑞街七十五巷口(西側),10,1,9,2026-08-21 15:11:03,24.18847,120.60514,1,"1,0",2026-08-21 15:18:14.887777
500606126,YouBike2.0_成都公園,西屯區,成都路222號(旁公園),15,3,12,2026-08-21 15:11:03,24.169,120.66485,1,"3,0",2026-08-21 15:18:14.887777
500606127,YouBike2.0_國豐停車場,西屯區,國安一路128號(北側),15,5,9,2026-08-21 14:47:04,24.191838,120.613279,1,"5,0",2026-08-21 15:18:14.887777
500606128,YouBike2.0_東大西屯路三段口,西屯區,東大路一段/西屯路三段口(東南側),15,3,12,2026-08-21 15:11:03,24.19253,120.606514,1,"3,0",2026-08-21 15:18:14.887777
500606129,YouBike2.0_玉門西屯路三段口,西屯區,玉門路/西屯路三段口(東南側),22,0,22,2026-08-21 14:54:16,24.190807,120.610831,1,"0,0",2026-08-21 15:18:14.887777
500606130,YouBike2.0_福科國中(福林路),西屯區,福林路/西屯路三段口(西南側),19,18,1,2026-08-21 15:17:04,24.188139,120.615031,1,"18,0",2026-08-21 15:18:14.887777
500606131,YouBike2.0_上石國小(湳子巷),西屯區,湳子巷8之20號(對側人行道),20,1,19,2026-08-21 14:58:16,24.17343,120.64296,1,"1,0",2026-08-21 15:18:14.887777
500606132,YouBike2.0_上石國小(湳子巷8弄),西屯區,湳子巷/湳子巷8弄(東側),20,2,18,2026-08-21 14:59:03,24.17256,120.64328,1,"2,0",2026-08-21 15:18:14.887777
500606133,YouBike2.0_龍潭里活動中心,西屯區,龍德路二段366號前,14,8,5,2026-08-21 14:38:04,24.157639,120.626955,1,"8,0",2026-08-21 15:18:14.887777
500606134,YouBike2.0_宏恩公園,西屯區,西屯路三段宏恩一巷35弄13號(對側),16,11,5,2026-08-21 15:14:04,24.189588,120.61751,1,"11,0",2026-08-21 15:18:14.887777
500606135,YouBike2.0_港尾里守望相助隊,西屯區,中康二街/中康街口(西北側),15,4,11,2026-08-21 14:20:05,24.19807,120.6598,1,"3,1",2026-08-21 15:18:14.887777
500606136,YouBike2.0_廣興宮,西屯區,廣福路230號(對側廣場),12,4,8,2026-08-21 14:44:03,24.19864,120.64269,1,"4,0",2026-08-21 15:18:14.887777
500606137,YouBike2.0_國家中山科學研究院臺中院區,西屯區,西安街277巷300-2號(東側路旁),17,0,17,2026-08-21 15:14:19,24.18803,120.6462,1,"0,0",2026-08-21 15:18:14.887777
500606138,YouBike2.0_國安二號公園,西屯區,西屯路三段/玉門路口(東側),21,1,20,2026-08-21 15:01:20,24.19078,120.61159,1,"1,0",2026-08-21 15:18:14.887777
500606139,YouBike2.0_文華路86巷文華路口,西屯區,文華路86巷/文華路口(東南側),15,2,13,2026-08-21 15:13:16,24.176476,120.647166,1,"2,0",2026-08-21 15:18:14.887777
500606140,YouBike2.0_惠民公園,西屯區,西屯路二段200號(對側),24,8,16,2026-08-21 15:05:03,24.167846,120.649484,1,"8,0",2026-08-21 15:18:14.887777
500606143,YouBike2.0_泰安國小,西屯區,環中路二段/同志巷口(西南側),12,3,9,2026-08-21 15:07:05,24.197705,120.650182,1,"3,0",2026-08-21 15:18:14.887777
500606144,YouBike2.0_漢翔上墩路口,西屯區,漢翔路/上墩路口(西南側),20,11,9,2026-08-21 15:15:03,24.185221,120.638921,1,"11,0",2026-08-21 15:18:14.887777
500606145,YouBike2.0_宏福一巷宏福三巷口,西屯區,宏福一巷/宏福三巷口(西側),12,4,8,2026-08-21 14:18:03,24.187536,120.616197,1,"4,0",2026-08-21 15:18:14.887777
500606146,YouBike2.0_中央公園(福上巷),西屯區,福上巷/河南路二段口,23,5,18,2026-08-21 15:12:04,24.17594,120.6533,1,"5,0",2026-08-21 15:18:14.887777
500606147,YouBike2.0_西屯張廖家廟,西屯區,福星北路/文華路138巷口(東南側),16,1,15,2026-08-21 15:16:03,24.182742,120.644986,1,"0,1",2026-08-21 15:18:14.887777
500606148,YouBike2.0_朝馬停車場,西屯區,上安路199號旁,20,9,11,2026-08-21 15:01:03,24.17368,120.63619,1,"9,0",2026-08-21 15:18:14.887777
500606149,YouBike2.0_漢翔福星北路口(東北側),西屯區,漢翔路37號(對側人行道),22,1,21,2026-08-21 15:11:18,24.18516,120.64546,1,"1,0",2026-08-21 15:18:14.887777
500606150,YouBike2.0_經貿五僑大路口,西屯區,經貿五路/僑大路口(東側),20,1,19,2026-08-21 12:14:02,24.19069,120.64441,1,"1,0",2026-08-21 15:18:14.887777
500606151,YouBike2.0_港尾萬魂祠,西屯區,環中路一段/中清路二段口(東側),12,1,11,2026-08-21 14:50:04,24.19985,120.65671,1,"1,0",2026-08-21 15:18:14.887777
500606152,YouBike2.0_中工三路天佑街口,西屯區,中工三路/天佑街口(西南側),10,1,9,2026-08-21 14:39:02,24.17893,120.61879,1,"0,1",2026-08-21 15:18:14.887777
500606153,YouBike2.0_西安街277巷6弄口(北側),西屯區,西安街277巷59號(對側),11,0,11,2026-08-21 14:51:17,24.18372,120.64824,1,"0,0",2026-08-21 15:18:14.887777
500606154,YouBike2.0_惠來公園,西屯區,市政南二路/惠文五街(西南側),25,1,24,2026-08-21 15:17:04,24.15571,120.639,1,"1,0",2026-08-21 15:18:14.887777
500606155,YouBike2.0_中山國中,西屯區,寧夏路198號(對側人行道),20,6,14,2026-08-21 15:17:04,24.16794,120.66064,1,"4,2",2026-08-21 15:18:14.887777
500606156,YouBike2.0_朝貴公園,西屯區,朝貴一街96號(東南側),12,1,11,2026-08-21 14:56:17,24.170587,120.635093,1,"1,0",2026-08-21 15:18:14.887777
500606157,YouBike2.0_三角埔(福雅路),西屯區,福雅路/西林巷口(東北側),26,16,8,2026-08-21 14:53:02,24.201713,120.627808,1,"16,0",2026-08-21 15:18:14.887777
500606158,YouBike2.0_中科福雅路口,西屯區,中科路/福雅路口(西南側),20,7,13,2026-08-21 14:56:02,24.205873,120.628681,1,"6,1",2026-08-21 15:18:14.887777
500606159,YouBike2.0_中清廣興巷口,西屯區,中清路/廣興巷口(西北側),13,4,9,2026-08-21 14:17:03,24.203724,120.653146,1,"4,0",2026-08-21 15:18:14.887777
500606160,YouBike2.0_惠順公園,西屯區,政和路/惠文二街口(東南側),12,5,7,2026-08-21 15:15:03,24.15585,120.64202,1,"5,0",2026-08-21 15:18:14.887777
500606161,YouBike2.0_文心市政北一路口,西屯區,文心路二段/市政北一路口,14,5,9,2026-08-21 14:54:02,24.15665,120.64666,1,"5,0",2026-08-21 15:18:14.887777
500606162,YouBike2.0_惠中市政路口(東北側),西屯區,惠中路二段/市政路口(東北側),18,6,12,2026-08-21 15:16:03,24.15764,120.64211,1,"6,0",2026-08-21 15:18:14.887777
500606163,YouBike2.0_臺灣大道四川五街口,西屯區,台灣大道二段/四川五街口(西北側),12,3,9,2026-08-21 15:10:05,24.16165,120.65185,1,"3,0",2026-08-21 15:18:14.887777
500606164,YouBike2.0_華美公園,西屯區,寧漢二街36號(對側人行道),14,5,9,2026-08-21 15:13:02,24.16462,120.663968,1,"5,0",2026-08-21 15:18:14.887777
500606165,YouBike2.0_大鵬新城,西屯區,逢大路/凱旋一路口(西北側),18,1,17,2026-08-21 15:01:03,24.177437,120.650269,1,"1,0",2026-08-21 15:18:14.887777
500606166,YouBike2.0_八張犁淨水廠,西屯區,廣福路165號(東北側),13,3,9,2026-08-21 10:36:04,24.197472,120.642284,1,"3,0",2026-08-21 15:18:14.887777
500606167,YouBike2.0_西屯永興宮,西屯區,安林路29號(東側),12,3,9,2026-08-21 15:17:04,24.198141,120.623678,1,"3,0",2026-08-21 15:18:14.887777
500606168,YouBike2.0_何安里活動中心,西屯區,四川路126號(北側),16,5,11,2026-08-21 15:17:04,24.162574,120.653654,1,"4,1",2026-08-21 15:18:14.887777
500606169,YouBike2.0_上石惠來路口,西屯區,惠來路三段/上石路口(西北側),25,11,14,2026-08-21 15:15:03,24.16644,120.64412,1,"11,0",2026-08-21 15:18:14.887777
500606170,YouBike2.0_安和公園,西屯區,安和路/安和二街口(西南側),15,12,3,2026-08-21 15:10:05,24.17565,120.62288,1,"11,1",2026-08-21 15:18:14.887777
500606171,YouBike2.0_經貿五僑大八街口,西屯區,經貿五路/僑大八街口(東南側),20,11,9,2026-08-21 15:17:04,24.19104,120.65226,1,"11,0",2026-08-21 15:18:14.887777
500606173,YouBike2.0_惠中路停車場,西屯區,惠中路/惠中路148巷口(北側),20,10,10,2026-08-21 15:13:02,24.16523,120.64673,1,"10,0",2026-08-21 15:18:14.887777
500606174,YouBike2.0_馬龍潭停車場,西屯區,龍富路五段396號(東北側),15,9,6,2026-08-21 12:35:03,24.1598,120.62986,1,"9,0",2026-08-21 15:18:14.887777
500606175,YouBike2.0_環中市政南一路口(西北側),西屯區,環中路三段/市政南一路口(西北側),16,2,14,2026-08-21 14:57:02,24.16012,120.627,1,"1,1",2026-08-21 15:18:14.887777
500606176,YouBike2.0_大仁國小,西屯區,重慶路/甘肅路一段口(東南側),25,6,19,2026-08-21 15:04:04,24.16783,120.65778,1,"5,1",2026-08-21 15:18:14.887777
500606177,YouBike2.0_安和國中(水尾巷),西屯區,水尾巷/中工二路口(東北側),20,7,13,2026-08-21 14:57:02,24.172,120.61525,1,"7,0",2026-08-21 15:18:14.887777
500606179,YouBike2.0_福科路福科路658巷口,西屯區,福科路/福科路658巷口(西北側及東北側),11,8,3,2026-08-21 14:37:02,24.18707,120.61154,1,"8,0",2026-08-21 15:18:14.887777
500606180,YouBike2.0_福林國安二路口(東北側),西屯區,福林路/國安二路口(東北側),15,1,14,2026-08-21 15:10:05,24.19104,120.61665,1,"1,0",2026-08-21 15:18:14.887777
500606181,YouBike2.0_東海大學_語文館,西屯區,力行路側(男宿21棟前),22,17,5,2026-08-21 14:43:02,24.18098,120.59938,1,"17,0",2026-08-21 15:18:14.887777
500606182,YouBike2.0_東海大學_男生宿舍,西屯區,力行路/約農路口(西北側),30,14,16,2026-08-21 14:13:02,24.18055,120.60094,1,"14,0",2026-08-21 15:18:14.887777
500606183,YouBike2.0_東海大學_路思義教堂,西屯區,德耀路/約農路口(西南側),15,13,2,2026-08-21 14:49:05,24.17943,120.60011,1,"1,12",2026-08-21 15:18:14.887777
500606184,YouBike2.0_東海大學_基礎科學館,西屯區,科技路/求真路口(西南側),27,6,21,2026-08-21 15:10:05,24.17761,120.59946,1,"6,0",2026-08-21 15:18:14.887777
500606185,YouBike2.0_東海大學_女生宿舍,西屯區,篤信路/銘賢路口(南側),20,15,5,2026-08-21 15:17:04,24.17864,120.60199,1,"13,2",2026-08-21 15:18:14.887777
500606186,YouBike2.0_東海大學_乳品小棧,西屯區,東海路51號(東北側),30,14,16,2026-08-21 14:47:04,24.1795,120.6062,1,"14,0",2026-08-21 15:18:14.887777
500606187,YouBike2.0_東海大學_管理學院,西屯區,管理學院停車場內(力行路側),23,6,17,2026-08-21 14:58:02,24.18298,120.61223,1,"6,0",2026-08-21 15:18:14.887777
500606188,YouBike2.0_東海大學_二校宿舍,西屯區,力行路/湖東路(東北側),25,6,19,2026-08-21 15:03:03,24.17986,120.61161,1,"6,0",2026-08-21 15:18:14.887777
500606189,YouBike2.0_東海大學_鹿舍食加廠,西屯區,力行路停車場內(西北側),25,10,15,2026-08-21 13:45:02,24.18239,120.60984,1,"10,0",2026-08-21 15:18:14.887777
500606190,YouBike2.0_臺中都會公園,西屯區,都會園路/都會園路1215巷口(東北側),15,5,10,2026-08-21 15:14:04,24.20761,120.59945,1,"4,1",2026-08-21 15:18:14.887777
500606191,YouBike2.0_安和協和南巷口,西屯區,安和路/協和南巷口(西南側),15,6,9,2026-08-21 15:13:02,24.16372,120.61829,1,"6,0",2026-08-21 15:18:14.887777
500606192,YouBike2.0_福星路654巷口,西屯區,福星路/福星路654巷口(東南側),14,1,13,2026-08-21 15:17:04,24.17347,120.64872,1,"0,1",2026-08-21 15:18:14.887777
500606193,YouBike2.0_廣福路橋下籃球場,西屯區,中科路/廣福路156巷口(西北側),12,10,2,2026-08-21 14:13:02,24.20056,120.647,1,"10,0",2026-08-21 15:18:14.887777
500606195,YouBike2.0_協和國小,西屯區,安和路99號(西南側),13,5,8,2026-08-21 15:17:04,24.16944,120.61963,1,"5,0",2026-08-21 15:18:14.887777
500606196,YouBike2.0_大鵬公園,西屯區,長安路二段71巷/長安路二段71巷5弄口(西北側),15,2,13,2026-08-21 15:12:04,24.17367,120.66308,1,"0,2",2026-08-21 15:18:14.887777
500606197,YouBike2.0_銀聯三村停車場,西屯區,何安二巷16號(東側),15,4,11,2026-08-21 14:55:03,24.16597,120.65775,1,"3,1",2026-08-21 15:18:14.887777
500606198,YouBike2.0_福雅福雅路252巷口,西屯區,福雅路/福雅路252巷口(西南側),16,3,13,2026-08-21 14:47:04,24.19079,120.621627,1,"3,0",2026-08-21 15:18:14.887777
500606199,YouBike2.0_協仁虹揚橋口,西屯區,協仁街/虹揚橋口(東北側),15,12,3,2026-08-21 14:52:03,24.173422,120.624911,1,"12,0",2026-08-21 15:18:14.887777
500606200,YouBike2.0_漢口國中(忠義街),西屯區,忠義街/大有街口(西北側),18,0,18,2026-08-21 14:59:21,24.161846,120.65856,1,"0,0",2026-08-21 15:18:14.887777
500606201,YouBike2.0_上安路青海南街口,西屯區,青海南街191號旁,16,3,13,2026-08-21 14:33:05,24.17435,120.63498,1,"2,1",2026-08-21 15:18:14.887777
500606203,YouBike2.0_福壽兒童公園,西屯區,甘州街19號對側,18,0,18,2026-08-21 15:12:17,24.16434,120.65634,1,"0,0",2026-08-21 15:18:14.887777
500606204,YouBike2.0_臺灣大道新興路口,西屯區,臺灣大道四段2147號,46,16,30,2026-08-21 15:10:05,24.18262,120.59347,1,"16,0",2026-08-21 15:18:14.887777
500606205,YouBike2.0_漢翔黎明路口(東北側),西屯區,漢翔路/黎明路三段口(東北側),11,2,9,2026-08-21 15:11:03,24.185216,120.640276,1,"2,0",2026-08-21 15:18:14.887777
500606206,YouBike2.0_大容東大墩十九街口,西屯區,大容東街182號(對側人行道),17,3,14,2026-08-21 14:59:03,24.15929,120.65044,1,"3,0",2026-08-21 15:18:14.887777
500606207,YouBike2.0_大墩公園,西屯區,大墩十九街193號對側,17,8,9,2026-08-21 15:02:03,24.15858,120.6515,1,"8,0",2026-08-21 15:18:14.887777
500606208,YouBike2.0_環中臺灣大道四段三巷口,西屯區,環中路三段/臺灣大道四段三巷口,15,9,6,2026-08-21 08:07:02,24.17242,120.63284,1,"9,0",2026-08-21 15:18:14.887777
500606209,YouBike2.0_福雅安林路口,西屯區,福雅路/安林路口,10,4,6,2026-08-21 15:02:03,24.19447,120.62412,1,"4,0",2026-08-21 15:18:14.887777
500606210,YouBike2.0_大漁池文化公園,西屯區,烈美街57號對側,16,6,10,2026-08-21 15:10:05,24.17879,120.64213,1,"6,0",2026-08-21 15:18:14.887777
500606211,YouBike2.0_臺灣大道福聯街口,西屯區,臺灣大道四段1448號,11,0,11,2026-08-21 14:44:17,24.18425,120.60806,1,"0,0",2026-08-21 15:18:14.887777
500606212,YouBike2.0_福科玉門路口,西屯區,福科路/玉門路口(東北側),23,14,9,2026-08-21 14:58:02,24.187196,120.610396,1,"14,0",2026-08-21 15:18:14.887777
500606213,YouBike2.0_大安公園,西屯區,大安街43號對側,21,7,13,2026-08-21 15:16:03,24.15803,120.65431,1,"6,1",2026-08-21 15:18:14.887777
500606214,YouBike2.0_大聖公園,西屯區,大聖街509號,10,1,9,2026-08-21 14:30:04,24.15866,120.65292,1,"1,0",2026-08-21 15:18:14.887777
500606215,YouBike2.0_何仁里活動中心(洛陽公園),西屯區,洛陽路125巷21號,17,4,13,2026-08-21 14:51:03,24.16827,120.65107,1,"4,0",2026-08-21 15:18:14.887777
500606216,YouBike2.0_大容東大墩十八街口,西屯區,大容東街/大墩十八街口,15,2,13,2026-08-21 15:12:04,24.15751,120.64833,1,"2,0",2026-08-21 15:18:14.887777
500606217,YouBike2.0_僑光科技大學,西屯區,福星北路194-1號,43,2,40,2026-08-21 15:08:03,24.18726,120.64393,1,"2,0",2026-08-21 15:18:14.887777
500606218,YouBike2.0_CBD時代廣場,西屯區,朝富路213號,12,8,4,2026-08-21 15:16:03,24.16265,120.63525,1,"8,0",2026-08-21 15:18:14.887777
500606219,YouBike2.0_逢甲大學體育館,西屯區,西安街279號(對側人行道),58,13,45,2026-08-21 15:17:04,24.18189,120.64869,1,"12,1",2026-08-21 15:18:14.887777
500606220,YouBike2.0_臺中綠美圖,西屯區,中科路/黎明路三段口,50,11,39,2026-08-21 15:12:04,24.19406,120.65419,1,"11,0",2026-08-21 15:18:14.887777
500606221,YouBike2.0_水堀頭黃昏市場,西屯區,福雅路/西屯路三段口(東北側),18,1,17,2026-08-21 15:04:04,24.187894,120.620564,1,"1,0",2026-08-21 15:18:14.887777
500606222,YouBike2.0_洛陽青海路口,西屯區,青海路二段41號(東南側),20,6,14,2026-08-21 15:17:04,24.1663,120.65055,1,"6,0",2026-08-21 15:18:14.887777
500606223,YouBike2.0_大聖大墩二十街口,西屯區,大聖街/大墩二十街口(西南側),11,3,8,2026-08-21 14:31:03,24.15915,120.6532,1,"3,0",2026-08-21 15:18:14.887777
500606224,YouBike2.0_臺灣大道二段777巷口,西屯區,臺灣大道二段/臺灣大道二段777巷口,17,2,15,2026-08-21 14:11:03,24.15996,120.65416,1,"2,0",2026-08-21 15:18:14.887777
500606226,YouBike2.0_逢甲福星路口(二),西屯區,逢甲路/福星路口(西南側),60,11,49,2026-08-21 15:14:04,24.17864,120.64464,1,"10,1",2026-08-21 15:18:14.887777
500606227,YouBike2.0_臺中流行影音中心,西屯區,經貿路一段299號,33,5,28,2026-08-21 14:26:03,24.18150,120.65804,1,"5,0",2026-08-21 15:18:14.887777
500606228,YouBike2.0_水湳轉運中心(經貿路),西屯區,經貿路二段/經貿九路口,50,1,49,2026-08-21 14:58:02,24.19646,120.65449,1,"1,0",2026-08-21 15:18:14.887777
500606230,YouBike2.0_臺灣大道太原路口,西屯區,臺灣大道二段622號,21,5,16,2026-08-21 14:49:05,24.15859,120.65734,1,"4,1",2026-08-21 15:18:14.887777
500606231,YouBike2.0_永安國小(福祥街),西屯區,福祥街/西屯路三段口,18,7,11,2026-08-21 14:59:03,24.18515,120.62383,1,"7,0",2026-08-21 15:18:14.887777
500606232,YouBike2.0_臺灣大道黎明路口,西屯區,臺灣大道三段/黎明路三段口,27,13,14,2026-08-21 15:09:04,24.17085,120.63687,1,"13,0",2026-08-21 15:18:14.887777
500606233,YouBike2.0_福上新城,西屯區,莒光三巷/福上巷口(南側),19,3,16,2026-08-21 14:53:02,24.17539,120.66029,1,"2,1",2026-08-21 15:18:14.887777
500606235,YouBike2.0_水湳轉運中心(中科路),西屯區,中科路/經貿九路口,50,5,44,2026-08-21 14:41:03,24.19600,120.65327,1,"5,0",2026-08-21 15:18:14.887777
500607001,YouBike2.0_捷運水安宮站,南屯區,文心路一段/水安街口(北側),37,37,0,2026-08-21 15:17:18,24.15324,120.64652,1,"37,0",2026-08-21 15:18:14.887777
500607002,YouBike2.0_楓安公園,南屯區,楓和路/永春東二路(東南側),15,6,9,2026-08-21 14:08:03,24.11755,120.63062,1,"6,0",2026-08-21 15:18:14.887777
500607003,YouBike2.0_公益黎明路口(西南側),南屯區,公益路二段/黎明路二段口(西南側),19,3,16,2026-08-21 15:12:03,24.15108,120.63510,1,"3,0",2026-08-21 15:18:14.887777
500607004,YouBike2.0_公益永春東七路口(東南側),南屯區,公益路二段/永春東七路口(東南側),15,0,15,2026-08-21 14:55:18,24.15092,120.63357,1,"0,0",2026-08-21 15:18:14.887777
500607005,YouBike2.0_公益河南路口(東南側),南屯區,公益路二段497號前,18,5,13,2026-08-21 15:17:04,24.15133,120.63752,1,"5,0",2026-08-21 15:18:14.887777
500607006,YouBike2.0_惠智公園,南屯區,大墩十一街510巷2號(對側人行道),17,6,11,2026-08-21 15:01:03,24.14919,120.63918,1,"6,0",2026-08-21 15:18:14.887777
500607007,YouBike2.0_公益大進街口(東北側),南屯區,公益路二段42號(旁人行道),14,2,12,2026-08-21 15:15:03,24.15102,120.65150,1,"2,0",2026-08-21 15:18:14.887777
500607008,YouBike2.0_文心公益路口(東南側),南屯區,文心路一段430號,24,0,24,2026-08-21 15:12:17,24.15068,120.64692,1,"0,0",2026-08-21 15:18:14.887777
500607009,YouBike2.0_黎明大業路口,南屯區,黎明路二段497號,19,6,13,2026-08-21 15:08:02,24.15357,120.63477,1,"6,0",2026-08-21 15:18:14.887777
500607010,YouBike2.0_文心南文心南七路口(西南側),南屯區,文心南路/文心南七路口(西南側),22,15,7,2026-08-21 15:17:04,24.12946,120.64628,1,"15,0",2026-08-21 15:18:14.887777
500607011,YouBike2.0_豐樂雕塑公園(永春東一路),南屯區,永春東一路/豐功路口(東南側),20,5,15,2026-08-21 15:16:03,24.13071,120.64140,1,"5,0",2026-08-21 15:18:14.887777
500607012,YouBike2.0_大進公園,南屯區,東興路二段81號,30,2,28,2026-08-21 15:17:04,24.13885,120.65283,1,"2,0",2026-08-21 15:18:14.887777
500607013,YouBike2.0_正心兒童公園(大墩南路),南屯區,大墩南路/文心南二路(東南側),25,6,18,2026-08-21 15:14:04,24.13578,120.65008,1,"6,0",2026-08-21 15:18:14.887777
500607014,YouBike2.0_捷運南屯站,南屯區,五權西路二段328號,20,0,0,2026-07-12 00:01:03,24.14017,120.64704,0,"0,0",2026-08-21 15:18:14.887777
500607015,YouBike2.0_南屯國民運動中心,南屯區,黎明路一段998號,13,7,6,2026-08-21 15:17:04,24.13798,120.63752,1,"6,1",2026-08-21 15:18:14.887777
500607016,YouBike2.0_文心森林公園(文心路),南屯區,文心路一段/向上路二段口(西南側),71,18,53,2026-08-21 15:15:03,24.14664,120.64651,1,"18,0",2026-08-21 15:18:14.887777
500607017,YouBike2.0_惠義公園,南屯區,大墩十二街361號,14,3,11,2026-08-21 15:15:03,24.1498,120.64541,1,"3,0",2026-08-21 15:18:14.887777
500607018,YouBike2.0_惠文高中(公益路),南屯區,公益路二段/惠中路三段口(西北側),32,4,28,2026-08-21 15:16:03,24.15138,120.64039,1,"4,0",2026-08-21 15:18:14.887777
500607019,YouBike2.0_惠文高中(大業路),南屯區,大業路/惠中路二段(西南側),65,2,63,2026-08-21 15:07:05,24.15364,120.63993,1,"2,0",2026-08-21 15:18:14.887777
500607020,YouBike2.0_南苑公園(文心南五路),南屯區,文心南五路一段283號(對側人行道),66,9,56,2026-08-21 15:16:03,24.13211,120.64761,1,"9,0",2026-08-21 15:18:14.887777
500607021,YouBike2.0_文心森林公園(惠文路),南屯區,惠文路361號對側,25,16,9,2026-08-21 15:16:03,24.14429,120.64329,1,"16,0",2026-08-21 15:18:14.887777
500607022,YouBike2.0_豐富公園(東興三民西路口),南屯區,東興路一段/三民西路口(東北側),15,10,5,2026-08-21 13:54:02,24.12898,120.65335,1,"10,0",2026-08-21 15:18:14.887777
500607023,YouBike2.0_萬和國中(文心南三路),南屯區,文心南三路843號(對側人行道),34,5,29,2026-08-21 14:48:03,24.1336,120.6397,1,"5,0",2026-08-21 15:18:14.887777
500607024,YouBike2.0_豐樂雕塑公園(向心南路),南屯區,向心南路/文心南五路一段口(西南側),44,7,37,2026-08-21 15:17:04,24.13189,120.64384,1,"7,0",2026-08-21 15:18:14.887777
500607025,YouBike2.0_向心南文心南七路口,南屯區,向心南路/文心南七路口(西南側),15,9,6,2026-08-21 15:10:05,24.12939,120.64389,1,"8,1",2026-08-21 15:18:14.887777
500607026,YouBike2.0_文心南九向心南路口,南屯區,文心南九路/向心南路口(兩側人行道),13,6,7,2026-08-21 14:26:03,24.12784,120.64366,1,"6,0",2026-08-21 15:18:14.887777
500607027,YouBike2.0_文心南六文心南六路171巷口,南屯區,文心南六路/文心南六路171巷口(西北側),32,7,24,2026-08-21 15:04:03,24.1308,120.64913,1,"7,0",2026-08-21 15:18:14.887777
500607028,YouBike2.0_文心南五大墩南路口(西南側),南屯區,文心南五路/大墩南路口(西南側),14,2,12,2026-08-21 15:17:18,24.13191,120.64967,1,"2,0",2026-08-21 15:18:14.887777
500607029,YouBike2.0_永春國小(永春東路360巷),南屯區,永春東路/永春東路360巷口(東北側),10,6,4,2026-08-21 15:12:03,24.13488,120.64733,1,"5,1",2026-08-21 15:18:14.887777
500607030,YouBike2.0_臺中特殊教育學校,南屯區,大觀路/公益路二段口(西南側),50,10,40,2026-08-21 14:59:03,24.15139,120.6426,1,"10,0",2026-08-21 15:18:14.887777
500607031,YouBike2.0_鎮平公園(楓樹西街366巷),南屯區,楓樹西街366巷/黎明路一段口(東側人行道),22,3,19,2026-08-21 14:42:02,24.12057,120.62915,1,"3,0",2026-08-21 15:18:14.887777
500607032,YouBike2.0_南屯公園(大墩七街),南屯區,大墩七街/惠中路三段口(西南側),55,5,50,2026-08-21 15:12:03,24.1442369,120.6401852,1,"5,0",2026-08-21 15:18:14.887777
500607033,YouBike2.0_旌旗教會,南屯區,文心南五路三段160號,16,3,13,2026-08-21 13:25:03,24.1442996,120.6309,1,"3,0",2026-08-21 15:18:14.887777
500607034,YouBike2.0_佛教正德醫院,南屯區,文心南五路三段100號,15,3,12,2026-08-21 15:09:04,24.1429027,120.6308554,1,"3,0",2026-08-21 15:18:14.887777
500607035,YouBike2.0_三塊厝公有停車場,南屯區,大墩十一街/江和街口(西南側),15,9,6,2026-08-21 14:35:02,24.148109,120.632465,1,"9,0",2026-08-21 15:18:14.887777
500607036,YouBike2.0_黎明公園,南屯區,懷德街/干城街口(西南側),18,4,14,2026-08-21 15:16:03,24.15529,120.629923,1,"4,0",2026-08-21 15:18:14.887777
500607037,YouBike2.0_兒三公園,南屯區,大同十街/大同九街口(西北側),8,3,5,2026-08-21 15:13:02,24.112997,120.627915,1,"3,0",2026-08-21 15:18:14.887777
500607038,YouBike2.0_鄰公七公園,南屯區,大同九街/大同十街口(東南側),10,4,6,2026-08-21 14:10:02,24.112579,120.628574,1,"4,0",2026-08-21 15:18:14.887777
500607039,YouBike2.0_楓香公園(楓樹南街),南屯區,楓樹南街243號(對側人行道),26,4,22,2026-08-21 15:16:03,24.11569,120.6289,1,"4,0",2026-08-21 15:18:14.887777
500607040,YouBike2.0_文昌兒童公園,南屯區,文昌街/文昌街225巷口(東南側),17,6,9,2026-08-21 15:16:03,24.138501,120.63583,1,"6,0",2026-08-21 15:18:14.887777
500607041,YouBike2.0_田心公園,南屯區,惠弘街/惠德街口(西南側),17,2,15,2026-08-21 14:50:04,24.139972,120.642972,1,"2,0",2026-08-21 15:18:14.887777
500607043,YouBike2.0_文心森林公園(惠文向上路口),南屯區,惠文路/向上路二段口(東南側),20,8,12,2026-08-21 15:16:03,24.14675,120.643847,1,"8,0",2026-08-21 15:18:14.887777
500607044,YouBike2.0_豐功停車場,南屯區,文心南三路/向心南路口(東北側),12,2,10,2026-08-21 14:56:02,24.133454,120.644307,1,"2,0",2026-08-21 15:18:14.887777
500607045,YouBike2.0_黎明國中,南屯區,黎明路二段658號前,50,9,41,2026-08-21 15:13:02,24.15649,120.63439,1,"8,1",2026-08-21 15:18:14.887777
500607046,YouBike2.0_向心兒童公園,南屯區,文心南二路/向心南路口(東南側),46,6,40,2026-08-21 15:01:03,24.13593,120.64462,1,"6,0",2026-08-21 15:18:14.887777
500607047,YouBike2.0_大興公園,南屯區,南屯路二段/精誠南路口(西南側),32,1,31,2026-08-21 15:01:20,24.13526,120.65436,1,"1,0",2026-08-21 15:18:14.887777
500607048,YouBike2.0_五權西文心路口,南屯區,五權西路二段/文心路一段路口(東南側),42,13,29,2026-08-21 15:15:03,24.13993,120.64688,1,"13,0",2026-08-21 15:18:14.887777
500607049,YouBike2.0_大業公園,南屯區,大業路/大進街口(西北側),38,6,32,2026-08-21 15:16:03,24.15369,120.65128,1,"6,0",2026-08-21 15:18:14.887777
500607050,YouBike2.0_公益大英街口,南屯區,公益路二段131號前,34,2,32,2026-08-21 15:09:04,24.15081,120.64848,1,"2,0",2026-08-21 15:18:14.887777
500607051,YouBike2.0_公益惠文路口,南屯區,公益路二段/惠文路口(東南側),15,2,13,2026-08-21 14:43:02,24.150873,120.644278,1,"2,0",2026-08-21 15:18:14.887777
500607052,YouBike2.0_禮惠公園(大墩六街),南屯區,大墩六街/大墩六街350巷口(西南側),14,6,8,2026-08-21 14:59:03,24.14282,120.644419,1,"6,0",2026-08-21 15:18:14.887777
500607053,YouBike2.0_豐富公園,南屯區,東興路一段/文心南五路一段口(東南側),19,6,13,2026-08-21 15:15:03,24.13166,120.65325,1,"6,0",2026-08-21 15:18:14.887777
500607054,YouBike2.0_萬和宮,南屯區,萬和路一段/文昌街口(西側),40,3,37,2026-08-21 15:02:02,24.1377,120.639,1,"3,0",2026-08-21 15:18:14.887777
500607055,YouBike2.0_黎光公園,南屯區,干城街/懷德街口(南側),34,1,33,2026-08-21 15:17:04,24.15187,120.63052,1,"1,0",2026-08-21 15:18:14.887777
500607056,YouBike2.0_保安公園,南屯區,文山五街/保安五街口（西北側）,48,5,42,2026-08-21 14:50:04,24.14725,120.6122,1,"5,0",2026-08-21 15:18:14.887777
500607057,YouBike2.0_春社公園,南屯區,永春路/嶺東路80巷口(東南側),36,8,28,2026-08-21 14:34:03,24.14051,120.61049,1,"8,0",2026-08-21 15:18:14.887777
500607058,YouBike2.0_南屯區公所,南屯區,永春東路679號前,32,7,25,2026-08-21 14:55:03,24.13467,120.64454,1,"7,0",2026-08-21 15:18:14.887777
500607059,YouBike2.0_犁頭店公園,南屯區,惠中路三段/大墩四街口(西南側),40,9,31,2026-08-21 15:13:02,24.14234,120.64057,1,"9,0",2026-08-21 15:18:14.887777
500607060,YouBike2.0_春安國小,南屯區,春安路/春安一街口(西北側),10,4,6,2026-08-21 13:44:03,24.13454,120.60872,1,"4,0",2026-08-21 15:18:14.887777
500607061,YouBike2.0_水安公園,南屯區,文心路一段/大業路口(西北側),50,18,32,2026-08-21 15:17:04,24.15393,120.64658,1,"18,0",2026-08-21 15:18:14.887777
500607062,YouBike2.0_南屯親子館/環保局環境檢驗科,南屯區,南屯路二段409號前,19,5,14,2026-08-21 15:14:04,24.13832,120.64284,1,"4,1",2026-08-21 15:18:14.887777
500607063,YouBike2.0_南屯區福德公園,南屯區,干城街/干城街202巷口(西南側),13,6,7,2026-08-21 15:09:04,24.152823,120.628839,1,"6,0",2026-08-21 15:18:14.887777
500607064,YouBike2.0_李科永紀念圖書館,南屯區,龍富路五段1號前,15,12,3,2026-08-21 15:06:02,24.151886,120.626384,1,"12,0",2026-08-21 15:18:14.887777
500607065,YouBike2.0_新富小公園,南屯區,新富路/龍富十五路口(西北側),15,1,14,2026-08-21 14:05:04,24.143118,120.624913,1,"1,0",2026-08-21 15:18:14.887777
500607066,YouBike2.0_臺中市環保局南屯清潔隊,南屯區,東興路一段/永春東路口(東南側),22,8,14,2026-08-21 15:05:03,24.134676,120.653126,1,"8,0",2026-08-21 15:18:14.887777
500607067,YouBike2.0_精密園區勞工聯合服務中心,南屯區,精科路26號前,15,12,3,2026-08-21 15:15:03,24.14768,120.60624,1,"12,0",2026-08-21 15:18:14.887777
500607068,YouBike2.0_精科公園(文山路),南屯區,文山路/保安八街口(北側),15,6,9,2026-08-21 14:28:02,24.14511,120.60833,1,"6,0",2026-08-21 15:18:14.887777
500607069,YouBike2.0_精科公園(文山三街),南屯區,文山三街/保安八街口(南側),15,11,4,2026-08-21 15:08:02,24.1463,120.60873,1,"11,0",2026-08-21 15:18:14.887777
500607070,YouBike2.0_文山公園,南屯區,文山九街78號(對側人行道),20,4,16,2026-08-21 15:14:04,24.15024,120.61408,1,"4,0",2026-08-21 15:18:14.887777
500607071,YouBike2.0_嶺東科技大學(春安校區),南屯區,嶺東路1號,33,16,17,2026-08-21 15:12:03,24.13821,120.6095,1,"16,0",2026-08-21 15:18:14.887777
500607072,YouBike2.0_嶺東科技大學(寶文校區),南屯區,中台路7號旁停車場內,30,27,3,2026-08-21 15:04:03,24.13564,120.60254,1,"26,1",2026-08-21 15:18:14.887777
500607073,YouBike2.0_精科五精科南路口,南屯區,精科五路/精科南路口,10,8,2,2026-08-21 13:33:03,24.14768,120.59485,1,"8,0",2026-08-21 15:18:14.887777
500607074,YouBike2.0_春安停車場,南屯區,春安三街/春安二街口(東北側),14,5,9,2026-08-21 15:08:02,24.13575,120.60751,1,"5,0",2026-08-21 15:18:14.887777
500607075,YouBike2.0_精科精科中路口,南屯區,精科路/精科中路口(西側),14,11,2,2026-08-21 14:03:03,24.14311,120.60079,1,"11,0",2026-08-21 15:18:14.887777
500607076,YouBike2.0_下牛埔仔公園,南屯區,南光路91巷/黎明路一段37巷口(西南側),15,2,13,2026-08-21 14:57:02,24.113641,120.622589,1,"2,0",2026-08-21 15:18:14.887777
500607077,YouBike2.0_壹善堂(旁公園),南屯區,忠勇路/忠勇路65巷口(南側),18,4,14,2026-08-21 15:09:04,24.14489,120.61471,1,"4,0",2026-08-21 15:18:14.887777
500607078,YouBike2.0_向上益豐路(東北側),南屯區,向上路三段/益豐路四段口(東北側),16,2,14,2026-08-21 14:12:04,24.1451,120.6286,1,"2,0",2026-08-21 15:18:14.887777
500607079,YouBike2.0_向上五權西路口,南屯區,五權西路二段/向上路三段口(西側),15,4,11,2026-08-21 15:02:02,24.145639,120.632052,1,"4,0",2026-08-21 15:18:14.887777
500607080,YouBike2.0_大墩十一大通街口,南屯區,大墩十一街/大通街口(東南側),14,7,7,2026-08-21 14:59:03,24.148685,120.641758,1,"7,0",2026-08-21 15:18:14.887777
500607081,YouBike2.0_文心森林公園(大墩七街),南屯區,大墩七街/文心路一段口(西北側),34,15,19,2026-08-21 15:17:04,24.143863,120.646447,1,"15,0",2026-08-21 15:18:14.887777
500607082,YouBike2.0_彩虹眷村,南屯區,春社西巷28號(對側停車場),17,9,8,2026-08-21 15:15:03,24.134417,120.610244,1,"9,0",2026-08-21 15:18:14.887777
500607083,YouBike2.0_臺中精密園區標準廠房,南屯區,精科南路/精科南一街口(西南側),12,10,2,2026-08-21 14:52:03,24.148632,120.587854,1,"10,0",2026-08-21 15:18:14.887777
500607084,YouBike2.0_三采公園,南屯區,永春東七路/大墩十二街口(東北側),11,0,11,2026-08-21 15:00:23,24.149881,120.633477,1,"0,0",2026-08-21 15:18:14.887777
500607085,YouBike2.0_南苑公園(文心南三路),南屯區,文心南三路/豐富路299巷口(西南側),15,2,13,2026-08-21 15:12:03,24.133297,120.647208,1,"2,0",2026-08-21 15:18:14.887777
500607086,YouBike2.0_益文二街永春路口,南屯區,益文二街/永春路口(西南側),10,4,6,2026-08-21 14:45:03,24.141176,120.632216,1,"4,0",2026-08-21 15:18:14.887777
500607087,YouBike2.0_大墩十二街公有停車場,南屯區,大墩十二街/益豐西街口(東南側),20,9,11,2026-08-21 14:46:03,24.14949,120.62763,1,"9,0",2026-08-21 15:18:14.887777
500607090,YouBike2.0_懷德街籃球場,南屯區,懷德街/干城街116巷3弄口(東北側),15,7,8,2026-08-21 14:10:02,24.15662,120.63013,1,"7,0",2026-08-21 15:18:14.887777
500607091,YouBike2.0_博愛街大業路口(西南側),南屯區,博愛街/大業路口(西南側),20,4,16,2026-08-21 15:13:02,24.15331,120.63184,1,"4,0",2026-08-21 15:18:14.887777
500607092,YouBike2.0_干城街115巷3弄口,南屯區,博愛街/干城街115巷3弄口,20,10,10,2026-08-21 15:16:03,24.15466,120.63157,1,"10,0",2026-08-21 15:18:14.887777
500607093,YouBike2.0_新富二街公園,南屯區,新富二街63號(東南側),11,5,6,2026-08-21 13:16:03,24.13744,120.62686,1,"5,0",2026-08-21 15:18:14.887777
500607094,YouBike2.0_豐富公園(精誠南文心南五路口),南屯區,精誠南路/文心南五路口(西南側),15,5,10,2026-08-21 14:59:03,24.1319,120.6545,1,"5,0",2026-08-21 15:18:14.887777
500607095,YouBike2.0_文心南九永春東一路口,南屯區,文心南九路/永春東一路口(東南側),15,2,13,2026-08-21 14:45:03,24.12823,120.64139,1,"2,0",2026-08-21 15:18:14.887777
500607096,YouBike2.0_黎新公園(龍富二十路),南屯區,龍富二十路/龍德路二段口(東南側),12,4,8,2026-08-21 14:23:03,24.15443,120.62544,1,"4,0",2026-08-21 15:18:14.887777
500607097,YouBike2.0_筏子溪門戶迎賓水岸廊道(南端),南屯區,筏子東街一段59號(西南端),14,4,10,2026-08-21 15:13:02,24.12364,120.61912,1,"4,0",2026-08-21 15:18:14.887777
500607098,YouBike2.0_向上環中路口(東北側),南屯區,向上路三段/環中路四段口(東北側),13,7,6,2026-08-21 14:20:05,24.14524,120.62375,1,"7,0",2026-08-21 15:18:14.887777
500607099,YouBike2.0_龍富十七文心南五路口,南屯區,文心南五路三段239號(對側),12,4,8,2026-08-21 14:58:02,24.14563,120.63066,1,"4,0",2026-08-21 15:18:14.887777
500607100,YouBike2.0_五權西文心南五路口,南屯區,五權西路二段/文心南五路三段口,11,1,10,2026-08-20 20:50:03,24.14637,120.63093,1,"1,0",2026-08-21 15:18:14.887777
500607102,YouBike2.0_永春新富路口(南側),南屯區,永春路/新富路口(南側),11,3,8,2026-08-21 13:46:02,24.14059,120.62495,1,"3,0",2026-08-21 15:18:14.887777
500607103,YouBike2.0_臺中魚市場,南屯區,環中路四段2號前,27,6,21,2026-08-21 15:06:03,24.14817,120.62301,1,"6,0",2026-08-21 15:18:14.887777
500607104,YouBike2.0_寶山里活動中心(西側),南屯區,忠勇路127-20號(西北側),26,5,21,2026-08-21 13:23:04,24.156012,120.616874,1,"5,0",2026-08-21 15:18:14.887777
500607105,YouBike2.0_永春東三永順路口,南屯區,永春東三路/永順路口(南側),15,1,14,2026-08-21 10:09:04,24.13021,120.63704,1,"1,0",2026-08-21 15:18:14.887777
500607107,YouBike2.0_高鐵新市鎮生態公園(龍富九路),南屯區,龍富九路/龍富路三段口(東南側),14,5,9,2026-08-21 10:21:03,24.134995,120.626869,1,"5,0",2026-08-21 15:18:14.887777
500607108,YouBike2.0_高鐵新市鎮生態公園(龍富七路),南屯區,龍富七路/龍富路三段口(東北側),15,6,9,2026-08-21 12:46:03,24.1323,120.62885,1,"6,0",2026-08-21 15:18:14.887777
500607109,YouBike2.0_五權西南屯路二段870巷口(西南側),南屯區,五權西路二段/南屯路二段870巷口(西南側),14,6,8,2026-08-21 15:06:03,24.14337,120.63539,1,"5,1",2026-08-21 15:18:14.887777
500607110,YouBike2.0_五權西三厝街口(西北側),南屯區,五權西路二段/三厝街口(西北側),11,3,8,2026-08-21 15:17:04,24.14349,120.63565,1,"3,0",2026-08-21 15:18:14.887777
500607111,YouBike2.0_五權西南屯路二段870巷口(東南側),南屯區,五權西路二段/南屯路二段870巷口(東南側),11,0,11,2026-08-21 12:48:18,24.1429,120.63607,1,"0,0",2026-08-21 15:18:14.887777
500607112,YouBike2.0_黎新公園(龍富路),南屯區,龍富路五段25號(前),15,9,6,2026-08-21 15:06:03,24.15302,120.6268,1,"9,0",2026-08-21 15:18:14.887777
500607113,YouBike2.0_三義兒童公園,南屯區,河南路四段150-2號,14,1,13,2026-08-21 15:17:18,24.1567,120.63594,1,"1,0",2026-08-21 15:18:14.887777
500607115,YouBike2.0_大墩路大墩十一街口(西北側),南屯區,大墩路531號、大墩路533號前人行道,16,9,7,2026-08-21 15:15:03,24.14895,120.64974,1,"9,0",2026-08-21 15:18:14.887777
500607116,YouBike2.0_筏子東街永春路口(西南側),南屯區,筏子東街一段/永春路口(西南側),15,4,11,2026-08-21 11:09:02,24.139598,120.620656,1,"4,0",2026-08-21 15:18:14.887777
500607117,YouBike2.0_環中路新民巷口,南屯區,環中路四段/新民巷口(西北側),13,5,8,2026-08-21 14:23:03,24.12956,120.6271,1,"5,0",2026-08-21 15:18:14.887777
500607118,YouBike2.0_環中永春東三路口,南屯區,環中路五段/永春東三路口(西北側),15,4,11,2026-08-21 13:46:03,24.12425,120.63252,1,"4,0",2026-08-21 15:18:14.887777
500607119,YouBike2.0_大進停車場,南屯區,大墩路/大墩五街(東北側)、大墩五街/大進西街(西北側),16,7,9,2026-08-21 15:15:03,24.1419,120.65004,1,"7,0",2026-08-21 15:18:14.887777
500607120,YouBike2.0_永春東二楓平路口,南屯區,永春東二路/楓平路口(西南側),15,5,10,2026-08-21 12:11:02,24.12109,120.63133,1,"5,0",2026-08-21 15:18:14.887777
500607121,YouBike2.0_黎明路三和街口(東南側),南屯區,黎明路二段68號前,13,5,8,2026-08-21 15:11:03,24.144268,120.637196,1,"5,0",2026-08-21 15:18:14.887777
500607122,YouBike2.0_惠中網球場,南屯區,大墩十街/大正街口(東南側),35,3,32,2026-08-21 13:31:05,24.147691,120.645817,1,"3,0",2026-08-21 15:18:14.887777
500607123,YouBike2.0_文心路大墩十一街口(東南側),南屯區,文心路一段/大墩十一街口(東南側),18,13,5,2026-08-21 15:09:04,24.14819,120.64688,1,"13,0",2026-08-21 15:18:14.887777
500607124,YouBike2.0_中和公園,南屯區,中和北一巷2弄17號,20,5,15,2026-08-21 14:18:03,24.11929,120.62734,1,"4,1",2026-08-21 15:18:14.887777
500607125,YouBike2.0_筏子溪門戶迎賓水岸廊道,南屯區,筏子東街一段/東西向快速公路下,15,3,12,2026-08-21 14:26:03,24.119832,120.619429,1,"3,0",2026-08-21 15:18:14.887777
500607126,YouBike2.0_向上五權西路口(北側),南屯區,向上路三段/五權西路二段口(北側),15,5,10,2026-08-21 15:03:03,24.14571,120.63261,1,"5,0",2026-08-21 15:18:14.887777
500607127,YouBike2.0_益豐龍富十五路口,南屯區,益豐路/龍富十五路(東南側),15,5,10,2026-08-21 13:58:04,24.142664,120.62855,1,"5,0",2026-08-21 15:18:14.887777
500607128,YouBike2.0_永順黎明路口,南屯區,永順路/黎明路一段口(西北側),32,6,26,2026-08-21 14:35:03,24.13174,120.63502,1,"6,0",2026-08-21 15:18:14.887777
500607129,YouBike2.0_環中三民西路口(東側),南屯區,環中路五段/三民西路二段口(東側),15,4,11,2026-08-21 14:28:02,24.11964,120.63798,1,"4,0",2026-08-21 15:18:14.887777
500607130,YouBike2.0_樂田公園,南屯區,龍富路二段/龍富三街口,15,4,11,2026-08-21 14:24:16,24.12076,120.6398,1,"3,1",2026-08-21 15:18:14.887777
500607131,YouBike2.0_南屯筏子溪堤頂,南屯區,筏子東街二段/五權西路口(西南側),15,7,8,2026-08-20 18:38:04,24.148979,120.621586,1,"7,0",2026-08-21 15:18:14.887777
500607133,YouBike2.0_寶山東二街忠勇路口,南屯區,寶山東二街/忠勇路口,20,3,17,2026-08-21 14:39:02,24.15265,120.61642,1,"3,0",2026-08-21 15:18:14.887777
500607134,YouBike2.0_永春東三楓樹西街336巷口,南屯區,永春東三路/楓樹西街336巷口,20,2,18,2026-08-21 13:07:02,24.11953,120.63116,1,"2,0",2026-08-21 15:18:14.887777
500607135,YouBike2.0_惠中向上路口,南屯區,惠中路三段/向上路二段口,30,4,26,2026-08-21 15:05:03,24.14651,120.64082,1,"4,0",2026-08-21 15:18:14.887777
500607136,YouBike2.0_文山停車場,南屯區,文山六街/嶺東路口(西南側),30,3,27,2026-08-21 14:59:03,24.14898,120.61171,1,"3,0",2026-08-21 15:18:14.887777
500608001,YouBike2.0_捷運舊社站,北屯區,松竹路一段/敦富路(西北側),25,8,17,2026-08-21 15:11:03,24.18246,120.70738,1,"7,1",2026-08-21 15:18:14.887777
500608002,YouBike2.0_捷運四維國小站,北屯區,文心路四段/ 天津路四段口(西南側),45,21,24,2026-08-21 15:17:04,24.17111,120.69300,1,"21,0",2026-08-21 15:18:14.887777
500608003,YouBike2.0_松榮平面停車場,北屯區,松竹路一段797號旁,15,2,13,2026-08-21 13:30:03,24.18218,120.71756,1,"2,0",2026-08-21 15:18:14.887777
500608004,YouBike2.0_捷運北屯總站,北屯區,敦富東街100號(北側人行道),42,24,18,2026-08-21 15:14:04,24.18912,120.70828,1,"23,1",2026-08-21 15:18:14.887777
500608005,YouBike2.0_景美公園(軍福十八路),北屯區,軍福十八路328號(對側人行道),45,0,45,2026-08-21 14:54:16,24.17816,120.71083,1,"0,0",2026-08-21 15:18:14.887777
500608006,YouBike2.0_北屯兒童公園棒球場,北屯區,文昌東十二街/北屯路291巷口(西南側),20,0,20,2026-07-12 00:01:03,24.16792,120.69507,0,"0,0",2026-08-21 15:18:14.887777
500608007,YouBike2.0_文心昌平路口,北屯區,文心路四段753號東側,21,8,13,2026-08-21 15:11:03,24.17167,120.69070,1,"7,1",2026-08-21 15:18:14.887777
500608009,YouBike2.0_文心崇德路口(西北側),北屯區,文心路四段603號前,12,3,9,2026-08-21 15:16:03,24.17231,120.68512,1,"3,0",2026-08-21 15:18:14.887777
500608010,YouBike2.0_水湳派出所,北屯區,中清路二段299號前,20,8,12,2026-08-21 15:17:04,24.17834,120.66837,1,"7,1",2026-08-21 15:18:14.887777
500608012,YouBike2.0_中國醫藥大學水湳校區,北屯區,大鵬路/信平路口(西北側),20,13,7,2026-08-21 14:48:03,24.17911,120.66178,1,"13,0",2026-08-21 15:18:14.887777
500608013,YouBike2.0_捷運文心崇德站,北屯區,文心路四段528號,20,0,20,2026-07-12 00:01:03,24.17173,120.68526,0,"0,0",2026-08-21 15:18:14.887777
500608014,YouBike2.0_捷運松竹站,北屯區,北屯路443號旁,55,25,30,2026-08-21 15:16:03,24.18109,120.70143,1,"19,6",2026-08-21 15:18:14.887777
500608015,YouBike2.0_清平公園,北屯區,四平路27號旁公園,16,4,12,2026-08-21 15:08:02,24.1780487,120.6701962,1,"4,0",2026-08-21 15:18:14.887777
500608016,YouBike2.0_天津停車場,北屯區,文昌東三街27號(對側人行道),15,4,11,2026-08-21 15:16:03,24.16989,120.68046,1,"4,0",2026-08-21 15:18:14.887777
500608017,YouBike2.0_太原車站,北屯區,東光路710號(對側人行道),98,28,70,2026-08-21 15:16:03,24.16529,120.70004,1,"28,0",2026-08-21 15:18:14.887777
500608018,YouBike2.0_松竹車站,北屯區,松竹路一段1473巷100號旁,80,32,47,2026-08-21 15:17:04,24.18004,120.70179,1,"32,0",2026-08-21 15:18:14.887777
500608019,YouBike2.0_籃球運動中心,北屯區,景賢路/景賢六路口,34,24,10,2026-08-21 15:04:03,24.16634,120.71188,1,"22,2",2026-08-21 15:18:14.887777
500608020,YouBike2.0_九甲公園,北屯區,遼寧路二段/松竹路二段160巷3弄口(西北側),21,0,21,2026-08-21 15:16:17,24.18433,120.69619,1,"0,0",2026-08-21 15:18:14.887777
500608021,YouBike2.0_文心山西路口(東北側),北屯區,文心路四段201號(旁人行道),13,6,7,2026-08-21 15:07:05,24.1735,120.67673,1,"6,0",2026-08-21 15:18:14.887777
500608022,YouBike2.0_仁愛公園,北屯區,平德路18巷33弄18號,30,26,4,2026-08-21 15:15:03,24.18162,120.6738,1,"26,0",2026-08-21 15:18:14.887777
500608023,YouBike2.0_陳平公園,北屯區,陳平路65巷4號(對側人行道),16,1,15,2026-08-21 14:24:03,24.18541,120.66741,1,"1,0",2026-08-21 15:18:14.887777
500608024,YouBike2.0_松勇公園,北屯區,松明街9巷12號,30,2,28,2026-08-21 15:02:02,24.18532,120.70163,1,"2,0",2026-08-21 15:18:14.887777
500608025,YouBike2.0_瀋陽公園,北屯區,瀋陽北路21號,29,3,9,2026-08-21 15:11:03,24.17654,120.6725,1,"3,0",2026-08-21 15:18:14.887777
500608026,YouBike2.0_旱溪西東山路一段146巷口,北屯區,東山路一段146-22號,17,3,14,2026-08-21 15:17:04,24.16903,120.70502,1,"2,1",2026-08-21 15:18:14.887777
500608027,YouBike2.0_民俗公園(大連路),北屯區,大連路二段215號(對側人行道),57,14,42,2026-08-21 15:17:04,24.17555,120.68799,1,"14,0",2026-08-21 15:18:14.887777
500608028,YouBike2.0_臺中地區農會北屯辦事處,北屯區,北屯路104號,13,4,9,2026-08-21 14:19:03,24.16367,120.69363,1,"3,1",2026-08-21 15:18:14.887777
500608029,YouBike2.0_南京東天祥街口,北屯區,南京東路/天祥街口(東北側),20,1,19,2026-08-21 14:58:02,24.16063,120.69911,1,"1,0",2026-08-21 15:18:14.887777
500608030,YouBike2.0_天祥停車場(天祥街13巷),北屯區,天祥街13巷/天祥街口(東北側),41,4,37,2026-08-21 15:07:05,24.16138,120.69467,1,"4,0",2026-08-21 15:18:14.887777
500608031,YouBike2.0_豐田公園(大連路),北屯區,大連路三段203號,45,19,26,2026-08-21 15:07:05,24.17424,120.69641,1,"19,0",2026-08-21 15:18:14.887777
500608032,YouBike2.0_松竹國小(崇德六路),北屯區,崇德六路一段207號(對側人行道),40,11,29,2026-08-21 15:17:04,24.18049,120.69022,1,"11,0",2026-08-21 15:18:14.887777
500608033,YouBike2.0_大買家北屯店,北屯區,北屯路370號,17,3,14,2026-08-21 14:49:04,24.17675,120.69984,1,"3,0",2026-08-21 15:18:14.887777
500608034,YouBike2.0_三光國中(三光北一街),北屯區,三光北一街100號(對側人行道),17,0,17,2026-08-21 15:03:19,24.16808,120.6984,1,"0,0",2026-08-21 15:18:14.887777
500608035,YouBike2.0_天闊民眾活動中心,北屯區,旱溪西路三段258巷/旱溪西路三段口(東北側),17,2,15,2026-08-21 15:10:05,24.17374,120.70745,1,"2,0",2026-08-21 15:18:14.887777
500608036,YouBike2.0_南興公園(南興東路),北屯區,南興東路/南興三路口(東北側),16,2,14,2026-08-21 14:41:03,24.1785,120.7059,1,"2,0",2026-08-21 15:18:14.887777
500608037,YouBike2.0_細廣兼停2停車場,北屯區,松竹路一段/南興園路口(西南側),15,9,6,2026-08-21 14:53:02,24.18208,120.70637,1,"9,0",2026-08-21 15:18:14.887777
500608038,YouBike2.0_軍功公園(松竹路),北屯區,松竹路一段/軍功路二段口(東南側),27,3,24,2026-08-21 13:32:03,24.18195,120.71978,1,"3,0",2026-08-21 15:18:14.887777
500608039,YouBike2.0_建功公園,北屯區,軍和街95巷91-3號旁公園,17,4,13,2026-08-21 14:58:02,24.17705,120.71742,1,"4,0",2026-08-21 15:18:14.887777
500608040,YouBike2.0_建功國小(軍和街),北屯區,軍和街43號,22,4,18,2026-08-21 15:07:05,24.17559,120.71567,1,"4,0",2026-08-21 15:18:14.887777
500608041,YouBike2.0_軍功國小(軍功路),北屯區,軍功路一段513號(對側人行道),38,14,24,2026-08-21 15:10:05,24.1732,120.71902,1,"12,2",2026-08-21 15:18:14.887777
500608042,YouBike2.0_松竹公園(崇德六路),北屯區,崇德六路/崇德五路146巷口(東南側),13,5,8,2026-08-21 14:48:03,24.18005,120.68758,1,"5,0",2026-08-21 15:18:14.887777
500608043,YouBike2.0_三分埔公園(崇德五路),北屯區,崇德五路/河北東街(西北側),39,3,34,2026-08-21 14:52:03,24.17921,120.68482,1,"3,0",2026-08-21 15:18:14.887777
500608044,YouBike2.0_臺中市極限運動場,北屯區,崇德八路一段/崇德路三段口(東南側),16,9,7,2026-08-21 15:12:03,24.18361,120.68643,1,"9,0",2026-08-21 15:18:14.887777
500608045,YouBike2.0_仁和公園(崇德九路),北屯區,崇德九路/崇德路三段口(東南側),21,3,18,2026-08-21 14:51:03,24.18684,120.68651,1,"3,0",2026-08-21 15:18:14.887777
500608046,YouBike2.0_仁和廣福公園,北屯區,四平路238巷388號(南側),14,6,8,2026-08-21 15:03:03,24.19033,120.68324,1,"6,0",2026-08-21 15:18:14.887777
500608047,YouBike2.0_仁美公園(崇德十二路),北屯區,崇德十二路431號(對側人行道),35,6,29,2026-08-21 14:43:02,24.19045,120.68567,1,"6,0",2026-08-21 15:18:14.887777
500608048,YouBike2.0_仁德停車場,北屯區,崇德十二路436號(對側人行道),17,8,9,2026-08-21 14:12:04,24.19043,120.68835,1,"7,1",2026-08-21 15:18:14.887777
500608049,YouBike2.0_823紀念公園(崇德九路),北屯區,崇德九路303號(對側人行道),12,7,5,2026-08-21 14:52:03,24.18691,120.68951,1,"7,0",2026-08-21 15:18:14.887777
500608050,YouBike2.0_文心崇德路口,北屯區,文心路四段/崇德路二段口(東南側),42,22,20,2026-08-21 15:16:03,24.17192,120.68567,1,"21,1",2026-08-21 15:18:14.887777
500608051,YouBike2.0_三甲公園(旱溪東路),北屯區,旱溪東路三段/景賢南一路口,45,12,33,2026-08-21 14:27:04,24.16629,120.70655,1,"12,0",2026-08-21 15:18:14.887777
500608052,YouBike2.0_新興國小(新興路7巷),北屯區,新興路20號(對側停車場),27,6,21,2026-08-21 14:48:03,24.19454,120.66211,1,"6,0",2026-08-21 15:18:14.887777
500608053,YouBike2.0_同順公園,北屯區,同榮路86號(對側人行道),13,8,5,2026-08-21 14:56:02,24.194,120.66082,1,"8,0",2026-08-21 15:18:14.887777
500608054,YouBike2.0_仁和公園(山西路),北屯區,山西路三段/崇德路三段口(東北側),18,2,16,2026-08-21 14:31:03,24.18557,120.68665,1,"1,1",2026-08-21 15:18:14.887777
500608056,YouBike2.0_四平公園,北屯區,后庄路1046巷/后庄路1068巷口(西北側),20,5,15,2026-08-21 14:46:03,24.19207,120.68019,1,"5,0",2026-08-21 15:18:14.887777
500608057,YouBike2.0_雷虎公園,北屯區,雷中街19巷34弄37號(對側公園),12,6,6,2026-08-21 14:58:02,24.18231,120.66735,1,"6,0",2026-08-21 15:18:14.887777
500608058,YouBike2.0_敦化公園(后庄七街),北屯區,后庄七街76號(對側人行道),40,5,35,2026-08-21 15:07:05,24.18865,120.66702,1,"5,0",2026-08-21 15:18:14.887777
500608059,YouBike2.0_中清經貿五路口,北屯區,中清路二段/經貿五路口(西南側),20,4,16,2026-08-21 15:01:03,24.191267,120.660662,1,"4,0",2026-08-21 15:18:14.887777
500608060,YouBike2.0_老樹公園(經貿一路),北屯區,經貿一路/順平路(西側),36,15,21,2026-08-21 14:36:02,24.182571,120.662381,1,"15,0",2026-08-21 15:18:14.887777
500608061,YouBike2.0_軍福公園(軍福十九路),北屯區,軍福十九路/松竹三路口(西南側),28,5,23,2026-08-21 15:01:03,24.18006,120.71534,1,"3,2",2026-08-21 15:18:14.887777
500608062,YouBike2.0_洲際棒球場(環中路),北屯區,環中路一段980號(對側人行道),45,6,39,2026-08-21 13:38:02,24.20077,120.68406,1,"6,0",2026-08-21 15:18:14.887777
500608063,YouBike2.0_洲際棒球場(崇德十九路),北屯區,崇德十九路/四平路口(東南側),35,6,29,2026-08-21 14:43:02,24.19795,120.68357,1,"6,0",2026-08-21 15:18:14.887777
500608064,YouBike2.0_崇德十四平路口,北屯區,崇德十路二段/四平路口(南側),15,6,9,2026-08-21 14:55:03,24.1888,120.68022,1,"6,0",2026-08-21 15:18:14.887777
500608065,YouBike2.0_后庄公園,北屯區,后庄三街 205 巷/庄美街(東南側),15,3,12,2026-08-21 14:50:04,24.19141,120.66219,1,"3,0",2026-08-21 15:18:14.887777
500608066,YouBike2.0_生態淨水體驗公園,北屯區,敦富路/南興北三路口(東側),13,3,10,2026-08-21 14:37:16,24.19735,120.70763,1,"3,0",2026-08-21 15:18:14.887777
500608067,YouBike2.0_綠空廊道(東山路),北屯區,東山路一段50之3號旁,15,0,15,2026-08-21 15:09:58,24.17002,120.70049,1,"0,0",2026-08-21 15:18:14.887777
500608068,YouBike2.0_大德公園,北屯區,平德路/平德路1巷口(西北側),24,4,20,2026-08-21 15:12:03,24.18161,120.67207,1,"3,1",2026-08-21 15:18:14.887777
500608069,YouBike2.0_蓬勃運動中心,北屯區,山西路二段/安順北一街口(西北側),30,5,25,2026-08-21 15:06:02,24.1764,120.67659,1,"5,0",2026-08-21 15:18:14.887777
500608070,YouBike2.0_北屯國小,北屯區,國校巷/北興街口(東北側),26,10,16,2026-08-21 15:17:04,24.16416,120.69081,1,"10,0",2026-08-21 15:18:14.887777
500608071,YouBike2.0_北屯兒童公園,北屯區,北平路四段/興安路一段口(東南側),30,16,14,2026-08-21 15:02:02,24.17018,120.69426,1,"16,0",2026-08-21 15:18:14.887777
500608072,YouBike2.0_北屯區文昌國小,北屯區,興安路一段/青島路四段口(東北側),30,6,24,2026-08-21 14:41:03,24.16712,120.69152,1,"5,1",2026-08-21 15:18:14.887777
500608073,YouBike2.0_三光太原路口,北屯區,三光巷/太原路三段口(東南側),28,10,18,2026-08-21 15:12:03,24.16474,120.6967,1,"10,0",2026-08-21 15:18:14.887777
500608074,YouBike2.0_東光國小,北屯區,東山路一段91巷/東山路一段123巷31弄口(西北側),24,0,23,2026-08-21 14:38:42,24.17178,120.70236,1,"0,0",2026-08-21 15:18:14.887777
500608075,YouBike2.0_北屯區公所,北屯區,崇德路三段10號,28,3,25,2026-08-21 15:15:03,24.18299,120.68631,1,"3,0",2026-08-21 15:18:14.887777
500608076,YouBike2.0_四張犁農村公園,北屯區,四平路/豐樂路二段口(北側),30,1,29,2026-08-21 14:10:02,24.19446,120.68216,1,"1,0",2026-08-21 15:18:14.887777
500608077,YouBike2.0_四張犁圖書館,北屯區,豐樂路二段/豐樂一街口(西北側),30,4,25,2026-08-21 14:50:04,24.1947,120.68049,1,"4,0",2026-08-21 15:18:14.887777
500608078,YouBike2.0_新都生態公園,北屯區,軍福十五路20號(對側人行道),28,2,26,2026-08-21 10:21:03,24.1738,120.73008,1,"2,0",2026-08-21 15:18:14.887777
500608079,YouBike2.0_舊社公園,北屯區,松竹路二段/北屯路口(西側),39,2,37,2026-08-21 14:37:02,24.18206,120.7014,1,"2,0",2026-08-21 15:18:14.887777
500608080,YouBike2.0_太原停車場,北屯區,太原路三段/建和路一段路口(西側),28,10,18,2026-08-21 15:12:03,24.16264,120.72146,1,"10,0",2026-08-21 15:18:14.887777
500608081,YouBike2.0_和福公園,北屯區,軍福十路/和福路口(西北側),30,1,29,2026-08-21 15:10:05,24.17032,120.72337,1,"0,1",2026-08-21 15:18:14.887777
500608082,YouBike2.0_經補庫停車場,北屯區,東山路一段381-42號對面,28,3,25,2026-08-21 14:15:04,24.176861,120.732743,1,"3,0",2026-08-21 15:18:14.887777
500608083,YouBike2.0_一德公園,北屯區,昌平路一段21巷/昌平路一段21巷4弄口(西南側),14,2,12,2026-08-21 15:17:04,24.166088,120.693634,1,"2,0",2026-08-21 15:18:14.887777
500608084,YouBike2.0_永和巷公園,北屯區,山西路二段/永和巷口(西北側),17,1,16,2026-08-21 14:45:03,24.177555,120.676693,1,"1,0",2026-08-21 15:18:14.887777
500608085,YouBike2.0_水湳生態公園,北屯區,安順東二街/崇德二路二段口(西北側),10,1,9,2026-08-21 15:11:03,24.1788662,120.6791003,1,"1,0",2026-08-21 15:18:14.887777
500608086,YouBike2.0_仁和福德公園,北屯區,榮德路/仁平街口(東南側),11,2,9,2026-08-21 14:06:02,24.182242,120.678732,1,"2,0",2026-08-21 15:18:14.887777
500608087,YouBike2.0_和順公園,北屯區,軍和街/和順路458巷口(西北側),13,3,10,2026-08-21 15:10:05,24.177865,120.723157,1,"2,1",2026-08-21 15:18:14.887777
500608088,YouBike2.0_文心國小,北屯區,綏遠路二段/文心路四段口(東南側),34,9,25,2026-08-21 15:06:02,24.1732,120.68178,1,"9,0",2026-08-21 15:18:14.887777
500608089,YouBike2.0_廍興公園,北屯區,樹孝路/太順路口(西北側),28,4,24,2026-08-21 14:27:04,24.15934,120.72069,1,"4,0",2026-08-21 15:18:14.887777
500608090,YouBike2.0_823紀念公園,北屯區,崇德九路/昌平東二路口(東北側),36,1,35,2026-08-21 15:06:17,24.18695,120.68786,1,"1,0",2026-08-21 15:18:14.887777
500608091,YouBike2.0_祥和公園,北屯區,軍福七路/建和路一段口(西南側),28,0,28,2026-08-21 15:03:19,24.16547,120.72322,1,"0,0",2026-08-21 15:18:14.887777
500608092,YouBike2.0_北新國中,北屯區,遼寧路一段/僑孝街110巷口(東北側),30,4,26,2026-08-21 15:11:03,24.17888,120.69668,1,"4,0",2026-08-21 15:18:14.887777
500608093,YouBike2.0_潮春公園,北屯區,崇德十六路/環美路口(南側),16,1,15,2026-08-21 15:16:03,24.19486,120.6883,1,"1,0",2026-08-21 15:18:14.887777
500608094,YouBike2.0_陸光公園,北屯區,豐樂路三巷/豐樂路口(東北側),15,2,13,2026-08-21 14:56:02,24.19379,120.68376,1,"2,0",2026-08-21 15:18:14.887777
500608095,YouBike2.0_中臺科技大學(東北側),北屯區,廍子路666號前,20,4,15,2026-08-21 12:35:03,24.17539,120.73614,1,"4,0",2026-08-21 15:18:14.887777
500608096,YouBike2.0_太原六號橋,北屯區,太原路三段/祥順東路一段口(西北側),20,8,12,2026-08-21 14:46:03,24.16108,120.72849,1,"8,0",2026-08-21 15:18:14.887777
500608097,YouBike2.0_昌盛公園,北屯區,太和三街/太和路二段口(東南側),18,0,18,2026-08-21 14:33:18,24.16399,120.72538,1,"0,0",2026-08-21 15:18:14.887777
500608098,YouBike2.0_廍子公園,北屯區,景賢路/太祥路口(東北側),20,1,19,2026-08-21 14:28:02,24.16678,120.73107,1,"1,0",2026-08-21 15:18:14.887777
500608099,YouBike2.0_明道普霖斯頓小學,北屯區,崇德二路二段/河北東街口(西南側),10,4,6,2026-08-21 14:47:04,24.177502,120.684839,1,"3,1",2026-08-21 15:18:14.887777
500608100,YouBike2.0_南興敦富七街口,北屯區,南興路/敦富七街口(東北側),20,4,16,2026-08-21 14:56:02,24.18937,120.70524,1,"2,2",2026-08-21 15:18:14.887777
500608101,YouBike2.0_綠空廊道(北屯路471巷),北屯區,北屯路471巷/北屯路口(東北側),15,1,14,2026-08-21 14:34:17,24.18452,120.70253,1,"1,0",2026-08-21 15:18:14.887777
500608102,YouBike2.0_綠空廊道(三光北一街),北屯區,南京東路三段/三光北一街口(東北側),38,0,38,2026-08-21 15:13:16,24.16761,120.70001,1,"0,0",2026-08-21 15:18:14.887777
500608103,YouBike2.0_中臺科技大學(西南側),北屯區,廍子路435號旁,16,2,14,2026-08-21 13:51:02,24.17469,120.73512,1,"2,0",2026-08-21 15:18:14.887777
500608104,YouBike2.0_環中東東山路口,北屯區,環中東路二段/東山路一段口(東南側),12,6,6,2026-08-21 14:31:03,24.1757,120.72107,1,"6,0",2026-08-21 15:18:14.887777
500608105,YouBike2.0_和祥公園,北屯區,祥順路二段/軍福九路口(西北側),15,4,11,2026-08-21 15:13:16,24.16984,120.72744,1,"4,0",2026-08-21 15:18:14.887777
500608106,YouBike2.0_臺中市網球中心,北屯區,祥順二路/太祥路口(西北側),15,2,13,2026-08-21 10:01:03,24.16453,120.73003,1,"2,0",2026-08-21 15:18:14.887777
500608107,YouBike2.0_景福公園,北屯區,東山路一段220巷/軍福十一路口(東北側),12,4,8,2026-08-21 14:52:03,24.17177,120.71596,1,"4,0",2026-08-21 15:18:14.887777
500608108,YouBike2.0_敦富敦富十街口,北屯區,敦富路/敦富十街口(西側),16,6,10,2026-08-21 14:23:03,24.19374,120.70695,1,"5,1",2026-08-21 15:18:14.887777
500608109,YouBike2.0_南興南興北一路口,北屯區,南興路/南興北一路口(東北側),12,3,9,2026-08-21 14:51:03,24.18651,120.70453,1,"3,0",2026-08-21 15:18:14.887777
500608110,YouBike2.0_旅順公園,北屯區,旅順路二段/柳陽西街(西南側),21,9,12,2026-08-21 15:05:03,24.17369,120.69222,1,"9,0",2026-08-21 15:18:14.887777
500608111,YouBike2.0_東新公園,北屯區,梅川東路四段/旅順路一段(東北側),15,2,13,2026-08-21 15:11:03,24.17515,120.68034,1,"2,0",2026-08-21 15:18:14.887777
500608112,YouBike2.0_新平公園,北屯區,中平路876號(對側人行道)(西南側),15,4,11,2026-08-21 15:07:05,24.18666,120.66249,1,"4,0",2026-08-21 15:18:14.887777
500608113,YouBike2.0_祥順太順路口,北屯區,祥順路一段/太順路口(西南側),10,1,9,2026-08-21 12:49:16,24.15871,120.72753,1,"1,0",2026-08-21 15:18:14.887777
500608114,YouBike2.0_自然感官公園,北屯區,南興路925號(東北側),30,4,26,2026-08-21 13:36:30,24.19383,120.70611,1,"4,0",2026-08-21 15:18:14.887777
500608115,YouBike2.0_同榮公園,北屯區,同榮路318巷16號(對側人行道),19,5,14,2026-08-21 15:07:05,24.19746,120.66303,1,"5,0",2026-08-21 15:18:14.887777
500608116,YouBike2.0_太順太順三街口,北屯區,太順路/太順三街口(西南側),16,3,13,2026-08-21 10:45:04,24.15851,120.72393,1,"1,2",2026-08-21 15:18:14.887777
500608117,YouBike2.0_四張犁國中,北屯區,后庄路/崇德十路二段(北側),16,5,10,2026-08-21 15:14:04,24.19351,120.67634,1,"5,0",2026-08-21 15:18:14.887777
500608119,YouBike2.0_信平順平二街口,北屯區,信平路/順平二街口(東南側),43,25,18,2026-08-21 15:00:05,24.178761,120.662056,1,"24,1",2026-08-21 15:18:14.887777
500608120,YouBike2.0_生態室外教育公園,北屯區,南興北三路/南興路口(西北側),20,2,18,2026-08-21 13:23:04,24.1976,120.70597,1,"2,0",2026-08-21 15:18:14.887777
500608121,YouBike2.0_廣兼停8停車場,北屯區,松竹五路一段/南興東路(西南側),20,2,18,2026-08-21 15:11:03,24.17445,120.70548,1,"2,0",2026-08-21 15:18:14.887777
500608122,YouBike2.0_環中東太原路口,北屯區,環中東路三段/太原路三段口(東側),18,3,15,2026-08-21 14:38:04,24.16334,120.71974,1,"3,0",2026-08-21 15:18:14.887777
500608123,YouBike2.0_原住民主題公園,北屯區,景賢二路292號(對側人行道),16,6,10,2026-08-21 14:11:03,24.1675,120.71653,1,"6,0",2026-08-21 15:18:14.887777
500608124,YouBike2.0_景賢公園,北屯區,景和街39號旁,15,4,11,2026-08-21 13:38:02,24.16824,120.71282,1,"4,0",2026-08-21 15:18:14.887777
500608125,YouBike2.0_南興停車場,北屯區,軍福十九路/長順街口(南側),18,0,18,2026-08-21 15:16:17,24.18,120.70891,1,"0,0",2026-08-21 15:18:14.887777
500608126,YouBike2.0_松竹五水景街口,北屯區,松竹五路二段22號前,16,7,9,2026-08-21 15:12:03,24.1748,120.71108,1,"7,0",2026-08-21 15:18:14.887777
500608127,YouBike2.0_祥順太順路口(東側),北屯區,祥順路一段/太順路口(東側),16,5,11,2026-08-21 14:16:03,24.159534,120.727877,1,"5,0",2026-08-21 15:18:14.887777
500608128,YouBike2.0_廍子國小,北屯區,景賢路290號前,19,7,12,2026-08-21 14:56:02,24.166999,120.722141,1,"7,0",2026-08-21 15:18:14.887777
500608129,YouBike2.0_水景公園,北屯區,東山路一段207巷38弄9號(對側公園),15,2,13,2026-08-21 14:57:02,24.174257,120.712712,1,"2,0",2026-08-21 15:18:14.887777
500608130,YouBike2.0_松竹里守望相助隊,北屯區,松竹路二段/昌平路二段口(西側),15,2,13,2026-08-21 15:07:05,24.182072,120.68764,1,"1,1",2026-08-21 15:18:14.887777
500608131,YouBike2.0_松竹北一街松竹路三段口,北屯區,松竹路三段８號前,14,2,12,2026-08-21 15:15:03,24.181883,120.683266,1,"2,0",2026-08-21 15:18:14.887777
500608132,YouBike2.0_建和東山路口,北屯區,建和路二段301號(對側人行道),13,5,8,2026-08-21 15:05:03,24.17599,120.72473,1,"5,0",2026-08-21 15:18:14.887777
500608133,YouBike2.0_新都生態公園(和祥五街),北屯區,和祥五街188號(對側人行道),15,3,12,2026-08-21 06:13:02,24.17317,120.72707,1,"3,0",2026-08-21 15:18:14.887777
500608134,YouBike2.0_博愛公園,北屯區,祥順二路/廍子路口(西北側),13,5,7,2026-08-21 13:08:04,24.16444,120.7331,1,"5,0",2026-08-21 15:18:14.887777
500608135,YouBike2.0_祥順軍福七路口,北屯區,祥順路二段/軍福七路口(東北側),15,6,9,2026-08-21 12:31:02,24.16542,120.72747,1,"6,0",2026-08-21 15:18:14.887777
500608136,YouBike2.0_三光停車場,北屯區,北屯路222之2號(對側人行道),17,2,15,2026-08-21 14:59:03,24.168523,120.696344,1,"2,0",2026-08-21 15:18:14.887777
500608137,YouBike2.0_崇德八路梅川東路口,北屯區,崇德八路一段/梅川東路五段口(東北側),13,4,9,2026-08-21 13:58:04,24.18374,120.68239,1,"4,0",2026-08-21 15:18:14.887777
500608140,YouBike2.0_水湳公園,北屯區,麻園西街/大連路一段口,17,1,16,2026-08-21 14:54:02,24.17683,120.67597,1,"0,1",2026-08-21 15:18:14.887777
500608141,YouBike2.0_文心熱河路口,北屯區,文心路四段679號旁,21,12,9,2026-08-21 14:46:03,24.17196,120.68812,1,"11,1",2026-08-21 15:18:14.887777
500608142,YouBike2.0_崇德公園,北屯區,文昌東五街/天津路三段口(西南側),10,1,9,2026-08-21 15:08:02,24.169477,120.68402,1,"1,0",2026-08-21 15:18:14.887777
500608143,YouBike2.0_崇德青島路口(東南側),北屯區,崇德路一段/青島路四段口(東南側),8,3,5,2026-08-21 15:17:04,24.16828,120.68534,1,"3,0",2026-08-21 15:18:14.887777
500608144,YouBike2.0_崇德北平路口(西南側),北屯區,崇德路二段/北平路三段口(西南側),21,3,18,2026-08-21 15:15:03,24.170702,120.685231,1,"3,0",2026-08-21 15:18:14.887777
500608145,YouBike2.0_舊社公園(北屯路439-17巷),北屯區,北屯路439-17巷/松竹路二段67巷59弄口,12,1,11,2026-08-21 15:16:17,24.18091,120.69929,1,"1,0",2026-08-21 15:18:14.887777
500608146,YouBike2.0_二分埔生態公園(山西路),北屯區,山西路二段/大連路一段口(東北側),13,1,12,2026-08-21 13:00:23,24.1773,120.67696,1,"1,0",2026-08-21 15:18:14.887777
500608147,YouBike2.0_太順太和路口,北屯區,太順路112號,9,4,5,2026-08-21 14:11:03,24.158606,120.724701,1,"4,0",2026-08-21 15:18:14.887777
500608148,YouBike2.0_環中東軍福十八路口,北屯區,環中東路二段/軍福十八路口(西北側),15,6,9,2026-08-21 15:16:03,24.17833,120.72099,1,"6,0",2026-08-21 15:18:14.887777
500608149,YouBike2.0_軍福公園(軍福十八路),北屯區,軍福十八路/軍榮五街口(東北側),20,5,15,2026-08-21 14:44:03,24.17826,120.715,1,"5,0",2026-08-21 15:18:14.887777
500608150,YouBike2.0_東山路中興巷口,北屯區,東山路二段51-11號(對側),26,10,16,2026-08-21 14:57:02,24.17997,120.74118,1,"10,0",2026-08-21 15:18:14.887777
500608151,YouBike2.0_東山機車停車場,北屯區,東山路一段384巷/經補路口(東南側),11,10,1,2026-08-21 14:23:16,24.17668,120.73371,1,"10,0",2026-08-21 15:18:14.887777
500608152,YouBike2.0_豐樂路停車場,北屯區,豐樂路26巷/豐美二街口(東北側),13,2,11,2026-08-21 14:46:03,24.194382,120.689923,1,"2,0",2026-08-21 15:18:14.887777
500608153,YouBike2.0_環中豐樂路口(東南側),北屯區,環中路一段421號前,13,4,9,2026-08-21 14:39:02,24.200839,120.694197,1,"4,0",2026-08-21 15:18:14.887777
500608154,YouBike2.0_太原廍子路口(東南側),北屯區,太原路三段/廍子路口(東南側),10,4,6,2026-08-21 15:08:02,24.16091,120.73343,1,"4,0",2026-08-21 15:18:14.887777
500608155,YouBike2.0_太和六街建和路口,北屯區,太和六街/建和路二段口(西南側),15,3,12,2026-08-21 15:07:05,24.16749,120.72442,1,"3,0",2026-08-21 15:18:14.887777
500608156,YouBike2.0_三光童玩公園,北屯區,九龍東街/北屯路200巷口(西南側),18,2,16,2026-08-21 15:12:03,24.16651,120.69636,1,"2,0",2026-08-21 15:18:14.887777
500608157,YouBike2.0_水景玫瑰公園,北屯區,東山路一段147巷122號對側,20,3,17,2026-08-21 15:10:05,24.1722,120.70754,1,"3,0",2026-08-21 15:18:14.887777
500608158,YouBike2.0_兒45綠地,北屯區,平德路/平德路122巷口(東南側),15,8,7,2026-08-21 14:19:03,24.18484,120.67038,1,"8,0",2026-08-21 15:18:14.887777
500608159,YouBike2.0_文心北屯路口(西北側),北屯區,文心路四段/北屯路口(西北側),20,13,7,2026-08-21 14:58:02,24.17061,120.69769,1,"13,0",2026-08-21 15:18:14.887777
500608160,YouBike2.0_麻園東瀋陽路口,北屯區,麻園東街/瀋陽路一段口(東北側),20,3,11,2026-08-21 14:54:02,24.17498,120.67449,1,"3,0",2026-08-21 15:18:14.887777
500608161,YouBike2.0_太原足球場,北屯區,建和路一段/建軍一街口(西南側),17,3,14,2026-08-21 12:55:03,24.16093,120.72033,1,"3,0",2026-08-21 15:18:14.887777
500608163,YouBike2.0_敦富六街南興路口,北屯區,敦富六街/南興路口(西側),14,4,10,2026-08-21 14:48:03,24.187816,120.704201,1,"4,0",2026-08-21 15:18:14.887777
500608164,YouBike2.0_北屯南興北一路口(東北側),北屯區,北屯路/南興北一路口(東北側),16,2,14,2026-08-21 15:04:04,24.18664,120.70262,1,"2,0",2026-08-21 15:18:14.887777
500608165,YouBike2.0_北屯南興北一路口(東南側),北屯區,北屯路/南興北一路口(東南側),17,2,15,2026-08-21 15:17:04,24.18631,120.70261,1,"2,0",2026-08-21 15:18:14.887777
500608166,YouBike2.0_敦富一街敦富路口(西南側),北屯區,敦富一街/敦富路口(西南側),18,2,16,2026-08-21 15:00:05,24.18378,120.70697,1,"2,0",2026-08-21 15:18:14.887777
500608167,YouBike2.0_建和軍福十一路口,北屯區,建和路二段108號前,12,0,12,2026-08-21 13:43:18,24.17019,120.72462,1,"0,0",2026-08-21 15:18:14.887777
500608168,YouBike2.0_823紀念公園(崇德十路),北屯區,崇德十路一段/昌平東三路口(南側),17,1,16,2026-08-21 14:30:04,24.188158,120.68911,1,"1,0",2026-08-21 15:18:14.887777
500608169,YouBike2.0_松竹旱溪東路口(西南側),北屯區,松竹路一段/旱溪東路三段口(西南側),15,8,7,2026-08-21 15:08:03,24.18217,120.71168,1,"8,0",2026-08-21 15:18:14.887777
500608170,YouBike2.0_公園2-3,北屯區,長生巷/陸光四巷(東北側),16,2,14,2026-08-21 13:29:02,24.19632,120.68503,1,"2,0",2026-08-21 15:18:14.887777
500608171,YouBike2.0_補鼎仔公園,北屯區,南興北二路/旱溪西路四段口(西北側),21,0,21,2026-08-21 14:56:17,24.192708,120.710439,1,"0,0",2026-08-21 15:18:14.887777
500608172,YouBike2.0_旱溪西南興二路口(東側),北屯區,旱溪西路三段/南興二路口(東側),15,9,6,2026-08-21 15:06:03,24.17607,120.70968,1,"9,0",2026-08-21 15:18:14.887777
500608173,YouBike2.0_南興二南興路口(東南側),北屯區,南興二路/南興路口(東南側),30,2,28,2026-08-21 15:14:04,24.17592,120.70432,1,"2,0",2026-08-21 15:18:14.887777
500608174,YouBike2.0_景福公園(景賢二路),北屯區,景賢二路/軍福十三路口(西南側),15,1,14,2026-08-21 15:09:04,24.17223,120.71728,1,"1,0",2026-08-21 15:18:14.887777
500608175,YouBike2.0_松竹五路軍榮五街口,北屯區,松竹五路二段130號(西北側),15,0,15,2026-08-21 13:43:18,24.17625,120.712933,1,"0,0",2026-08-21 15:18:14.887777
500608176,YouBike2.0_勝麗方程市,北屯區,敦富路886號前人行道,21,2,19,2026-08-21 13:49:04,24.19673,120.7075,1,"1,1",2026-08-21 15:18:14.887777
500608177,YouBike2.0_平安公園,北屯區,柳陽西街/天津路四段口(西南側),15,3,12,2026-08-21 15:17:04,24.16864,120.68909,1,"3,0",2026-08-21 15:18:14.887777
500608178,YouBike2.0_南興南興北二路口(西南側),北屯區,南興路/南興北二路口(西南側),25,5,20,2026-08-21 15:16:03,24.19241,120.70568,1,"5,0",2026-08-21 15:18:14.887777
500608179,YouBike2.0_北屯松竹路口(東南側),北屯區,北屯路/松竹路一段口(東南側),29,9,20,2026-08-21 15:13:02,24.18154,120.70193,1,"9,0",2026-08-21 15:18:14.887777
500608180,YouBike2.0_北新國中(僑孝街),北屯區,僑孝街63號(西北側),25,1,24,2026-08-21 14:56:17,24.1791,120.69865,1,"1,0",2026-08-21 15:18:14.887777
500608181,YouBike2.0_軍福十三廍子路口,北屯區,廍子路351號(南側),12,8,4,2026-08-21 14:24:03,24.170235,120.733231,1,"8,0",2026-08-21 15:18:14.887777
500608182,YouBike2.0_北屯旅順路口,北屯區,北屯路/旅順路二段口(西北側),17,7,10,2026-08-21 14:52:03,24.17298,120.69819,1,"7,0",2026-08-21 15:18:14.887777
500608183,YouBike2.0_后庄路洲際五街口,北屯區,后庄路/洲際五街口(東側),20,2,18,2026-08-21 14:14:03,24.19318,120.6724,1,"2,0",2026-08-21 15:18:14.887777
500608185,YouBike2.0_榮德榮德一路口,北屯區,榮德路/榮德一路口,17,7,10,2026-08-21 14:00:04,24.18615,120.67388,1,"7,0",2026-08-21 15:18:14.887777
500608186,YouBike2.0_太和太順路口,北屯區,太順路103號,16,1,15,2026-08-21 12:58:17,24.15847,120.72486,1,"1,0",2026-08-21 15:18:14.887777
500608187,YouBike2.0_和福停車場,北屯區,和福路175號,34,5,29,2026-08-21 15:07:05,24.17333,120.72358,1,"5,0",2026-08-21 15:18:14.887777
500608189,YouBike2.0_崇德國中(河北路),北屯區,河北路二段/旅順路一段口(東北側),21,5,16,2026-08-21 15:17:04,24.17491,120.68369,1,"5,0",2026-08-21 15:18:14.887777
500608191,YouBike2.0_南興路敦富二街口,北屯區,南興路/敦富二街口,35,2,33,2026-08-21 14:55:03,24.18446,120.7043,1,"1,1",2026-08-21 15:18:14.887777
500608192,YouBike2.0_松竹敦化路口,北屯區,敦化路一段227號,27,4,23,2026-08-21 12:46:03,24.19017,120.67328,1,"4,0",2026-08-21 15:18:14.887777
500608193,YouBike2.0_柳陽西街崇德二路一段口,北屯區,柳陽西街118號對側,24,1,23,2026-08-21 15:15:19,24.17664,120.69365,1,"1,0",2026-08-21 15:18:14.887777
500608194,YouBike2.0_仁美里(環中路),北屯區,環中路一段416號,15,3,12,2026-08-21 14:20:05,24.20135,120.69547,1,"3,0",2026-08-21 15:18:14.887777
500608195,YouBike2.0_太原太和路口,北屯區,太原路三段1190號,23,5,18,2026-08-21 13:29:02,24.16133,120.72522,1,"5,0",2026-08-21 15:18:14.887777
500608196,YouBike2.0_山西昌平東七路口,北屯區,山西路三段/昌平東七路口,22,2,20,2026-08-21 14:38:04,24.18541,120.69385,1,"2,0",2026-08-21 15:18:14.887777
500608197,YouBike2.0_東山竹坑巷口,北屯區,東山路二段151之2號,18,6,12,2026-08-21 14:39:02,24.19904,120.76409,1,"6,0",2026-08-21 15:18:14.887777
500608199,YouBike2.0_興安興安路二段142巷口,北屯區,興安路二段/興安路二段142巷口,25,1,24,2026-08-21 15:15:03,24.17749,120.69490,1,"1,0",2026-08-21 15:18:14.887777
500608200,YouBike2.0_葳格高中,北屯區,軍福十九路329號,26,2,24,2026-08-21 14:08:03,24.18005,120.71279,1,"1,1",2026-08-21 15:18:14.887777
500608202,YouBike2.0_松竹敦富路口,北屯區,松竹路一段/敦富路口,46,17,29,2026-08-21 15:10:05,24.18247,120.70793,1,"16,1",2026-08-21 15:18:14.887777
500608203,YouBike2.0_昌平五街昌平東六路口,北屯區,昌平五街/昌平東六路口,36,3,33,2026-08-21 14:57:02,24.19161,120.69069,1,"2,1",2026-08-21 15:18:14.887777
500608204,YouBike2.0_東山風雨籃球場,北屯區,景賢路458號,77,18,54,2026-08-21 15:16:03,24.16719,120.71081,1,"18,0",2026-08-21 15:18:14.887777
500608205,YouBike2.0_旱溪西南興一路口,北屯區,旱溪西路三段189號對側,51,2,49,2026-08-21 14:05:04,24.17197,120.70498,1,"2,0",2026-08-21 15:18:14.887777
500608206,YouBike2.0_旱溪西松竹五路口,北屯區,旱溪西路三段/松竹五路一段口,24,2,22,2026-08-21 14:10:02,24.17398,120.70936,1,"2,0",2026-08-21 15:18:14.887777
500608207,YouBike2.0_梅川東崇德六路口,北屯區,梅川東路五段/崇德六路口,23,3,20,2026-08-21 15:15:03,24.18011,120.6818,1,"3,0",2026-08-21 15:18:14.887777
500608208,YouBike2.0_安順東二街崇德六路口,北屯區,安順東二街/崇德六路口,20,1,19,2026-08-21 14:53:02,24.18063,120.67922,1,"1,0",2026-08-21 15:18:14.887777
500608209,YouBike2.0_崇德十九崇德路口,北屯區,崇德十九路/崇德路三段口,30,11,19,2026-08-21 15:09:04,24.19776,120.68619,1,"10,1",2026-08-21 15:18:14.887777
500608210,YouBike2.0_庄美街后庄北路口,北屯區,后庄北路209號,28,2,25,2026-08-21 14:14:03,24.19218,120.66667,1,"2,0",2026-08-21 15:18:14.887777
500608211,YouBike2.0_廍子國中(建和路),北屯區,建和路二段99號對側,32,3,29,2026-08-21 15:08:16,24.16919,120.72459,1,"3,0",2026-08-21 15:18:14.887777
500608212,YouBike2.0_敦富十二街南興路口,北屯區,敦富十二街/南興路口,27,4,23,2026-08-21 15:12:04,24.19520,120.70505,1,"4,0",2026-08-21 15:18:14.887777
500608214,YouBike2.0_仲信金鬱金香酒店,北屯區,后庄路306號,18,8,10,2026-08-21 12:39:03,24.19122,120.66721,1,"8,0",2026-08-21 15:18:14.887777
500608215,YouBike2.0_臺中市立圖書館溪東分館,北屯區,軍福九路499號,27,1,26,2026-08-21 15:06:03,24.16967,120.72211,1,"1,0",2026-08-21 15:18:14.887777
500608216,YouBike2.0_北屯崇德二路口,北屯區,北屯路433號前,20,7,13,2026-08-21 14:22:04,24.17678,120.69949,1,"7,0",2026-08-21 15:18:14.887777
500608217,YouBike2.0_昌平東八崇德九路口,北屯區,昌平東八路/崇德九路口,26,3,23,2026-08-21 14:07:02,24.18711,120.69657,1,"3,0",2026-08-21 15:18:14.887777
500608218,YouBike2.0_北屯國民暨兒童運動中心,北屯區,崇德八路一段206號(對側人行道),30,2,28,2026-08-21 15:00:05,24.18357,120.68578,1,"2,0",2026-08-21 15:18:14.887777
500608221,YouBike2.0_南興國中,北屯區,南興東路/南興三路口,43,5,38,2026-08-21 14:55:03,24.17784,120.70588,1,"5,0",2026-08-21 15:18:14.887777
500609001,YouBike2.0_豐原車站(豐勢路東側出口),豐原區,東仁街/明仁街口(西南側),55,17,38,2026-08-21 15:12:03,24.25528,120.72429,1,"17,0",2026-08-21 15:18:14.887777
500609002,YouBike2.0_豐陽國中,豐原區,富陽路/富陽路119巷口(西北側),15,3,12,2026-08-21 15:00:05,24.26221,120.74569,1,"3,0",2026-08-21 15:18:14.887777
500609003,YouBike2.0_豐村國小,豐原區,水源路341號,15,5,10,2026-08-21 14:43:02,24.25549,120.73601,1,"5,0",2026-08-21 15:18:14.887777
500609004,YouBike2.0_豐原監理站,豐原區,豐東街118巷/中陽街316巷口(南側),30,0,30,2026-08-21 15:00:23,24.24751,120.73032,1,"0,0",2026-08-21 15:18:14.887777
500609005,YouBike2.0_豐原高商,豐原區,圓環南路1-1號(對側人行道),46,1,43,2026-08-21 15:17:04,24.24529,120.71382,1,"1,0",2026-08-21 15:18:14.887777
500609006,YouBike2.0_豐原廟東夜市,豐原區,中正路212巷/信義街口(西南側),30,19,11,2026-08-21 15:13:02,24.25259,120.71864,1,"18,1",2026-08-21 15:18:14.887777
500609007,YouBike2.0_豐原車站,豐原區,三民路/三豐路一段口(南側),68,21,47,2026-08-21 15:17:04,24.25452,120.72265,1,"21,0",2026-08-21 15:18:14.887777
500609008,YouBike2.0_豐原地政事務所,豐原區,興安街/西安街口(西南側),30,15,15,2026-08-21 15:06:02,24.24903,120.71441,1,"15,0",2026-08-21 15:18:14.887777
500609009,YouBike2.0_豐原高中,豐原區,水源路/水源路129巷口(東北側),32,4,27,2026-08-21 15:00:05,24.25573,120.74168,1,"4,0",2026-08-21 15:18:14.887777
500609010,YouBike2.0_慈濟公園,豐原區,豐勢路一段/豐東路口(東南側),20,4,16,2026-08-21 14:36:02,24.25756,120.73322,1,"3,1",2026-08-21 15:18:14.887777
500609011,YouBike2.0_圓環北大昌街口,豐原區,圓環北路一段151號旁,22,10,12,2026-08-21 13:11:02,24.25659,120.71672,1,"10,0",2026-08-21 15:18:14.887777
500609012,YouBike2.0_豐原國中,豐原區,三豐路一段/三豐路438巷(西南側),26,5,21,2026-08-21 14:44:03,24.26046,120.71946,1,"5,0",2026-08-21 15:18:14.887777
500609013,YouBike2.0_豐原區公所,豐原區,市政路/育仁路口(東南側),22,12,10,2026-08-21 15:16:03,24.24243,120.71827,1,"12,0",2026-08-21 15:18:14.887777
500609014,YouBike2.0_圓環西中山路口,豐原區,圓環西路/中山路口(西北側),34,7,27,2026-08-21 15:16:03,24.25586,120.71263,1,"7,0",2026-08-21 15:18:14.887777
500609015,YouBike2.0_陽明大樓,豐原區,陽明街36號(對側人行道),39,24,15,2026-08-21 15:16:03,24.24698,120.7212,1,"24,0",2026-08-21 15:18:14.887777
500609016,YouBike2.0_消防公園,豐原區,仁洲街/豐原大道七段口(東側),26,9,17,2026-08-21 15:08:02,24.26208,120.71317,1,"8,1",2026-08-21 15:18:14.887777
500609017,YouBike2.0_南陽公園,豐原區,永康路209號,32,2,27,2026-08-21 15:01:03,24.24111,120.72528,1,"1,1",2026-08-21 15:18:14.887777
500609018,YouBike2.0_社皮公園,豐原區,西勢一街65號(對側人行道),32,13,19,2026-08-21 15:14:04,24.24451,120.70472,1,"12,1",2026-08-21 15:18:14.887777
500609019,YouBike2.0_富春國小,豐原區,豐西街/瑞安街口(東北側),20,8,12,2026-08-21 14:57:02,24.25164,120.71288,1,"8,0",2026-08-21 15:18:14.887777
500609020,YouBike2.0_福陽國小,豐原區,南陽路綠山巷/南陽路綠山巷81弄口(東北側),15,5,10,2026-08-21 15:08:02,24.24215,120.73557,1,"4,1",2026-08-21 15:18:14.887777
500609021,YouBike2.0_豐原大道南陽路口,豐原區,豐原大道三段/南陽路口(東北側),14,0,14,2026-08-21 14:06:17,24.24368,120.73018,1,"0,0",2026-08-21 15:18:14.887777
500609022,YouBike2.0_田心圓環東路口,豐原區,田心路二段/圓環東路口(西南側),15,2,13,2026-08-21 13:37:02,24.24321,120.71893,1,"1,1",2026-08-21 15:18:14.887777
500609023,YouBike2.0_豐田國小,豐原區,豐原大道二段/田心路二段272巷85弄口(東側),15,7,8,2026-08-21 13:16:02,24.23686,120.72045,1,"5,2",2026-08-21 15:18:14.887777
500609024,YouBike2.0_豐南國中,豐原區,育仁路/豐南街口(東北側),15,13,2,2026-08-21 15:16:03,24.23956,120.71645,1,"12,1",2026-08-21 15:18:14.887777
500609025,YouBike2.0_合作國小,豐原區,豐原大道一段602號(對側人行道),15,5,10,2026-08-21 15:07:05,24.23971,120.70342,1,"5,0",2026-08-21 15:18:14.887777
500609026,YouBike2.0_同心互助街口,豐原區,同心街/互助街口(西南側),15,3,12,2026-08-21 14:43:02,24.23773,120.70643,1,"3,0",2026-08-21 15:18:14.887777
500609027,YouBike2.0_圓環東安康路口,豐原區,圓環東路/安康路口(北側),15,1,14,2026-08-21 15:17:04,24.24496,120.72356,1,"1,0",2026-08-21 15:18:14.887777
500609028,YouBike2.0_地方稅務局豐原分局,豐原區,中山路/中山路223巷口(西南側),10,3,7,2026-08-21 15:12:03,24.24251,120.71311,1,"3,0",2026-08-21 15:18:14.887777
500609029,YouBike2.0_豐原區市立體育館,豐原區,西安街72之1號,14,3,11,2026-08-21 15:14:04,24.24914,120.71101,1,"3,0",2026-08-21 15:18:14.887777
500609030,YouBike2.0_忠勤公園,豐原區,中正路/豐原大道口(東北側),20,16,4,2026-08-21 15:15:03,24.24991,120.70462,1,"15,1",2026-08-21 15:18:14.887777
500609031,YouBike2.0_葫蘆墩親子館,豐原區,圓環北路一段/三豐路一段口(西南側),15,8,7,2026-08-21 14:17:03,24.25886,120.72019,1,"8,0",2026-08-21 15:18:14.887777
500609032,YouBike2.0_豐圳公園,豐原區,成功路/圓環西路87巷口(東北側),17,0,17,2026-07-12 00:01:03,24.25274,120.70577,0,"0,0",2026-08-21 15:18:14.887777
500609033,YouBike2.0_中正大社街口,豐原區,中正路/大社街口(東北側),16,7,9,2026-08-21 14:52:03,24.2494,120.70137,1,"4,3",2026-08-21 15:18:14.887777
500609034,YouBike2.0_義士祠,豐原區,豐原大道五段/南田街3巷(東南側),10,3,7,2026-08-21 14:26:03,24.26021,120.73631,1,"3,0",2026-08-21 15:18:14.887777
500609035,YouBike2.0_三豐新生北路口,豐原區,三豐路一段/新生北路口(西側),12,1,11,2026-08-21 14:52:18,24.25566,120.72248,1,"1,0",2026-08-21 15:18:14.887777
500609036,YouBike2.0_橫街尾停車場,豐原區,復興路/富春街口(東南側),20,8,12,2026-08-21 15:05:03,24.25043,120.71763,1,"8,0",2026-08-21 15:18:14.887777
500609037,YouBike2.0_圓環北大順街口,豐原區,圓環北路/大順街口(西南側),15,4,11,2026-08-21 14:16:03,24.26051,120.72357,1,"4,0",2026-08-21 15:18:14.887777
500609038,YouBike2.0_圳寮里活動中心,豐原區,圓環北路一段/豐洲路口(東北側),15,1,14,2026-08-21 14:49:22,24.25633,120.71542,1,"1,0",2026-08-21 15:18:14.887777
500609039,YouBike2.0_北陽公園,豐原區,中陽路/中陽路537巷口(東側),12,2,10,2026-08-21 14:57:02,24.2497,120.73643,1,"1,1",2026-08-21 15:18:14.887777
500609041,YouBike2.0_北陽路40巷北陽路口,豐原區,北陽路40巷/北陽路口(西南側),20,3,17,2026-08-21 15:03:03,24.25195,120.73053,1,"1,2",2026-08-21 15:18:14.887777
500609042,YouBike2.0_臺中市立豐原區體育場,豐原區,豐北街221號前,18,2,16,2026-08-21 15:08:02,24.26072,120.71703,1,"2,0",2026-08-21 15:18:14.887777
500609043,YouBike2.0_豐田國小(田心路),豐原區,田心路二段/田心路二段317巷口(西側),15,5,10,2026-08-21 14:54:02,24.237276,120.722308,1,"5,0",2026-08-21 15:18:14.887777
500609044,YouBike2.0_三陽運動公園,豐原區,北陽路/水源路473巷口(東側),14,11,3,2026-08-21 15:15:03,24.251917,120.731772,1,"11,0",2026-08-21 15:18:14.887777
500609045,YouBike2.0_豐原大道一心路口,豐原區,豐原大道一段/一心路口(東南側),12,4,8,2026-08-21 13:54:02,24.24626,120.70334,1,"4,0",2026-08-21 15:18:14.887777
500609047,YouBike2.0_育英停車場,豐原區,育英路154巷/育英路134巷16弄口,16,9,7,2026-08-21 15:16:03,24.240798,120.714519,1,"9,0",2026-08-21 15:18:14.887777
500609048,YouBike2.0_豐原武明山公園,豐原區,南陽路/綠山二街口(西南側),8,1,7,2026-08-21 14:34:17,24.238465,120.73378,1,"1,0",2026-08-21 15:18:14.887777
500609049,YouBike2.0_豐原大道豐科路口,豐原區,豐原大道六段650號(東側),12,7,5,2026-08-21 15:17:04,24.26418,120.72219,1,"6,1",2026-08-21 15:18:14.887777
500609050,YouBike2.0_豐原大道460巷口,豐原區,豐原大道六段468號(旁）,12,3,9,2026-08-21 11:55:03,24.26495,120.72675,1,"3,0",2026-08-21 15:18:14.887777
500609051,YouBike2.0_豐原中正公園(水源路),豐原區,水源路/水源中坑巷口(西側),12,2,10,2026-08-21 14:25:04,24.254467,120.748176,1,"2,0",2026-08-21 15:18:14.887777
500609052,YouBike2.0_豐原葫蘆墩郵局,豐原區,豐原大道七段25號前,10,1,9,2026-08-21 15:14:19,24.263934,120.719438,1,"1,0",2026-08-21 15:18:14.887777
500609053,YouBike2.0_圓環東綠空廊道口,豐原區,圓環東路29號(旁),20,3,17,2026-08-21 14:39:02,24.24458,120.71583,1,"3,0",2026-08-21 15:18:14.887777
500609054,YouBike2.0_豐原萬年宮,豐原區,豐年路168號旁,12,6,6,2026-08-21 14:57:02,24.26502,120.73883,1,"6,0",2026-08-21 15:18:14.887777
500609055,YouBike2.0_豐勢萬年路口,豐原區,豐勢路二段185號前,12,6,5,2026-08-21 14:45:03,24.26242,120.73983,1,"6,0",2026-08-21 15:18:14.887777
500609056,YouBike2.0_翁子公園,豐原區,富翁街260巷139號(東側),15,2,13,2026-08-21 13:13:02,24.266841,120.751018,1,"2,0",2026-08-21 15:18:14.887777
500609058,YouBike2.0_鎌村祥和東路口,豐原區,祥和東路33號(北側),13,3,10,2026-08-21 15:06:03,24.229097,120.723745,1,"2,1",2026-08-21 15:18:14.887777
500609059,YouBike2.0_豐原中興公園,豐原區,大明路236巷/成功路133巷口(東北側),15,2,13,2026-08-21 15:17:04,24.24388,120.70927,1,"2,0",2026-08-21 15:18:14.887777
500609061,YouBike2.0_綠空廊道(田心路),豐原區,田心路一段/博愛街口(東南側),18,1,14,2026-08-21 15:14:19,24.245924,120.717384,1,"1,0",2026-08-21 15:18:14.887777
500609063,YouBike2.0_圓環西中正路口,豐原區,圓環西路1號前,25,6,19,2026-08-21 15:10:05,24.25058,120.70894,1,"6,0",2026-08-21 15:18:14.887777
500609064,YouBike2.0_綠空廊道(南陽路),豐原區,南陽路/博愛街口,21,5,16,2026-08-21 15:11:03,24.24927,120.72038,1,"5,0",2026-08-21 15:18:14.887777
500609065,YouBike2.0_綠空廊道(豐南街),豐原區,豐南街22號,16,7,8,2026-08-21 15:11:03,24.23954,120.71245,1,"7,0",2026-08-21 15:18:14.887777
500609066,YouBike2.0_綠空廊道(圓環東路),豐原區,圓環東路78號旁,17,9,8,2026-08-21 14:42:02,24.2444,120.71571,1,"9,0",2026-08-21 15:18:14.887777
500609067,YouBike2.0_東北街347號(南側),豐原區,東北街347號(南側),15,0,15,2026-07-12 00:01:03,24.26159,120.7304,0,"0,0",2026-08-21 15:18:14.887777
500609068,YouBike2.0_綠空廊道(向陽路),豐原區,向陽路55號旁,24,17,5,2026-08-21 15:17:04,24.25222,120.72235,1,"15,2",2026-08-21 15:18:14.887777
500609069,YouBike2.0_豐科三豐路二段272巷口(東北側),豐原區,豐科路/三豐路二段272巷口(東北側),15,1,14,2026-08-21 06:11:02,24.269732,120.723857,1,"1,0",2026-08-21 15:18:14.887777
500609070,YouBike2.0_豐科三豐路二段272巷口(西北側),豐原區,三豐路二段272巷75號旁,15,1,14,2026-08-21 12:57:04,24.269753,120.723619,1,"1,0",2026-08-21 15:18:14.887777
500609071,YouBike2.0_綠空廊道(東北圓環北路二段口),豐原區,圓環北路二段321號旁,21,12,8,2026-08-21 14:50:04,24.259245,120.727263,1,"12,0",2026-08-21 15:18:14.887777
500609072,YouBike2.0_豐原大道豐原大道四段303街口,豐原區,豐原大道四段289號(對側人行道),16,3,13,2026-08-21 12:57:04,24.246466,120.734703,1,"3,0",2026-08-21 15:18:14.887777
500609073,YouBike2.0_豐原中山停車場,豐原區,中山路508號旁,24,3,21,2026-08-21 14:40:04,24.25071,120.71461,1,"3,0",2026-08-21 15:18:14.887777
500609074,YouBike2.0_南嵩里活動中心,豐原區,水源路9巷133號,14,8,6,2026-08-21 15:15:03,24.25249,120.74258,1,"7,1",2026-08-21 15:18:14.887777
500609075,YouBike2.0_豐勢圓環北路口,豐原區,豐勢路一段432號,15,0,15,2026-08-21 15:06:17,24.25796,120.73098,1,"0,0",2026-08-21 15:18:14.887777
500609076,YouBike2.0_豐年路139巷豐年路口,豐原區,豐年路139巷/豐年路口,18,4,13,2026-08-21 14:43:02,24.26481,120.73776,1,"3,1",2026-08-21 15:18:14.887777
500609077,YouBike2.0_翁子國小,豐原區,豐勢路二段290巷3號,10,4,6,2026-08-21 15:05:03,24.26304,120.74263,1,"3,1",2026-08-21 15:18:14.887777
500609078,YouBike2.0_忠勤綠地,豐原區,中正路776號,12,4,8,2026-08-21 14:08:03,24.24962,120.7029,1,"4,0",2026-08-21 15:18:14.887777
500609079,YouBike2.0_永康公園,豐原區,豐原大道三段/豐原大道三段263巷口(東北側),17,9,8,2026-08-21 13:54:02,24.239335,120.72747,1,"9,0",2026-08-21 15:18:14.887777
500609080,YouBike2.0_豐原大道三段(朝陽橋),豐原區,豐原大道三段/豐原大道三段239巷口(東南側),18,6,11,2026-08-21 12:32:03,24.238224,120.726837,1,"6,0",2026-08-21 15:18:14.887777
500609081,YouBike2.0_豐原大道六段655巷口,豐原區,豐原大道六段677號旁,18,5,13,2026-08-21 11:09:02,24.26427,120.72457,1,"4,1",2026-08-21 15:18:14.887777
500609082,YouBike2.0_中陽公園,豐原區,自成街49巷/惠陽街口,21,3,18,2026-08-21 15:16:03,24.25151,120.72492,1,"2,1",2026-08-21 15:18:14.887777
500609083,YouBike2.0_圓環東向陽路口,豐原區,圓環東路617號,20,3,17,2026-08-21 15:16:03,24.25088,120.72841,1,"3,0",2026-08-21 15:18:14.887777
500609084,YouBike2.0_豐原大道中山路口,豐原區,豐原大道一段/中山路口,25,5,19,2026-08-21 14:41:03,24.23718,120.71026,1,"5,0",2026-08-21 15:18:14.887777
500609085,YouBike2.0_豐栗西勢路口,豐原區,豐栗路/西勢路口,16,3,13,2026-08-21 14:15:04,24.2349,120.70071,1,"3,0",2026-08-21 15:18:14.887777
500609086,YouBike2.0_豐原國民暨兒童運動中心,豐原區,豐裕路8號,36,6,30,2026-08-21 15:11:03,24.2478,120.70469,1,"5,1",2026-08-21 15:18:14.887777
500609087,YouBike2.0_西湳兒童公園,豐原區,葫蘆墩二街46號對側,24,7,17,2026-08-21 13:46:03,24.26285,120.71849,1,"7,0",2026-08-21 15:18:14.887777
500609088,YouBike2.0_國家教育研究院,豐原區,豐勢路二段794號前,18,8,9,2026-08-21 14:01:03,24.27092,120.75192,1,"4,4",2026-08-21 15:18:14.887777
500609089,YouBike2.0_東陽里活動中心,豐原區,東陽路306號前,15,5,9,2026-08-21 15:07:05,24.23444,120.74383,1,"3,2",2026-08-21 15:18:14.887777
500609090,YouBike2.0_國豐豐科路口,豐原區,國豐路二段/豐科路口,15,5,10,2026-08-21 11:34:03,24.27629,120.72806,1,"5,0",2026-08-21 15:18:14.887777
500609091,YouBike2.0_東龍家電公車站,豐原區,西勢路550號前,18,4,14,2026-08-21 14:57:02,24.23726,120.70063,1,"4,0",2026-08-21 15:18:14.887777
500609092,YouBike2.0_大明路208巷口,豐原區,大明路/大明路208巷口,16,1,15,2026-08-21 15:15:03,24.24291,120.70789,1,"1,0",2026-08-21 15:18:14.887777
500609198,YouBike2.0_三豐路二段441巷口,豐原區,三豐路二段/三豐路二段441巷口(西南側),10,3,7,2026-08-21 14:57:02,24.27414,120.72179,1,"3,0",2026-08-21 15:18:14.887777
500610001,YouBike2.0_永明公園,大里區,永明街/永隆三街口(西北側),15,5,10,2026-08-21 15:13:02,24.107972,120.675814,1,"5,0",2026-08-21 15:18:14.887777
500610002,YouBike2.0_永隆里活動中心,大里區,永隆六街/永隆六街32巷口(西南側),24,13,11,2026-08-21 15:17:04,24.112751,120.673681,1,"13,0",2026-08-21 15:18:14.887777
500610003,YouBike2.0_永隆永隆七街101巷口,大里區,永隆七街/永隆七街101巷口(西北側),35,1,33,2026-08-21 15:17:18,24.113568,120.675713,1,"0,1",2026-08-21 15:18:14.887777
500610004,YouBike2.0_大明兒童公園(大明路),大里區,大明路/大明路366巷口(西北側),22,10,12,2026-08-21 15:09:04,24.115046,120.678402,1,"10,0",2026-08-21 15:18:14.887777
500610005,YouBike2.0_國光公園(興大南街),大里區,興大南街/永隆路口(東北側),26,5,21,2026-08-21 14:51:03,24.116506,120.676302,1,"4,1",2026-08-21 15:18:14.887777
500610006,YouBike2.0_大里兒青館,大里區,新光路32號,12,7,5,2026-08-21 15:13:02,24.11036,120.69199,1,"7,0",2026-08-21 15:18:14.887777
500610007,YouBike2.0_環河爽文路口,大里區,環河路/爽文路口(西北側),13,8,5,2026-08-21 14:33:05,24.116395,120.674155,1,"8,0",2026-08-21 15:18:14.887777
500610008,YouBike2.0_國光花市停車場,大里區,德芳南路/德芳南三街口(西北側),28,11,17,2026-08-21 15:16:03,24.10377,120.68377,1,"11,0",2026-08-21 15:18:14.887777
500610009,YouBike2.0_德芳南路德芳南一街口,大里區,德芳南路/德芳南一街口(西北側),26,6,20,2026-08-21 14:59:03,24.10255,120.68722,1,"6,0",2026-08-21 15:18:14.887777
500610010,YouBike2.0_環保公園,大里區,德芳南路/永大街口(西南側),24,5,19,2026-08-21 15:14:04,24.10456,120.67967,1,"5,0",2026-08-21 15:18:14.887777
500610011,YouBike2.0_大里圖書館,大里區,中興路一段163號,38,0,37,2026-08-21 15:03:19,24.08778,120.69557,1,"0,0",2026-08-21 15:18:14.887777
500610012,YouBike2.0_臺中市纖維工藝博物館,大里區,勝利二路口/德芳南一街(西南側),36,0,36,2026-08-21 15:01:20,24.10036,120.68707,1,"0,0",2026-08-21 15:18:14.887777
500610013,YouBike2.0_長春兒童公園,大里區,長春路78巷/長春路78巷31弄口(西北側),29,3,25,2026-08-21 14:45:03,24.0898,120.69112,1,"3,0",2026-08-21 15:18:14.887777
500610014,YouBike2.0_內新國小(新仁路),大里區,新仁路二段57號(對側人行道),34,1,33,2026-08-21 14:17:03,24.11144,120.69509,1,"1,0",2026-08-21 15:18:14.887777
500610015,YouBike2.0_爽文公園,大里區,爽文路/永隆二街口(西南側),16,5,11,2026-08-21 15:17:04,24.10571,120.67477,1,"5,0",2026-08-21 15:18:14.887777
500610016,YouBike2.0_大里高中,大里區,國中路356號(對側人行道),47,6,41,2026-08-21 15:16:03,24.09461,120.67818,1,"6,0",2026-08-21 15:18:14.887777
500610017,YouBike2.0_大買家國光店,大里區,國光路二段710號,12,9,2,2026-08-21 15:06:02,24.115824,120.67951,1,"8,1",2026-08-21 15:18:14.887777
500610018,YouBike2.0_日新河濱公園,大里區,福大路/中興路二段日新二巷口(西側),15,1,14,2026-08-21 14:29:03,24.12057,120.69077,1,"1,0",2026-08-21 15:18:14.887777
500610019,YouBike2.0_日新社區公園,大里區,日新路383號旁公園,12,0,12,2026-08-21 13:01:18,24.11872,120.69236,1,"0,0",2026-08-21 15:18:14.887777
500610020,YouBike2.0_積善公園,大里區,興大路/大明路口(西北側),38,11,27,2026-08-21 15:10:05,24.1149,120.67153,1,"11,0",2026-08-21 15:18:14.887777
500610021,YouBike2.0_臺中市立圖書館大里大新分館,大里區,大新街36-1號,18,7,11,2026-08-21 13:43:03,24.09953,120.67845,1,"6,1",2026-08-21 15:18:14.887777
500610022,YouBike2.0_瑞城國小,大里區,瑞城一街/美村街口(東北側),24,4,17,2026-08-21 14:53:02,24.08611,120.70201,1,"4,0",2026-08-21 15:18:14.887777
500610023,YouBike2.0_塗城里活動中心,大里區,塗城路/塗成路33巷口(東北側),16,9,7,2026-08-21 15:14:04,24.08655,120.72201,1,"9,0",2026-08-21 15:18:14.887777
500610024,YouBike2.0_崇光國小,大里區,益民路二段/益民路二段371巷口(東側),30,3,27,2026-08-21 14:41:03,24.11477,120.68399,1,"3,0",2026-08-21 15:18:14.887777
500610025,YouBike2.0_祥興公園,大里區,中興路二段/祥興二巷56弄口(南側),15,5,10,2026-08-21 15:00:05,24.12003,120.68846,1,"5,0",2026-08-21 15:18:14.887777
500610026,YouBike2.0_內新市場,大里區,中興路二段/東榮路一段口(東北側),32,11,21,2026-08-21 15:15:03,24.11029,120.69004,1,"10,1",2026-08-21 15:18:14.887777
500610027,YouBike2.0_大里運動公園,大里區,國光路一段/大里路口(東南側),29,8,21,2026-08-21 15:13:02,24.10028,120.68267,1,"8,0",2026-08-21 15:18:14.887777
500610028,YouBike2.0_中興大學附屬高中,大里區,東榮路/益民路二段口(西側),41,0,39,2026-08-21 15:17:18,24.11008,120.68341,1,"0,0",2026-08-21 15:18:14.887777
500610029,YouBike2.0_立新國中,大里區,立新二街/自立路口(西北側),32,5,27,2026-08-21 14:58:02,24.10441,120.69877,1,"5,0",2026-08-21 15:18:14.887777
500610030,YouBike2.0_十九甲健康公園,大里區,立元路/甲園街口(西南側),26,8,18,2026-08-21 14:08:03,24.09988,120.69476,1,"7,1",2026-08-21 15:18:14.887777
500610031,YouBike2.0_廣停五停車場,大里區,德芳南路/現岱路(西側),15,2,13,2026-08-21 14:27:04,24.10113,120.68926,1,"2,0",2026-08-21 15:18:14.887777
500610032,YouBike2.0_進士公園,大里區,爽文路/德芳路三段口(東南側),26,6,20,2026-08-21 15:15:03,24.10247,120.67465,1,"6,0",2026-08-21 15:18:14.887777
500610033,YouBike2.0_青年公園,大里區,公園街/公園街421巷口(南側),28,10,18,2026-08-21 14:50:04,24.0847,120.69365,1,"9,1",2026-08-21 15:18:14.887777
500610034,YouBike2.0_益民國小,大里區,益民路二段/益民路二段81巷口(北側),30,4,26,2026-08-21 15:07:05,24.10674,120.68673,1,"4,0",2026-08-21 15:18:14.887777
500610035,YouBike2.0_文化公園,大里區,仁福街/文化街口(西北側),30,9,21,2026-08-21 14:31:03,24.09518,120.7004,1,"9,0",2026-08-21 15:18:14.887777
500610036,YouBike2.0_美群國小,大里區,美群路155巷/三民二街口(西南側),15,4,11,2026-08-21 14:12:04,24.08336,120.71228,1,"4,0",2026-08-21 15:18:14.887777
500610037,YouBike2.0_草湖國小,大里區,大峰路/西湖路口(東北側),15,6,9,2026-08-21 14:57:02,24.07826,120.68919,1,"6,0",2026-08-21 15:18:14.887777
500610038,YouBike2.0_立元停車場,大里區,立元路/自立路口(西北側),15,10,5,2026-08-21 14:49:04,24.10141,120.6983,1,"10,0",2026-08-21 15:18:14.887777
500610039,YouBike2.0_仁化公園,大里區,仁化路313號旁公園,15,9,6,2026-08-21 14:35:02,24.09421,120.70994,1,"8,1",2026-08-21 15:18:14.887777
500610040,YouBike2.0_草湖公園,大里區,仁化路/忠孝路口(西側),15,6,9,2026-08-21 12:31:02,24.0874,120.68844,1,"6,0",2026-08-21 15:18:14.887777
500610042,YouBike2.0_仁堤公園,大里區,仁堤路/仁堤一街口(東南側),15,7,8,2026-08-21 14:53:02,24.09876,120.698626,1,"7,0",2026-08-21 15:18:14.887777
500610043,YouBike2.0_大元三角公園,大里區,國光路一段/中興路口(東北側),15,10,5,2026-08-21 15:15:03,24.095561,120.686738,1,"10,0",2026-08-21 15:18:14.887777
500610044,YouBike2.0_大里社會住宅,大里區,仁化路/健民路口(西北側),12,6,6,2026-08-21 15:09:04,24.091547,120.729143,1,"6,0",2026-08-21 15:18:14.887777
500610045,YouBike2.0_大新兒童公園,大里區,大里二街/大里路口(東南側),17,7,10,2026-08-21 15:10:05,24.10226,120.68494,1,"7,0",2026-08-21 15:18:14.887777
500610046,YouBike2.0_瑞和公園,大里區,瑞和街120巷/瑞和街口(西南側),15,7,8,2026-08-21 15:14:04,24.0851,120.70511,1,"7,0",2026-08-21 15:18:14.887777
500610047,YouBike2.0_興大附中公有停車場,大里區,益民路二段174號(對側),20,0,18,2026-08-21 15:17:18,24.10842,120.68385,1,"0,0",2026-08-21 15:18:14.887777
500610048,YouBike2.0_中投西路東興路橋下公園,大里區,中投西路/東興路(橋下公園),12,5,7,2026-08-21 15:00:05,24.108021,120.671592,1,"5,0",2026-08-21 15:18:14.887777
500610049,YouBike2.0_新仁里活動中心,大里區,立新街71號,13,0,13,2026-08-21 14:55:18,24.108,120.70547,1,"0,0",2026-08-21 15:18:14.887777
500610050,YouBike2.0_德芳兒童公園,大里區,新芳路/德芳南三街口(東南側),15,3,12,2026-08-21 15:12:03,24.10462,120.68463,1,"3,0",2026-08-21 15:18:14.887777
500610051,YouBike2.0_立德社區公園,大里區,立仁五路/立仁一路口(東側),11,3,8,2026-08-21 14:16:03,24.102556,120.700203,1,"3,0",2026-08-21 15:18:14.887777
500610052,YouBike2.0_竹仔坑社區活動中心,大里區,校前路/校前路26巷口(南側),15,12,3,2026-08-21 14:54:02,24.0894,120.72933,1,"12,0",2026-08-21 15:18:14.887777
500610053,YouBike2.0_仁美社區公園,大里區,仁愛路160巷/仁愛路160巷71弄口(西南側),14,5,9,2026-08-21 15:12:03,24.097502,120.705732,1,"5,0",2026-08-21 15:18:14.887777
500610054,YouBike2.0_大智喬城路口(東南側),大里區,大智路615號前,13,0,13,2026-08-21 14:53:15,24.12212,120.690341,1,"0,0",2026-08-21 15:18:14.887777
500610055,YouBike2.0_甲堤六街公園,大里區,甲興路/甲堤六街口(東側),15,3,12,2026-08-21 15:10:05,24.1072,120.69827,1,"3,0",2026-08-21 15:18:14.887777
500610056,YouBike2.0_立元立仁路口,大里區,立仁路275號(對側人行道),15,2,12,2026-08-21 11:42:04,24.10495,120.70657,1,"2,0",2026-08-21 15:18:14.887777
500610057,YouBike2.0_台3線中興路一段2巷口,大里區,台3線/中興路一段2巷口(東北側),14,1,13,2026-08-21 15:07:05,24.07979,120.69899,1,"1,0",2026-08-21 15:18:14.887777
500610058,YouBike2.0_爽文國中(永隆路),大里區,永隆路/永隆二街口(東北側),20,7,13,2026-08-21 15:15:03,24.10659,120.67698,1,"7,0",2026-08-21 15:18:14.887777
500610059,YouBike2.0_力山美群,大里區,美群北路272號(東北側),20,8,12,2026-08-21 15:10:05,24.09143,120.71132,1,"8,0",2026-08-21 15:18:14.887777
500610060,YouBike2.0_東湖公園(科技路),大里區,科技路1號(對側公園),14,3,11,2026-08-21 14:59:03,24.085,120.69518,1,"3,0",2026-08-21 15:18:14.887777
500610062,YouBike2.0_東明公園(南側),大里區,東明路175巷7弄/東明路174巷口,12,4,8,2026-08-21 15:12:03,24.11286,120.68519,1,"4,0",2026-08-21 15:18:14.887777
500610063,YouBike2.0_祥興忠明南路1240巷口,大里區,祥興路551號(對側人行道),15,3,12,2026-08-21 15:05:03,24.11742,120.68111,1,"3,0",2026-08-21 15:18:14.887777
500610064,YouBike2.0_文心南路1316巷口(西北側),大里區,文心南路1310號前,11,3,8,2026-08-21 15:13:02,24.103852,120.669367,1,"3,0",2026-08-21 15:18:14.887777
500610066,YouBike2.0_日新橋(西南端),大里區,中興路二段/中興路二段747巷口(西側),15,2,13,2026-08-21 15:12:04,24.119288,120.689155,1,"2,0",2026-08-21 15:18:14.887777
500610067,YouBike2.0_天祐宮,大里區,樹王路405之3號(東側),40,9,31,2026-08-21 12:45:04,24.11018,120.6653,1,"8,1",2026-08-21 15:18:14.887777
500610068,YouBike2.0_瓦磘大里路口(西南側),大里區,瓦磘路18號旁,15,2,13,2026-08-21 15:17:04,24.09632,120.6688,1,"2,0",2026-08-21 15:18:14.887777
500610070,YouBike2.0_新忠公園,大里區,新忠路/益民路一段492巷口(東南側),27,13,14,2026-08-21 15:14:04,24.10712,120.69078,1,"13,0",2026-08-21 15:18:14.887777
500610071,YouBike2.0_瑞城公園,大里區,中興路一段26巷/美村路口(東北側),11,4,7,2026-08-21 14:32:04,24.08315,120.70425,1,"4,0",2026-08-21 15:18:14.887777
500610072,YouBike2.0_大里成功國中,大里區,至善路157號,18,1,17,2026-08-21 14:50:04,24.09416,120.69911,1,"1,0",2026-08-21 15:18:14.887777
500610073,YouBike2.0_大里仁愛醫院,大里區,國光路二段398號前,15,1,14,2026-08-21 15:12:04,24.109873,120.679796,1,"0,1",2026-08-21 15:18:14.887777
500610074,YouBike2.0_泰興公園,大里區,金城街/龍城街口(西北側),15,9,6,2026-08-21 15:04:04,24.087266,120.699627,1,"9,0",2026-08-21 15:18:14.887777
500610075,YouBike2.0_仁化工業區公園,大里區,仁化工二路58號,15,8,7,2026-08-21 15:08:03,24.0927,120.7254,1,"8,0",2026-08-21 15:18:14.887777
500610076,YouBike2.0_金城社區公園,大里區,上興街二段85號旁,18,3,15,2026-08-21 14:34:03,24.09179,120.69893,1,"3,0",2026-08-21 15:18:14.887777
500610078,YouBike2.0_三角運動公園,大里區,鳳凰路/工業七路口(東北側),20,9,11,2026-08-21 14:55:03,24.09604,120.71745,1,"9,0",2026-08-21 15:18:14.887777
500610079,YouBike2.0_祥興國光路口,大里區,祥興路/國光路口,22,1,21,2026-08-21 14:24:03,24.11761,120.68032,1,"1,0",2026-08-21 15:18:14.887777
500610080,YouBike2.0_清海化學公車站,大里區,文心南路1197號,17,7,10,2026-08-21 14:57:02,24.10685,120.66463,1,"7,0",2026-08-21 15:18:14.887777
500610081,YouBike2.0_大里健康社區,大里區,健民路/健康二街口(西北側),18,9,9,2026-08-21 11:12:04,24.09339,120.72923,1,"9,0",2026-08-21 15:18:14.887777
500610082,YouBike2.0_立仁路公教街209巷口,大里區,公教街188號對側,18,4,14,2026-08-21 14:30:04,24.10755,120.71033,1,"4,0",2026-08-21 15:18:14.887777
500611001,YouBike2.0_新光國小(新興路),太平區,新興路200號,51,20,31,2026-08-21 15:05:03,24.15938,120.70748,1,"19,1",2026-08-21 15:18:14.887777
500611002,YouBike2.0_祥順運動公園(環中東路),太平區,環中東路四段629號(南側),15,5,10,2026-08-21 08:24:03,24.13794,120.71059,1,"5,0",2026-08-21 15:18:14.887777
500611003,YouBike2.0_宜昌兒童公園(宜昌路),太平區,宜昌路/十甲路口(西南側),28,0,28,2026-08-21 15:02:20,24.14425,120.71342,1,"0,0",2026-08-21 15:18:14.887777
500611004,YouBike2.0_中山路28巷中山路口(東北側),太平區,中山路28巷/中山路四段口(東北側),20,4,16,2026-08-21 14:45:03,24.15006,120.71215,1,"4,0",2026-08-21 15:18:14.887777
500611005,YouBike2.0_新安兒童公園,太平區,新安街/新興一街口(東南側),15,5,10,2026-08-21 14:51:03,24.16009,120.71154,1,"5,0",2026-08-21 15:18:14.887777
500611006,YouBike2.0_新平立體停車場(樹孝路),太平區,中山路三段/樹孝路口(西北側),35,3,32,2026-08-21 15:10:05,24.148927,120.715953,1,"3,0",2026-08-21 15:18:14.887777
500611007,YouBike2.0_立文公園,太平區,立功路/育才路口(東南側),27,3,24,2026-08-21 15:11:03,24.156571,120.715336,1,"3,0",2026-08-21 15:18:14.887777
500611008,YouBike2.0_新高新光新興聯合里活動中心,太平區,立文街/立功路口(東南側),19,2,17,2026-08-21 15:16:03,24.159456,120.715793,1,"2,0",2026-08-21 15:18:14.887777
500611009,YouBike2.0_新福公園(旱溪東路),太平區,旱溪東路二段/中山路四段口(東北側),38,2,12,2026-08-21 14:59:03,24.15085,120.7013,1,"0,2",2026-08-21 15:18:14.887777
500611010,YouBike2.0_太平宜佳公園,太平區,宜佳街/宜佳街31巷口(西南側),15,3,12,2026-08-21 15:16:03,24.13975,120.71298,1,"3,0",2026-08-21 15:18:14.887777
500611011,YouBike2.0_育賢段社會住宅,太平區,育賢路/立文街口(東南側),18,3,15,2026-08-21 15:15:03,24.158647,120.716738,1,"3,0",2026-08-21 15:18:14.887777
500611012,YouBike2.0_祥順運動公園,太平區,宜昌路87巷/宜昌路口(西南側),30,4,26,2026-08-21 13:38:02,24.13747,120.71251,1,"4,0",2026-08-21 15:18:14.887777
500611013,YouBike2.0_新光國小(太順路),太平區,太順路/新興二街口(東南側),15,1,14,2026-08-21 14:21:19,24.16114,120.70594,1,"1,0",2026-08-21 15:18:14.887777
500611014,YouBike2.0_新平國小,太平區,育德路162巷/樹孝路274巷9弄口(東北側),30,1,29,2026-08-21 14:50:04,24.15436,120.71975,1,"0,1",2026-08-21 15:18:14.887777
500611015,YouBike2.0_一江橋,太平區,光興路/長龍路一段口(西南側),26,1,25,2026-08-21 08:25:04,24.13121,120.73726,1,"1,0",2026-08-21 15:18:14.887777
500611016,YouBike2.0_長億公園,太平區,永成北路/永成北路151巷口(西南側),30,7,23,2026-08-21 15:13:02,24.11776,120.71478,1,"7,0",2026-08-21 15:18:14.887777
500611017,YouBike2.0_太平區運動場,太平區,永平路一段/中興東路口(西北側),30,3,27,2026-08-21 15:03:03,24.13094,120.72047,1,"3,0",2026-08-21 15:18:14.887777
500611018,YouBike2.0_坪林森林公園,太平區,中山路二段401號旁(人行道),30,8,21,2026-08-21 15:12:03,24.15006,120.72839,1,"8,0",2026-08-21 15:18:14.887777
500611019,YouBike2.0_中平公園,太平區,太平路176號,22,7,15,2026-08-21 14:52:03,24.12079,120.7207,1,"6,1",2026-08-21 15:18:14.887777
500611020,YouBike2.0_屯區藝文中心,太平區,長安東路/長安路口(東南側),22,9,13,2026-08-21 15:12:03,24.15664,120.73372,1,"8,1",2026-08-21 15:18:14.887777
500611021,YouBike2.0_大源公園,太平區,大源十八街/環太東路口(東南側),30,5,25,2026-08-21 15:16:03,24.14222,120.72286,1,"5,0",2026-08-21 15:18:14.887777
500611022,YouBike2.0_中平國中,太平區,太平路/太平十三街口(北側),22,1,21,2026-08-21 15:17:04,24.12264,120.71838,1,"0,1",2026-08-21 15:18:14.887777
500611023,YouBike2.0_東村公園,太平區,東村八街13巷16號旁公園,12,4,8,2026-08-21 15:11:03,24.13703,120.72475,1,"4,0",2026-08-21 15:18:14.887777
500611024,YouBike2.0_太平國中,太平區,中山路二段116號,25,1,24,2026-08-21 15:07:19,24.14804,120.73432,1,"1,0",2026-08-21 15:18:14.887777
500611025,YouBike2.0_育賢停車場(育賢路),太平區,育賢路181號(對側人行道),20,5,15,2026-08-21 14:53:02,24.15801,120.71939,1,"5,0",2026-08-21 15:18:14.887777
500611026,YouBike2.0_育賢停車場(近環中東路),太平區,育賢路233號(對側人行道),20,4,16,2026-08-21 14:49:04,24.15834,120.71798,1,"4,0",2026-08-21 15:18:14.887777
500611027,YouBike2.0_豐年公園,太平區,環太東路/大源二街口(南側),14,3,11,2026-08-21 13:49:03,24.14477,120.72333,1,"3,0",2026-08-21 15:18:14.887777
500611028,YouBike2.0_宜富公園,太平區,祥順路一段/宜昌東路160巷口(西北側),15,5,10,2026-08-21 11:33:04,24.14435,120.72167,1,"5,0",2026-08-21 15:18:14.887777
500611029,YouBike2.0_華成曉園,太平區,長安十一街/長安街口(西北側),12,3,9,2026-08-21 15:13:02,24.15268,120.72636,1,"1,2",2026-08-21 15:18:14.887777
500611030,YouBike2.0_太平區福星公園,太平區,太平三街/長億九街口(西南側),17,2,15,2026-08-21 14:18:03,24.113689,120.716475,1,"1,1",2026-08-21 15:18:14.887777
500611031,YouBike2.0_臺中市立圖書館太平坪林分館,太平區,中山路一段213號,10,0,10,2026-08-21 14:16:16,24.141639,120.732547,1,"0,0",2026-08-21 15:18:14.887777
500611032,YouBike2.0_祥順新平路一段口,太平區,祥順路一段/新平路一段口(西南側),17,3,14,2026-08-21 15:06:03,24.13582,120.71546,1,"2,1",2026-08-21 15:18:14.887777
500611033,YouBike2.0_新坪里活動中心,太平區,新平路三段394巷1號前停車場,12,3,9,2026-08-21 14:47:04,24.15577,120.72609,1,"2,1",2026-08-21 15:18:14.887777
500611034,YouBike2.0_太平國小,太平區,中興路/新平路一段口(西南側),12,0,0,2026-07-12 00:01:03,24.128217,120.717186,0,"0,0",2026-08-21 15:18:14.887777
500611035,YouBike2.0_太平產業園區,太平區,光興路/園區路口(西北側),15,5,10,2026-08-21 14:31:03,24.09998,120.7288,1,"4,1",2026-08-21 15:18:14.887777
500611036,YouBike2.0_永福公園,太平區,太堤西路/長億十一街口(西南側),20,4,16,2026-08-21 14:59:03,24.11157,120.71575,1,"4,0",2026-08-21 15:18:14.887777
500611037,YouBike2.0_勤益科大(東側門),太平區,勤益大道/中山路一段215巷口(西北側),35,2,33,2026-08-21 15:10:05,24.14338,120.73244,1,"2,0",2026-08-21 15:18:14.887777
500611038,YouBike2.0_福平公園,太平區,建祥街/建功街口(東北側),11,2,9,2026-08-21 15:14:04,24.12615,120.72405,1,"2,0",2026-08-21 15:18:14.887777
500611039,YouBike2.0_吉祥公園,太平區,祥順路一段/坪林橋口(西北側),16,6,10,2026-08-21 14:57:02,24.14967,120.72318,1,"6,0",2026-08-21 15:18:14.887777
500611040,YouBike2.0_光隆國小,太平區,光興路487巷/光德路390巷口(東南側),18,4,14,2026-08-21 15:03:03,24.10507,120.72687,1,"4,0",2026-08-21 15:18:14.887777
500611041,YouBike2.0_新福振武路口,太平區,新福路/振武路口(北側),15,9,6,2026-08-21 14:57:02,24.154775,120.704152,1,"9,0",2026-08-21 15:18:14.887777
500611042,YouBike2.0_中山路二段大興路口,太平區,中山路二段/大興路口(西北側),12,8,4,2026-08-21 12:46:03,24.15062,120.73296,1,"8,0",2026-08-21 15:18:14.887777
500611043,YouBike2.0_麗園公園(環太東路),太平區,環太東路461號(西南側),30,0,0,2026-07-12 00:01:03,24.15707,120.72884,0,"0,0",2026-08-21 15:18:14.887777
500611045,YouBike2.0_建國公園,太平區,精美路240號(東側公園),15,0,15,2026-08-21 13:43:18,24.123436,120.724367,1,"0,0",2026-08-21 15:18:14.887777
500611046,YouBike2.0_太平里永豐公園,太平區,永豐路28巷/永豐路口(西北側),10,8,2,2026-08-21 14:33:05,24.124335,120.71274,1,"7,1",2026-08-21 15:18:14.887777
500611047,YouBike2.0_溪南公園,太平區,環太東路/太安一街口(東側),13,4,9,2026-08-21 13:42:02,24.15961,120.73815,1,"4,0",2026-08-21 15:18:14.887777
500611048,YouBike2.0_德興公園(新安街),太平區,新安街112號(對側人行道),13,3,8,2026-08-21 15:09:04,24.16015,120.70925,1,"3,0",2026-08-21 15:18:14.887777
500611049,YouBike2.0_宜欣公園,太平區,宜昌東路90巷/祥順路一段口,15,4,10,2026-08-21 15:15:03,24.13826,120.71905,1,"4,0",2026-08-21 15:18:14.887777
500611050,YouBike2.0_太平區廣1停車場,太平區,太興路27號(對側),15,2,13,2026-08-21 13:18:03,24.162523,120.706472,1,"2,0",2026-08-21 15:18:14.887777
500611051,YouBike2.0_長億高中,太平區,長億六街1號,35,0,0,2026-07-12 00:01:03,24.11356,120.72134,0,"0,0",2026-08-21 15:18:14.887777
500611052,YouBike2.0_光華高工,太平區,東平路23號(對側),19,6,13,2026-08-21 11:11:03,24.13392,120.7357,1,"5,1",2026-08-21 15:18:14.887777
500611053,YouBike2.0_綠1公園,太平區,成功東路/中興東路口(東北側),20,6,14,2026-08-21 14:01:03,24.1338,120.72594,1,"6,0",2026-08-21 15:18:14.887777
500611054,YouBike2.0_精美公園,太平區,正誠街460號(東南側),15,2,13,2026-08-21 15:17:04,24.125722,120.725481,1,"2,0",2026-08-21 15:18:14.887777
500611055,YouBike2.0_臺中市立圖書館太平分館,太平區,太平三街20號(南側),12,9,3,2026-08-21 15:16:03,24.118839,120.721573,1,"9,0",2026-08-21 15:18:14.887777
500611056,YouBike2.0_大興路大興十九街口,太平區,大興路/大興十九街口(東北側),15,1,14,2026-08-21 14:15:04,24.15747,120.74221,1,"1,0",2026-08-21 15:18:14.887777
500611057,YouBike2.0_馬卡龍公園(市民大道),太平區,市民大道/東英十七街口(東側),15,7,8,2026-08-21 14:23:03,24.14814,120.712,1,"7,0",2026-08-21 15:18:14.887777
500611058,YouBike2.0_馬卡龍公園(環中東路),太平區,環中東路四段/市民大道一段口(北側),15,8,7,2026-08-21 12:36:03,24.14606,120.71262,1,"8,0",2026-08-21 15:18:14.887777
500611059,YouBike2.0_甲堤公園,太平區,新仁路一段206巷23弄7號(西側),12,4,8,2026-08-21 15:14:04,24.11203,120.70151,1,"4,0",2026-08-21 15:18:14.887777
500611060,YouBike2.0_正誠公園,太平區,正誠街48號前,13,3,9,2026-08-21 14:03:03,24.129492,120.731408,1,"3,0",2026-08-21 15:18:14.887777
500611062,YouBike2.0_太平區921震災紀念公園,太平區,太平路12號(西南側),20,3,17,2026-08-21 10:59:03,24.1176,120.72363,1,"3,0",2026-08-21 15:18:14.887777
500611063,YouBike2.0_新光水資源回收中心,太平區,祥順路一段5號,15,3,12,2026-08-20 18:52:03,24.13556,120.7121,1,"3,0",2026-08-21 15:18:14.887777
500611065,YouBike2.0_光興光興路1352巷口,太平區,光興路/光興路1352巷口(南側),15,2,13,2026-08-21 13:54:02,24.116463,120.732769,1,"1,1",2026-08-21 15:18:14.887777
500611066,YouBike2.0_德明路428巷口,太平區,德明路400巷1弄35號旁,16,4,11,2026-08-21 14:46:03,24.10327,120.71989,1,"3,1",2026-08-21 15:18:14.887777
500611067,YouBike2.0_東平夜市,太平區,東平路501號,17,8,9,2026-08-21 15:16:03,24.13363,120.71907,1,"7,1",2026-08-21 15:18:14.887777
500611068,YouBike2.0_永義太平路口,太平區,永義路246號旁,16,6,10,2026-08-21 15:10:05,24.12707,120.71137,1,"6,0",2026-08-21 15:18:14.887777
500611070,YouBike2.0_光興光明路口,太平區,光興路/光明路口,18,7,11,2026-08-21 14:55:03,24.11009,120.73003,1,"6,1",2026-08-21 15:18:14.887777
500611071,YouBike2.0_宜欣仁和公園,太平區,仁和街4巷18號,24,3,21,2026-08-21 15:16:03,24.13706,120.71767,1,"3,0",2026-08-21 15:18:14.887777
500611073,YouBike2.0_環中東路樹德八街口,太平區,環中東路三段/樹德八街口(西北側),30,5,25,2026-08-21 12:36:03,24.15575,120.7169,1,"5,0",2026-08-21 15:18:14.887777
500611074,YouBike2.0_新高國小,太平區,立功路68號(西南側),28,4,24,2026-08-21 14:37:02,24.1505,120.71332,1,"4,0",2026-08-21 15:18:14.887777
500611075,YouBike2.0_八德公園,太平區,中山路三段2-8號,30,3,27,2026-08-21 15:09:04,24.14785,120.72255,1,"3,0",2026-08-21 15:18:14.887777
500611076,YouBike2.0_環中東樹孝路273巷口,太平區,環中東路三段305號前,35,9,26,2026-08-21 14:29:03,24.15445,120.71711,1,"8,1",2026-08-21 15:18:14.887777
500611077,YouBike2.0_太平長億好宅,太平區,永成北路33巷/長億路口,20,5,15,2026-08-21 15:08:03,24.11476,120.71500,1,"5,0",2026-08-21 15:18:14.887777
500611078,YouBike2.0_長億高中(長億八街),太平區,長億八街/永祥街口,45,8,37,2026-08-21 15:17:04,24.11272,120.71962,1,"7,1",2026-08-21 15:18:14.887777
500611080,YouBike2.0_大興路大興十五街口,太平區,大興路361號,18,3,15,2026-08-21 11:11:03,24.15712,120.73785,1,"2,1",2026-08-21 15:18:14.887777
500612001,YouBike2.0_清水牛罵頭停車場,清水區,光華路145號(對側人行道),24,9,15,2026-08-21 14:49:04,24.26851,120.5742,1,"9,0",2026-08-21 15:18:14.887777
500612002,YouBike2.0_臺中市港區藝術中心,清水區,鎮政路/忠貞路口(北側),16,7,9,2026-08-21 14:12:04,24.26935,120.55791,1,"7,0",2026-08-21 15:18:14.887777
500612003,YouBike2.0_清水運動場,清水區,五權二街/五權路口(東側),24,6,18,2026-08-21 07:30:03,24.27824,120.55876,1,"6,0",2026-08-21 15:18:14.887777
500612004,YouBike2.0_高美濕地第一停車場,清水區,高美路/美堤街口(東南側),50,8,42,2026-08-21 14:12:04,24.30252,120.54643,1,"8,0",2026-08-21 15:18:14.887777
500612005,YouBike2.0_高美濕地第二停車場,清水區,臨港路六段100號(北側),16,3,13,2026-08-20 19:00:21,24.2956,120.5441,1,"3,0",2026-08-21 15:18:14.887777
500612006,YouBike2.0_高美濕地,清水區,美堤街168號前,60,10,50,2026-08-21 13:47:02,24.31034,120.55019,1,"10,0",2026-08-21 15:18:14.887777
500612007,YouBike2.0_清水車站,清水區,中正街/中正街73巷口(南側),52,10,42,2026-08-21 15:01:03,24.26312,120.57032,1,"10,0",2026-08-21 15:18:14.887777
500612008,YouBike2.0_槺榔運動公園,清水區,港口路/中央路口(西南側),15,3,12,2026-08-21 14:30:21,24.265868,120.546131,1,"3,0",2026-08-21 15:18:14.887777
500612009,YouBike2.0_槺新公園,清水區,中央路38巷/鎮政二街99巷口(西南側),10,3,7,2026-08-21 12:21:03,24.268847,120.549175,1,"3,0",2026-08-21 15:18:14.887777
500612010,YouBike2.0_清水國中,清水區,鰲峰路245號(對側),20,16,4,2026-08-21 15:17:04,24.267703,120.562295,1,"16,0",2026-08-21 15:18:14.887777
500612011,YouBike2.0_牛埔仔運動公園,清水區,信義路115號(對側),15,3,12,2026-08-21 14:23:16,24.264749,120.55254,1,"3,0",2026-08-21 15:18:14.887777
500612012,YouBike2.0_清水高中,清水區,中山路/學園街口(東南側),23,16,7,2026-08-21 15:02:02,24.265751,120.574272,1,"16,0",2026-08-21 15:18:14.887777
500612013,YouBike2.0_牛罵頭停車場(中山路),清水區,中山路/鎮北街23巷口(西南側),8,8,0,2026-08-21 15:07:19,24.268155,120.575002,1,"8,0",2026-08-21 15:18:14.887777
500612014,YouBike2.0_四維港都路口,清水區,四維路二段/港都路口(北側),22,3,19,2026-08-21 14:47:04,24.268124,120.539768,1,"3,0",2026-08-21 15:18:14.887777
500612015,YouBike2.0_牛罵頭遺址,清水區,鰲海路/吳厝路口(西南側),13,1,12,2026-08-21 07:31:04,24.26796,120.58057,1,"1,0",2026-08-21 15:18:14.887777
500612016,YouBike2.0_鰲峰山公園,清水區,鰲海路100號(對側停車場),15,5,10,2026-08-21 14:46:03,24.27362,120.58488,1,"5,0",2026-08-21 15:18:14.887777
500612017,YouBike2.0_清水區公所,清水區,鎮政路/鎮政路55巷口(西側),30,8,22,2026-08-21 15:13:02,24.26848,120.55998,1,"8,0",2026-08-21 15:18:14.887777
500612018,YouBike2.0_清海國中,清水區,中央路/平等路口(西南側),15,8,7,2026-08-21 10:53:02,24.27648,120.55441,1,"8,0",2026-08-21 15:18:14.887777
500612019,YouBike2.0_甲桂林社區,清水區,忠誠路/中社路口(東南側),12,4,8,2026-08-21 06:27:03,24.274235,120.55004,1,"4,0",2026-08-21 15:18:14.887777
500612020,YouBike2.0_運五棒球場,清水區,南社路/中山路田尾巷口(東北側),12,4,7,2026-08-21 07:04:04,24.26336,120.56697,1,"4,0",2026-08-21 15:18:14.887777
500612021,YouBike2.0_海巡署中部分署,清水區,中社路900號,12,4,8,2026-08-21 14:32:04,24.27581,120.54225,1,"4,0",2026-08-21 15:18:14.887777
500612022,YouBike2.0_清水停八停車場,清水區,港都路/港都三路口(西北側),12,2,10,2026-08-21 14:28:02,24.26929,120.5363,1,"2,0",2026-08-21 15:18:14.887777
500612023,YouBike2.0_清水停二停車場,清水區,八德東路241號(對側人行道),30,7,23,2026-08-21 15:17:04,24.26788,120.53717,1,"7,0",2026-08-21 15:18:14.887777
500612024,YouBike2.0_和平新城,清水區,鎮政路27號前,28,9,19,2026-08-21 15:03:03,24.26531,120.56068,1,"9,0",2026-08-21 15:18:14.887777
500612025,YouBike2.0_中華中清路口,清水區,中華路/中清路八段口(東北側),12,3,9,2026-08-21 14:52:03,24.27032,120.5678,1,"3,0",2026-08-21 15:18:14.887777
500612026,YouBike2.0_石瀨頭公園,清水區,光明路62號(東南側),12,3,9,2026-08-21 14:42:02,24.273081,120.580028,1,"3,0",2026-08-21 15:18:14.887777
500612027,YouBike2.0_大楊油庫休憩公園,清水區,鰲海路/海風二街(西南側),10,4,6,2026-08-20 21:45:16,24.295837,120.611673,1,"4,0",2026-08-21 15:18:14.887777
500612028,YouBike2.0_航線休憩驛站,清水區,神清路59號之3前,9,4,5,2026-08-19 20:54:04,24.273993,120.630303,1,"4,0",2026-08-21 15:18:14.887777
500612029,YouBike2.0_吳厝國小,清水區,吳厝路35號,10,5,5,2026-08-21 14:07:02,24.267409,120.602975,1,"5,0",2026-08-21 15:18:14.887777
500612030,YouBike2.0_中山中興街口,清水區,中山路345號前,14,3,11,2026-08-21 15:11:03,24.271872,120.576446,1,"3,0",2026-08-21 15:18:14.887777
500612031,YouBike2.0_聖王宮,清水區,和睦路二段/和睦路二段26巷8弄口(西側),10,6,4,2026-08-21 07:38:02,24.29228,120.632397,1,"5,1",2026-08-21 15:18:14.887777
500612032,YouBike2.0_西寧國小(五權東路),清水區,五權東路/中華路584巷口(東側),13,5,8,2026-08-21 15:09:04,24.275535,120.574531,1,"5,0",2026-08-21 15:18:14.887777
500612033,YouBike2.0_橋頭社區活動中心,清水區,橋江南街68號(西側),13,1,12,2026-08-21 14:41:03,24.279202,120.571783,1,"1,0",2026-08-21 15:18:14.887777
500612034,YouBike2.0_五權路民享路口,清水區,五權路/民享路口(西南側),20,3,17,2026-08-21 15:05:03,24.27669,120.56817,1,"3,0",2026-08-21 15:18:14.887777
500612035,YouBike2.0_漁港海濱路口,清水區,漁港路117號(對側),11,4,7,2026-08-21 11:40:04,24.28701,120.54383,1,"4,0",2026-08-21 15:18:14.887777
500612036,YouBike2.0_漁港文興路口,清水區,漁港路/文興路口(東南側),10,4,6,2026-08-21 10:19:03,24.28829,120.54191,1,"4,0",2026-08-21 15:18:14.887777
500612037,YouBike2.0_五權南平等路口,清水區,五權南路/平等路口(西北側),10,5,5,2026-08-21 13:59:03,24.27454,120.55886,1,"5,0",2026-08-21 15:18:14.887777
500612038,YouBike2.0_五權五權南路口,清水區,五權路269號旁,15,3,12,2026-08-21 13:14:03,24.27722,120.56022,1,"3,0",2026-08-21 15:18:14.887777
500612039,YouBike2.0_牛埔仔運動公園(民權一街),清水區,民權一街178-17號(西北側),15,5,10,2026-08-21 14:22:04,24.26456,120.553838,1,"5,0",2026-08-21 15:18:14.887777
500612040,YouBike2.0_中山星河路口,清水區,中山路2-2號(北側),20,1,19,2026-08-21 14:58:02,24.2598,120.571395,1,"1,0",2026-08-21 15:18:14.887777
500612041,YouBike2.0_中華南華路口,清水區,中華路二段/南華路口(東南側),12,7,5,2026-08-21 07:03:02,24.267257,120.566341,1,"7,0",2026-08-21 15:18:14.887777
500612042,YouBike2.0_中華民族路口,清水區,中華路151-1號(東南側),12,6,6,2026-08-21 12:49:03,24.264166,120.56294,1,"6,0",2026-08-21 15:18:14.887777
500612043,YouBike2.0_中山中正街口,清水區,中山路79號(東北側),19,5,10,2026-08-21 15:14:04,24.262297,120.572531,1,"5,0",2026-08-21 15:18:14.887777
500612044,YouBike2.0_臺中市立圖書館清水分館,清水區,鎮政路50號(北側),12,6,6,2026-08-21 14:11:03,24.266712,120.561329,1,"6,0",2026-08-21 15:18:14.887777
500612045,YouBike2.0_甲南中山路口(西南側),清水區,甲南路/中山路口(西南側),15,6,9,2026-08-21 13:42:02,24.30466,120.60101,1,"6,0",2026-08-21 15:18:14.887777
500612047,YouBike2.0_仁愛民和路二段口,清水區,民和路二段222號(西南側),15,3,12,2026-08-21 14:51:03,24.260769,120.554265,1,"3,0",2026-08-21 15:18:14.887777
500612048,YouBike2.0_仁愛信義路口,清水區,信義路3號(東南側),15,6,9,2026-08-21 13:52:03,24.261709,120.551153,1,"6,0",2026-08-21 15:18:14.887777
500612049,YouBike2.0_中央鎮平路口,清水區,中央路118號(東南側),15,8,7,2026-08-21 11:55:03,24.291249,120.565047,1,"7,1",2026-08-21 15:18:14.887777
500612050,YouBike2.0_建國國小,清水區,建國路10號(東南側),13,6,6,2026-08-21 11:18:03,24.270029,120.563349,1,"6,0",2026-08-21 15:18:14.887777
500612051,YouBike2.0_槺榔社區活動中心,清水區,仁愛路223號(對側),10,3,7,2026-08-21 14:37:02,24.26315,120.54637,1,"3,0",2026-08-21 15:18:14.887777
500612052,YouBike2.0_清水民族民和路口,清水區,民族路二段/民和路二段口(西南側),15,3,12,2026-08-21 14:17:03,24.265425,120.555876,1,"3,0",2026-08-21 15:18:14.887777
500612053,YouBike2.0_橋江北街鎮平路口,清水區,橋江北街二段20號(西北側),10,3,7,2026-08-21 12:25:04,24.29185,120.554667,1,"3,0",2026-08-21 15:18:14.887777
500612055,YouBike2.0_清水車站(後站停車場),清水區,南社路/南新路口(東南側),25,2,22,2026-08-21 15:03:03,24.263967,120.568188,1,"2,0",2026-08-21 15:18:14.887777
500612056,YouBike2.0_中清路橋下籃球場,清水區,中清路八段720號(東側),15,12,3,2026-08-21 15:17:04,24.265886,120.571529,1,"12,0",2026-08-21 15:18:14.887777
500612058,YouBike2.0_清水停三停車場,清水區,港埠路三段209號(南側),20,7,13,2026-08-21 13:43:03,24.26672,120.54323,1,"7,0",2026-08-21 15:18:14.887777
500612059,YouBike2.0_臨港三順路口,清水區,臨港路六段/三順路口(北側),15,7,8,2026-08-20 21:43:03,24.295111,120.555292,1,"7,0",2026-08-21 15:18:14.887777
500612060,YouBike2.0_民安鰲峰路口,清水區,民安路368號對側,15,5,10,2026-08-21 12:45:04,24.26499,120.54941,1,"5,0",2026-08-21 15:18:14.887777
500612061,YouBike2.0_海風里活動中心,清水區,海風二街326巷26號,15,5,10,2026-08-18 20:43:02,24.29552,120.61534,1,"5,0",2026-08-21 15:18:14.887777
500612062,YouBike2.0_大楊國小,清水區,鰲海路325號,15,5,9,2026-08-20 21:48:02,24.29275,120.61049,1,"5,0",2026-08-21 15:18:14.887777
500612063,YouBike2.0_四維東大勇路口,清水區,四維東路472號,17,5,12,2026-08-21 14:23:03,24.26556,120.54094,1,"5,0",2026-08-21 15:18:14.887777
500612065,YouBike2.0_溪底(三美路),清水區,三美路147-2號對側,10,5,5,2026-08-21 13:58:04,24.29902,120.57789,1,"5,0",2026-08-21 15:18:14.887777
500612066,YouBike2.0_三美三田路口,清水區,三美路31-5號對側,15,5,10,2026-08-21 13:09:02,24.29075,120.57477,1,"5,0",2026-08-21 15:18:14.887777
500612067,YouBike2.0_高美中央北路口,清水區,三美路302-6號旁,15,5,10,2026-08-21 14:57:02,24.29065,120.57141,1,"5,0",2026-08-21 15:18:14.887777
500612068,YouBike2.0_大街中航路口,清水區,大街路/中航路三段口,15,2,13,2026-08-21 11:04:02,24.2644,120.57594,1,"2,0",2026-08-21 15:18:14.887777
500612069,YouBike2.0_大秀國小,清水區,中央路67-6號對側,20,3,17,2026-08-21 12:37:04,24.27966,120.55605,1,"3,0",2026-08-21 15:18:14.887777
500612070,YouBike2.0_臺中海洋生態館,清水區,北堤路50號(東南側),20,5,15,2026-08-21 15:04:04,24.295923,120.520487,1,"4,1",2026-08-21 15:18:14.887777
500612071,YouBike2.0_中社里步道,清水區,中社路97之62號(西南側),18,3,15,2026-08-21 10:30:04,24.273149,120.546922,1,"3,0",2026-08-21 15:18:14.887777
500612072,YouBike2.0_槺海公園,清水區,八德路三段300號(西南側),18,5,13,2026-08-20 17:03:02,24.27532,120.537711,1,"5,0",2026-08-21 15:18:14.887777
500612073,YouBike2.0_清水納骨塔服務中心,清水區,頂湳路101號對側,15,4,11,2026-08-21 08:47:02,24.30233,120.60036,1,"4,0",2026-08-21 15:18:14.887777
500612074,YouBike2.0_新興中山路口,清水區,新興路/中山路口(東側),18,2,16,2026-08-21 14:54:03,24.27369,120.57773,1,"2,0",2026-08-21 15:18:14.887777
500612075,YouBike2.0_高美社區公車站,清水區,高美路530號(西北側),12,5,7,2026-08-21 09:27:03,24.308405,120.562726,1,"5,0",2026-08-21 15:18:14.887777
500612077,YouBike2.0_高北加壓站園區,清水區,護岸路121號對側,15,4,11,2026-08-19 16:21:03,24.32401,120.56327,1,"4,0",2026-08-21 15:18:14.887777
500612078,YouBike2.0_中山路福圳街口,清水區,中山路/福圳街口(西南側),18,3,15,2026-08-21 15:12:04,24.27645,120.57780,1,"3,0",2026-08-21 15:18:14.887777
500612079,YouBike2.0_清水區親子公園,清水區,鰲峰路/鰲峰路141巷(東南側),15,5,10,2026-08-21 09:04:02,24.26816,120.57032,1,"5,0",2026-08-21 15:18:14.887777
500612080,YouBike2.0_忠孝路140巷口,清水區,忠孝路/忠孝路140巷口(東北側),15,1,14,2026-08-21 14:20:05,24.26211,120.55892,1,"1,0",2026-08-21 15:18:14.887777
500612081,YouBike2.0_清水國民暨兒童運動中心,清水區,鎮政路/中央路口(西北側),25,6,19,2026-08-21 15:17:04,24.27133,120.55011,1,"6,0",2026-08-21 15:18:14.887777
500612082,YouBike2.0_中央北三田路口,清水區,中央北路10之19號(西南側),13,2,11,2026-08-21 12:25:04,24.29227,120.5746,1,"2,0",2026-08-21 15:18:14.887777
500612084,YouBike2.0_菁埔庄公車站,清水區,中山路/中央北路口(西南側),15,5,10,2026-08-21 14:40:04,24.29609,120.59080,1,"5,0",2026-08-21 15:18:14.887777
500612085,YouBike2.0_和築鯨天下,清水區,民族路三段57號,21,2,19,2026-08-21 14:17:03,24.26876,120.54197,1,"2,0",2026-08-21 15:18:14.887777
500612087,YouBike2.0_鰲新路111巷口,清水區,鰲新路112號,17,4,13,2026-08-21 15:16:03,24.26736,120.55475,1,"3,1",2026-08-21 15:18:14.887777
500612089,YouBike2.0_民族大勇北路口,清水區,民族路三段/大勇北路口(西北側),18,3,15,2026-08-21 14:23:03,24.27193,120.53410,1,"3,0",2026-08-21 15:18:14.887777
500612090,YouBike2.0_清泉國中,清水區,臨海路27之2號(東側),20,0,20,2026-08-21 15:12:17,24.30547,120.59404,1,"0,0",2026-08-21 15:18:14.887777
500612094,YouBike2.0_橋江南街225巷口,清水區,橋江南街225巷口(光明橋旁),18,1,17,2026-08-21 13:13:16,24.28194,120.56500,1,"1,0",2026-08-21 15:18:14.887777
500612095,YouBike2.0_首園公車站,清水區,中社路/鰲峰路380巷口(西北側),18,5,13,2026-08-21 13:35:04,24.27285,120.55458,1,"5,0",2026-08-21 15:18:14.887777
500612096,YouBike2.0_三順路美堤街口,清水區,三順路/美堤街口(東南側),20,2,18,2026-08-21 11:53:03,24.29951,120.54676,1,"2,0",2026-08-21 15:18:14.887777
500612097,YouBike2.0_民族鎮政路口,清水區,民族路二段/鎮政路口(東側),18,6,12,2026-08-21 10:53:02,24.26751,120.54626,1,"6,0",2026-08-21 15:18:14.887777
500612098,YouBike2.0_大街路清水街口,清水區,大街路/清水街口,22,3,19,2026-08-21 14:11:03,24.26850,120.57817,1,"3,0",2026-08-21 15:18:14.887777
500613001,YouBike2.0_北勢國小,沙鹿區,過洋路/過洋路口(東南側),15,4,11,2026-08-21 14:46:03,24.217451,120.57138,1,"4,0",2026-08-21 15:18:14.887777
500613002,YouBike2.0_六福公園,沙鹿區,北勢東路/北勢東路265巷口(西北側),18,7,11,2026-08-21 14:29:03,24.215764,120.579808,1,"7,0",2026-08-21 15:18:14.887777
500613003,YouBike2.0_臺灣大道晉武路口,沙鹿區,臺灣大道七段/晉武路口(西北側),14,0,0,2026-07-12 00:01:03,24.221645,120.579195,0,"0,0",2026-08-21 15:18:14.887777
500613004,YouBike2.0_靜宜大學,沙鹿區,臺灣大道七段200號(南側人行道),28,4,24,2026-08-21 14:06:02,24.225434,120.577231,1,"4,0",2026-08-21 15:18:14.887777
500613005,YouBike2.0_沙鹿車站(中正街東側出口),沙鹿區,中正街94號(東側),20,5,15,2026-08-21 15:16:03,24.23686,120.55765,1,"5,0",2026-08-21 15:18:14.887777
500613006,YouBike2.0_鎮南沙田路口,沙鹿區,鎮南路二段/沙田路口(東北側),15,1,14,2026-08-21 14:57:02,24.23467,120.559418,1,"1,0",2026-08-21 15:18:14.887777
500613007,YouBike2.0_鹿鳴公園(賢義街),沙鹿區,賢義街/光華路口(東南側),25,6,19,2026-08-21 14:44:03,24.243432,120.566751,1,"6,0",2026-08-21 15:18:14.887777
500613008,YouBike2.0_鹿鳴公園(賢正街),沙鹿區,賢正街/賢正街口(西北側),25,7,18,2026-08-21 09:58:02,24.242816,120.568445,1,"7,0",2026-08-21 15:18:14.887777
500613009,YouBike2.0_鹿寮成衣商圈(中山路),沙鹿區,中山路/錦華街口(東北側),13,1,12,2026-08-21 14:47:04,24.249281,120.565039,1,"0,1",2026-08-21 15:18:14.887777
500613010,YouBike2.0_沙鹿區兒童公園,沙鹿區,北勢東路/北勢二街口(西南側),10,3,7,2026-08-21 14:33:05,24.229714,120.569901,1,"3,0",2026-08-21 15:18:14.887777
500613011,YouBike2.0_臺灣大道正英路口,沙鹿區,臺灣大道六段/正英路口(西北側),16,6,10,2026-08-21 15:16:03,24.210069,120.58112,1,"5,1",2026-08-21 15:18:14.887777
500613012,YouBike2.0_沙鹿車站(新站路西側出口),沙鹿區,新站三路/新站路口(西北側),39,12,27,2026-08-21 14:49:04,24.23752,120.55638,1,"12,0",2026-08-21 15:18:14.887777
500613013,YouBike2.0_沙鹿高工,沙鹿區,台灣大道七段/光華路口(東南側),28,15,13,2026-08-21 15:17:04,24.23888,120.56583,1,"15,0",2026-08-21 15:18:14.887777
500613014,YouBike2.0_沙鹿區公所,沙鹿區,鎮政路/鎮南路二段口(東北側),22,0,0,2026-07-22 01:34:02,24.23392,120.56586,0,"0,0",2026-08-21 15:18:14.887777
500613015,YouBike2.0_光大公園,沙鹿區,光大路/光華路口(東北側),30,8,22,2026-08-21 13:58:03,24.24384,120.56529,1,"8,0",2026-08-21 15:18:14.887777
500613016,YouBike2.0_中山光華路口,沙鹿區,中山路/光華路口(西北側),38,8,30,2026-08-21 14:49:04,24.23736,120.56425,1,"8,0",2026-08-21 15:18:14.887777
500613017,YouBike2.0_中山路四平街口,沙鹿區,中山路/四平街口(西南側),22,10,12,2026-08-21 15:07:05,24.23781,120.56093,1,"10,0",2026-08-21 15:18:14.887777
500613018,YouBike2.0_三鹿社區活動中心,沙鹿區,自強路/自強路291巷口(西北側),10,5,5,2026-08-21 14:31:03,24.201468,120.567989,1,"5,0",2026-08-21 15:18:14.887777
500613019,YouBike2.0_沙鹿區青年公園,沙鹿區,東晉路/東晉路六福巷口(東南側),13,7,6,2026-08-21 15:10:05,24.222319,120.573356,1,"7,0",2026-08-21 15:18:14.887777
500613020,YouBike2.0_弘光科技大學,沙鹿區,臺灣大道六段1018號(北側人行道),24,6,18,2026-08-21 14:24:03,24.217922,120.58057,1,"6,0",2026-08-21 15:18:14.887777
500613021,YouBike2.0_青山公園,沙鹿區,福至路/鎮南路二段口(西南側),20,2,18,2026-08-21 15:00:05,24.226272,120.567651,1,"2,0",2026-08-21 15:18:14.887777
500613022,YouBike2.0_臺中港區運動公園,沙鹿區,自強路301號(東側),15,2,13,2026-08-21 14:59:03,24.204026,120.564745,1,"2,0",2026-08-21 15:18:14.887777
500613023,YouBike2.0_沙鹿區勞工服務中心,沙鹿區,沙鹿區中山路658號前,15,0,15,2026-07-12 00:01:03,24.257691,120.570205,0,"0,0",2026-08-21 15:18:14.887777
500613024,YouBike2.0_三民七賢南路口,沙鹿區,三民路/七賢南路口(西南側),21,5,16,2026-08-21 12:13:02,24.241513,120.570703,1,"5,0",2026-08-21 15:18:14.887777
500613025,YouBike2.0_臺灣大道北勢東路658巷口,沙鹿區,臺灣大道七段/北勢東路658巷口(東南側),16,7,9,2026-08-21 12:05:03,24.23036,120.57357,1,"7,0",2026-08-21 15:18:14.887777
500613026,YouBike2.0_南勢溪公園,沙鹿區,南斗路/自由路口(南側),12,2,10,2026-08-21 15:02:02,24.216695,120.562927,1,"2,0",2026-08-21 15:18:14.887777
500613027,YouBike2.0_臺中市立圖書館沙鹿深波分館,沙鹿區,鎮南路二段500號(西南側機車停車棚),15,5,10,2026-08-21 14:49:05,24.233541,120.563636,1,"5,0",2026-08-21 15:18:14.887777
500613028,YouBike2.0_臺灣大道臺灣大道六段926巷口,沙鹿區,臺灣大道六段/臺灣大道六段926巷口(西南側),19,3,16,2026-08-21 06:45:03,24.214325,120.580575,1,"3,0",2026-08-21 15:18:14.887777
500613029,YouBike2.0_沙鹿區公館公園,沙鹿區,中清路六段161號(東南側),15,7,8,2026-08-21 12:21:03,24.24525,120.61105,1,"7,0",2026-08-21 15:18:14.887777
500613030,YouBike2.0_鹿峰公園,沙鹿區,星河路604號(對側),15,2,13,2026-08-21 06:01:02,24.25923,120.57417,1,"2,0",2026-08-21 15:18:14.887777
500613031,YouBike2.0_鹿峰國小(星河路),沙鹿區,星河路255號(對側),12,0,12,2026-07-12 00:01:03,24.25616,120.5713,0,"0,0",2026-08-21 15:18:14.887777
500613032,YouBike2.0_臺中市立公明國民中學,沙鹿區,中清路六段567號,20,8,11,2026-08-21 14:31:03,24.24971,120.59866,1,"8,0",2026-08-21 15:18:14.887777
500613033,YouBike2.0_向上路七段太平路口(西南側),沙鹿區,太平路112號(西北側),15,5,10,2026-08-21 14:21:03,24.217419,120.547859,1,"5,0",2026-08-21 15:18:14.887777
500613034,YouBike2.0_清泉社區活動中心,沙鹿區,東大路二段1577號(南側),14,5,9,2026-08-21 14:20:05,24.241504,120.614668,1,"5,0",2026-08-21 15:18:14.887777
500613035,YouBike2.0_明秀公園,沙鹿區,正順路/正義路107巷口(東南側),27,2,25,2026-08-21 15:08:03,24.204865,120.572616,1,"2,0",2026-08-21 15:18:14.887777
500613036,YouBike2.0_斗抵社區活動中心,沙鹿區,斗潭路/斗潭路195巷口(西南側),26,3,23,2026-08-21 14:55:03,24.22542,120.55431,1,"3,0",2026-08-21 15:18:14.887777
500613037,YouBike2.0_沙田天仁街口,沙鹿區,沙田路/天仁街口(東北側),15,1,14,2026-08-21 13:18:03,24.22298,120.55704,1,"1,0",2026-08-21 15:18:14.887777
500613038,YouBike2.0_公明國小,沙鹿區,忠貞路213號,10,6,4,2026-08-21 12:24:02,24.24367,120.60837,1,"6,0",2026-08-21 15:18:14.887777
500613039,YouBike2.0_南斗宮,沙鹿區,南陽路三角巷3-1號,14,2,12,2026-08-21 13:42:02,24.21741,120.56791,1,"2,0",2026-08-21 15:18:14.887777
500613040,YouBike2.0_南勢溪口,沙鹿區,南昌路/南斗路(西南側),15,3,12,2026-08-21 06:11:02,24.2154,120.55836,1,"3,0",2026-08-21 15:18:14.887777
500613041,YouBike2.0_中山路紅竹巷口,沙鹿區,中山路/中山路紅竹巷口(西側),15,1,14,2026-08-21 15:09:58,24.23784,120.57052,1,"1,0",2026-08-21 15:18:14.887777
500613042,YouBike2.0_沙田路永和巷口,沙鹿區,沙田路永和巷5號(南側),12,3,9,2026-08-21 08:24:03,24.229117,120.55792,1,"3,0",2026-08-21 15:18:14.887777
500613043,YouBike2.0_舞衫生態公園(自強路),沙鹿區,自強路1028號(西北側),15,3,12,2026-08-21 14:01:03,24.2101,120.5559,1,"3,0",2026-08-21 15:18:14.887777
500613044,YouBike2.0_翔園(中清路六段451巷),沙鹿區,中清路六段451巷/忠貞路20巷(西北側),15,6,9,2026-08-21 14:44:03,24.246797,120.602783,1,"6,0",2026-08-21 15:18:14.887777
500613045,YouBike2.0_斗潭斗潭路393巷口(東北側),沙鹿區,斗潭路402號旁,15,5,10,2026-08-21 15:16:03,24.2308,120.55689,1,"5,0",2026-08-21 15:18:14.887777
500613046,YouBike2.0_興安興安路80巷口,沙鹿區,興安路/興安路80巷口(東南側),15,7,8,2026-08-21 15:12:04,24.22919,120.55081,1,"7,0",2026-08-21 15:18:14.887777
500613047,YouBike2.0_沙鹿運十九棒球場,沙鹿區,保順一街/保成八街口(東北側),15,4,11,2026-08-21 15:06:03,24.208649,120.563949,1,"4,0",2026-08-21 15:18:14.887777
500613048,YouBike2.0_大智路中山路田尾巷366弄口,沙鹿區,大智路一段/中山路田尾巷366弄口(北側),15,5,10,2026-08-21 14:56:02,24.2499,120.55869,1,"5,0",2026-08-21 15:18:14.887777
500613049,YouBike2.0_晉宜公園,沙鹿區,晉文路149巷/晉文路口,20,11,9,2026-08-21 15:11:03,24.22378,120.58084,1,"11,0",2026-08-21 15:18:14.887777
500613051,YouBike2.0_公館國小,沙鹿區,中航路二段40號前,16,4,12,2026-08-21 09:28:02,24.26094,120.59520,1,"4,0",2026-08-21 15:18:14.887777
500613052,YouBike2.0_鹿峰國小(中山路),沙鹿區,中山路/星河路口(東北側),17,4,13,2026-08-21 14:34:03,24.25605,120.56932,1,"4,0",2026-08-21 15:18:14.887777
500613053,YouBike2.0_都發局(沙鹿檔案大樓),沙鹿區,中山路/中山路580巷口,13,1,12,2026-08-21 14:22:21,24.25287,120.56721,1,"1,0",2026-08-21 15:18:14.887777
500613054,YouBike2.0_保成路120巷保成路口,沙鹿區,保成路120巷/保成路口(北側),18,3,15,2026-08-21 11:12:04,24.21217,120.56651,1,"3,0",2026-08-21 15:18:14.887777
500613055,YouBike2.0_向上屏西路口,沙鹿區,向上路七段29號前,20,5,15,2026-08-21 10:27:04,24.20429,120.56615,1,"5,0",2026-08-21 15:18:14.887777
500613056,YouBike2.0_光正街中山路口,沙鹿區,光正街/中山路口(東南側),20,11,9,2026-08-21 14:52:03,24.24431,120.56227,1,"11,0",2026-08-21 15:18:14.887777
500613057,YouBike2.0_正英屏西路口,沙鹿區,正英路/屏西路口(東南側),18,4,14,2026-08-21 15:16:03,24.21172,120.57055,1,"4,0",2026-08-21 15:18:14.887777
500613058,YouBike2.0_屏西正德路口,沙鹿區,屏西路106號旁,18,4,14,2026-08-21 12:04:03,24.20761,120.56831,1,"4,0",2026-08-21 15:18:14.887777
500613059,YouBike2.0_向上保寧路口,沙鹿區,向上路七段110號前,22,5,17,2026-08-21 10:01:03,24.20595,120.56477,1,"5,0",2026-08-21 15:18:14.887777
500613060,YouBike2.0_和睦中航路口,沙鹿區,和睦路三段/中航路一段口,16,8,8,2026-08-21 14:33:05,24.25853,120.60177,1,"8,0",2026-08-21 15:18:14.887777
500613061,YouBike2.0_中山路669巷口,沙鹿區,中山路669巷/星海路口,20,1,19,2026-08-21 15:00:05,24.25757,120.56794,1,"1,0",2026-08-21 15:18:14.887777
500613062,YouBike2.0_臺灣大道中山路口,沙鹿區,中山路407號前,26,13,13,2026-08-21 14:53:02,24.24133,120.56056,1,"12,1",2026-08-21 15:18:14.887777
500613063,YouBike2.0_舞衫生態公園,沙鹿區,三鹿街/寶格街口,15,3,11,2026-08-21 10:25:02,24.20890,120.55552,1,"3,0",2026-08-21 15:18:14.887777
500614001,YouBike2.0_大甲鎮瀾宮,大甲區,鎮瀾街105號(對側停車場),47,2,45,2026-08-21 14:38:04,24.344629,120.623701,1,"2,0",2026-08-21 15:18:14.887777
500614002,YouBike2.0_大甲區壘球場,大甲區,錦上街/雁門路口(東南側),24,13,11,2026-08-21 15:14:04,24.35431,120.62603,1,"13,0",2026-08-21 15:18:14.887777
500614003,YouBike2.0_大甲區公所,大甲區,新政路/三民路口(東南側),22,12,10,2026-08-21 15:17:04,24.34981,120.62264,1,"12,0",2026-08-21 15:18:14.887777
500614004,YouBike2.0_大甲車站,大甲區,中山路一段/蔣公路口(東南側),65,20,45,2026-08-21 15:11:03,24.34418,120.62688,1,"20,0",2026-08-21 15:18:14.887777
500614005,YouBike2.0_大甲體育場,大甲區,大安港路/大安港路53巷口(西北側),26,19,7,2026-08-21 15:15:03,24.35038,120.61575,1,"19,0",2026-08-21 15:18:14.887777
500614006,YouBike2.0_大甲高中,大甲區,水源路/中山路一段口(西南側),30,7,23,2026-08-21 15:16:03,24.34222,120.62265,1,"7,0",2026-08-21 15:18:14.887777
500614007,YouBike2.0_長青活動中心,大甲區,水源路/甲東路口(東北側),30,5,25,2026-08-21 15:06:02,24.34069,120.62702,1,"4,1",2026-08-21 15:18:14.887777
500614008,YouBike2.0_文昌國小,大甲區,育德路/民生路口(西南側),24,13,11,2026-08-21 15:05:03,24.34761,120.6242,1,"13,0",2026-08-21 15:18:14.887777
500614009,YouBike2.0_順天國小,大甲區,經國路/新美街口(東北側),16,2,14,2026-08-21 13:14:03,24.34415,120.61746,1,"2,0",2026-08-21 15:18:14.887777
500614010,YouBike2.0_大甲高工,大甲區,開元路71號(西南側),56,9,47,2026-08-21 13:34:02,24.34661,120.63969,1,"9,0",2026-08-21 15:18:14.887777
500614011,YouBike2.0_日南車站,大甲區,中山路二段140巷口/中山路二段口(東南側),22,12,10,2026-08-21 14:58:02,24.3781,120.65396,1,"6,6",2026-08-21 15:18:14.887777
500614012,YouBike2.0_孟春兒童遊樂場,大甲區,慈德路/慈德路175巷口(西北側),22,3,19,2026-08-21 15:10:05,24.38297,120.653,1,"3,0",2026-08-21 15:18:14.887777
500614013,YouBike2.0_大甲車站旁機車停車場,大甲區,中山路一段/南陽街口(東側),33,8,25,2026-08-21 14:44:03,24.34353,120.62592,1,"8,0",2026-08-21 15:18:14.887777
500614015,YouBike2.0_大甲網球場,大甲區,甲東路/水源路452巷188弄口(西南側),30,4,26,2026-08-21 13:41:03,24.34007,120.63077,1,"4,0",2026-08-21 15:18:14.887777
500614016,YouBike2.0_大甲經國停車場,大甲區,經國路888號(東側停車場),15,7,8,2026-08-21 10:52:03,24.35567,120.62039,1,"7,0",2026-08-21 15:18:14.887777
500614017,YouBike2.0_文昌國小(雁門路),大甲區,雁門路/文昌街口(東北側),20,8,12,2026-08-21 15:13:02,24.34798,120.62334,1,"8,0",2026-08-21 15:18:14.887777
500614018,YouBike2.0_水尾橋,大甲區,中山路一段530號(對側),14,8,6,2026-08-21 14:55:03,24.3396,120.61862,1,"8,0",2026-08-21 15:18:14.887777
500614019,YouBike2.0_甲后停車場,大甲區,甲后路5段519巷/甲后路5段519巷35弄口(西南側),38,6,32,2026-08-21 15:13:02,24.34379,120.627327,1,"5,1",2026-08-21 15:18:14.887777
500614020,YouBike2.0_日南幸福公園,大甲區,黎明路/中山路二段口(東北側),12,4,8,2026-08-20 19:30:03,24.39227,120.65522,1,"4,0",2026-08-21 15:18:14.887777
500614021,YouBike2.0_日南庄福德祠,大甲區,日南路85號,12,6,6,2026-08-21 13:44:03,24.39411,120.64965,1,"6,0",2026-08-21 15:18:14.887777
500614022,YouBike2.0_日南社區暨長照服務活動中心,大甲區,幼二路36號,15,3,12,2026-08-21 14:53:02,24.405765,120.647239,1,"2,1",2026-08-21 15:18:14.887777
500614023,YouBike2.0_建興長壽會館,大甲區,如意路25之1號,11,2,9,2026-08-20 18:35:05,24.414373,120.615143,1,"2,0",2026-08-21 15:18:14.887777
500614024,YouBike2.0_西岐公園,大甲區,順帆路121巷117號(東側公園),15,4,11,2026-08-21 14:44:03,24.421203,120.627193,1,"4,0",2026-08-21 15:18:14.887777
500614025,YouBike2.0_松柏漁港,大甲區,順帆路233號(西北側自行車道),15,5,10,2026-08-21 14:48:03,24.42852,120.617122,1,"5,0",2026-08-21 15:18:14.887777
500614026,YouBike2.0_巨大大甲分公司,大甲區,順帆路19號前,32,6,26,2026-08-21 14:24:03,24.40865,120.63807,1,"6,0",2026-08-21 15:18:14.887777
500614027,YouBike2.0_致用高中,大甲區,水源路452巷70弄/水源路452巷110弄口(南側),30,13,17,2026-08-21 12:58:03,24.341902,120.630141,1,"13,0",2026-08-21 15:18:14.887777
500614028,YouBike2.0_大甲區衛生所,大甲區,德興路34之24號(對側),7,6,1,2026-08-21 15:08:02,24.35034,120.62436,1,"6,0",2026-08-21 15:18:14.887777
500614029,YouBike2.0_文武公園,大甲區,和平路/和平路253巷口(西北側),20,10,10,2026-08-21 14:32:04,24.354969,120.621777,1,"10,0",2026-08-21 15:18:14.887777
500614030,YouBike2.0_日南公園,大甲區,中山路二段/慈德路口(東北側),15,2,13,2026-08-21 13:33:03,24.38203,120.655634,1,"2,0",2026-08-21 15:18:14.887777
500614031,YouBike2.0_大甲區停二停車場,大甲區,甲后路五段335巷77號(南側停車場),12,2,10,2026-08-21 13:05:03,24.343886,120.631383,1,"2,0",2026-08-21 15:18:14.887777
500614032,YouBike2.0_中山路一段568巷口,大甲區,義和二街177巷1號(北側),15,5,10,2026-08-21 14:54:02,24.33932,120.62213,1,"5,0",2026-08-21 15:18:14.887777
500614033,YouBike2.0_日南國小,大甲區,中山路二段568號,9,2,7,2026-08-21 14:20:22,24.38964,120.65425,1,"2,0",2026-08-21 15:18:14.887777
500614034,YouBike2.0_文武國小,大甲區,文曲路61號,12,4,8,2026-08-21 11:25:04,24.33604,120.60097,1,"3,1",2026-08-21 15:18:14.887777
500614035,YouBike2.0_東安文曲路口,大甲區,東安路416號(西南側),10,2,8,2026-08-21 14:04:02,24.333762,120.598093,1,"2,0",2026-08-21 15:18:14.887777
500614038,YouBike2.0_東明國小,大甲區,東明路93號前,8,4,4,2026-08-21 11:57:03,24.374772,120.680576,1,"3,1",2026-08-21 15:18:14.887777
500614039,YouBike2.0_九張犁公園,大甲區,通天路47號(東北側),15,4,11,2026-08-20 18:27:01,24.37339,120.66497,1,"4,0",2026-08-21 15:18:14.887777
500614040,YouBike2.0_賢仁農安路口(西南側),大甲區,賢仁路89號(對側),10,3,7,2026-08-21 14:40:04,24.36009,120.62257,1,"3,0",2026-08-21 15:18:14.887777
500614043,YouBike2.0_順天國小(新美街),大甲區,新美街/永順街口(西北側),11,1,10,2026-08-21 15:16:17,24.34322,120.61907,1,"1,0",2026-08-21 15:18:14.887777
500614044,YouBike2.0_德元宮,大甲區,南北三路16號(西側),12,2,10,2026-08-21 15:11:18,24.36309,120.623671,1,"2,0",2026-08-21 15:18:14.887777
500614046,YouBike2.0_大甲國小,大甲區,育德路201巷/育德路口(西北側),15,9,6,2026-08-21 15:05:03,24.350222,120.625922,1,"9,0",2026-08-21 15:18:14.887777
500614047,YouBike2.0_大甲國中,大甲區,育英路186號(西南側),15,8,7,2026-08-21 15:07:05,24.353295,120.622082,1,"8,0",2026-08-21 15:18:14.887777
500614048,YouBike2.0_大甲青一路,大甲區,青一路/青一路2巷口(西北側),15,5,10,2026-08-21 15:09:04,24.40467,120.642198,1,"3,2",2026-08-21 15:18:14.887777
500614049,YouBike2.0_幼二中山路口,大甲區,幼二路/中山路口(東北側),15,8,7,2026-08-21 14:55:03,24.401339,120.644167,1,"8,0",2026-08-21 15:18:14.887777
500614050,YouBike2.0_光田醫院(大甲院區),大甲區,經國路/蔣公路口(東南側),16,10,5,2026-08-21 14:34:03,24.347557,120.617267,1,"10,0",2026-08-21 15:18:14.887777
500614051,YouBike2.0_江南里活動中心,大甲區,東西六路111號,13,4,9,2026-08-21 14:50:04,24.369982,120.635374,1,"4,0",2026-08-21 15:18:14.887777
500614052,YouBike2.0_東西七南北一路口,大甲區,東西七路一段98號(東南側),15,5,10,2026-08-21 12:03:04,24.36677,120.637299,1,"5,0",2026-08-21 15:18:14.887777
500614053,YouBike2.0_義和二義和三街口,大甲區,義和二街112號旁,15,6,9,2026-08-21 13:19:03,24.33772,120.62004,1,"6,0",2026-08-21 15:18:14.887777
500614054,YouBike2.0_經國東西七路口,大甲區,經國路/東西七路一段口,15,2,13,2026-08-21 07:53:02,24.36574,120.64136,1,"2,0",2026-08-21 15:18:14.887777
500614055,YouBike2.0_大發中山路口,大甲區,大發路211號(東側),18,6,11,2026-08-21 14:29:03,24.3548,120.63267,1,"5,1",2026-08-21 15:18:14.887777
500614056,YouBike2.0_順天國中(新政路),大甲區,新政路460號(對側人行道),20,10,10,2026-08-21 13:43:03,24.34986,120.61371,1,"10,0",2026-08-21 15:18:14.887777
500614057,YouBike2.0_中山東安路口,大甲區,中山路一段/東安路口(東北側),15,3,12,2026-08-21 15:14:04,24.326508,120.608089,1,"2,1",2026-08-21 15:18:14.887777
500614058,YouBike2.0_大甲西濱橋下運動公園,大甲區,北堤西路/堤防路口(東北側),18,5,13,2026-08-20 18:50:03,24.40345,120.61197,1,"4,1",2026-08-21 15:18:14.887777
500614059,YouBike2.0_船頭埔福德宮,大甲區,順帆路127號(南側),15,5,10,2026-08-21 14:52:03,24.43013,120.62585,1,"4,1",2026-08-21 15:18:14.887777
500614061,YouBike2.0_下庄(雜貨店)公車站,大甲區,長壽路/長壽東西九路口(東北側),15,5,10,2026-08-15 17:26:03,24.4243,120.63438,1,"5,0",2026-08-21 15:18:14.887777
500614062,YouBike2.0_中山路一段908巷口,大甲區,中山路一段908巷/中山路一段口(東南側),19,3,16,2026-08-21 14:26:03,24.35084,120.62837,1,"3,0",2026-08-21 15:18:14.887777
500614063,YouBike2.0_朝陽里辦公處,大甲區,新政路/中山路一段口(西北側),21,2,19,2026-08-21 15:07:05,24.34761,120.62734,1,"2,0",2026-08-21 15:18:14.887777
500614064,YouBike2.0_大呷麵本家,大甲區,重義二路153號(西南側),16,3,13,2026-08-21 12:47:02,24.33518,120.61296,1,"3,0",2026-08-21 15:18:14.887777
500614066,YouBike2.0_大甲李綜合醫院,大甲區,新政路282號對側,26,11,14,2026-08-21 15:12:04,24.35128,120.61835,1,"10,1",2026-08-21 15:18:14.887777
500614067,YouBike2.0_龍泉里活動中心,大甲區,吉祥一街9號前,15,3,12,2026-08-21 07:33:04,24.40193,120.63774,1,"2,1",2026-08-21 15:18:14.887777
500615001,YouBike2.0_東新國小,東勢區,勢林街247號(對側人行道),30,6,24,2026-08-21 13:06:02,24.26017,120.82761,1,"6,0",2026-08-21 15:18:14.887777
500615002,YouBike2.0_三民街停車場,東勢區,三民街33號旁,26,4,22,2026-08-21 14:42:02,24.25244,120.8307,1,"4,0",2026-08-21 15:18:14.887777
500615003,YouBike2.0_東勢國小,東勢區,三民街193號(對側人行道),22,9,12,2026-08-21 15:07:05,24.25885,120.82934,1,"9,0",2026-08-21 15:18:14.887777
500615004,YouBike2.0_東新國中,東勢區,東環街123號前,8,4,4,2026-08-21 13:00:03,24.26294,120.83004,1,"4,0",2026-08-21 15:18:14.887777
500615005,YouBike2.0_細停廣1停車場,東勢區,東南街/東蘭路口(東北側),14,4,9,2026-08-21 10:49:03,24.26305,120.82712,1,"3,1",2026-08-21 15:18:14.887777
500615006,YouBike2.0_臺中客家樂活園區,東勢區,圓樓街/圓樓前街口(東南側),11,10,1,2026-08-21 14:57:18,24.24898,120.83556,1,"10,0",2026-08-21 15:18:14.887777
500615007,YouBike2.0_東勢林管處(雙崎工作站),東勢區,東坑路10巷26號(對側人行道),16,1,15,2026-08-21 14:27:04,24.24655,120.83246,1,"1,0",2026-08-21 15:18:14.887777
500615008,YouBike2.0_大茅埔停車場,東勢區,東關路五段432號(北側),10,4,6,2026-08-21 12:24:02,24.203917,120.839755,1,"4,0",2026-08-21 15:18:14.887777
500615009,YouBike2.0_文新二文新五街口,東勢區,文新二街/文新五街口(東南側),16,9,6,2026-08-21 15:03:03,24.266237,120.828421,1,"9,0",2026-08-21 15:18:14.887777
500615010,YouBike2.0_東關路正一街口,東勢區,東關路七段/正一街口,19,4,15,2026-08-21 10:39:02,24.25675,120.82486,1,"4,0",2026-08-21 15:18:14.887777
500615011,YouBike2.0_石城復興宮,東勢區,石城街326號,18,3,15,2026-08-21 06:09:03,24.2853,120.78908,1,"3,0",2026-08-21 15:18:14.887777
500615012,YouBike2.0_東關路第一橫街口,東勢區,東關路七段336號前,18,5,13,2026-08-21 10:09:04,24.25277,120.82674,1,"5,0",2026-08-21 15:18:14.887777
500615013,YouBike2.0_新盛國小,東勢區,新盛街342號前,18,8,10,2026-08-21 12:53:02,24.24369,120.83185,1,"7,1",2026-08-21 15:18:14.887777
500615014,YouBike2.0_東蘭路西門巷粵寧街口,東勢區,東蘭路西門巷76-11號旁,18,7,11,2026-08-21 12:15:04,24.26922,120.82465,1,"7,0",2026-08-21 15:18:14.887777
500615015,YouBike2.0_上城里停車場,東勢區,上城街135號對側,18,7,11,2026-08-21 12:36:03,24.21877,120.83842,1,"7,0",2026-08-21 15:18:14.887777
500615016,YouBike2.0_福隆停車場,東勢區,東坑路188號對側,18,4,13,2026-08-21 13:27:03,24.24515,120.84091,1,"4,0",2026-08-21 15:18:14.887777
500615017,YouBike2.0_大雪山後門公車站,東勢區,東坑路253號對側,18,2,15,2026-08-21 15:01:03,24.24483,120.83723,1,"2,0",2026-08-21 15:18:14.887777
500616001,YouBike2.0_中港國小,梧棲區,文明街66巷/文明街口(西南側),10,1,9,2026-08-21 15:17:04,24.241191,120.555721,1,"1,0",2026-08-21 15:18:14.887777
500616002,YouBike2.0_大智路停車場,梧棲區,大智路二段/大智路二段370巷口(東側),30,9,21,2026-08-21 15:10:05,24.25991,120.53398,1,"9,0",2026-08-21 15:18:14.887777
500616003,YouBike2.0_梧棲國小,梧棲區,文化路二段/民生街口(西南側),26,2,24,2026-08-21 15:15:19,24.25359,120.53005,1,"2,0",2026-08-21 15:18:14.887777
500616004,YouBike2.0_梧棲區公所,梧棲區,中和街66號,24,5,13,2026-08-21 14:24:03,24.25492,120.5315,1,"5,0",2026-08-21 15:18:14.887777
500616005,YouBike2.0_中港高中,梧棲區,文華街/文華街194巷口(東南側),20,5,15,2026-08-21 15:07:05,24.24603,120.54208,1,"5,0",2026-08-21 15:18:14.887777
500616006,YouBike2.0_南簡運動場,梧棲區,大仁路一段465巷88號(對側人行道),18,5,13,2026-08-21 13:30:03,24.25878,120.54341,1,"5,0",2026-08-21 15:18:14.887777
500616007,YouBike2.0_清水分局安寧派出所,梧棲區,中央路二段/臺灣大道八段口(北側),15,5,10,2026-08-21 14:59:03,24.2493,120.53869,1,"5,0",2026-08-21 15:18:14.887777
500616008,YouBike2.0_臺中市立圖書館梧棲親子館,梧棲區,臺灣大道九段116巷/民生街口(南側),15,9,6,2026-08-21 14:24:03,24.251971,120.532989,1,"9,0",2026-08-21 15:18:14.887777
500616009,YouBike2.0_梧棲運15運動公園,梧棲區,建國北街315巷9弄/文化路一段口(東南側),15,5,10,2026-08-21 14:09:03,24.24992,120.52935,1,"5,0",2026-08-21 15:18:14.887777
500616010,YouBike2.0_梧棲區農會本部,梧棲區,港埠路一段545號,15,4,11,2026-08-21 12:34:03,24.23694,120.5303,1,"4,0",2026-08-21 15:18:14.887777
500616011,YouBike2.0_頂魚寮公園,梧棲區,八德東路/八德一路口(東北側),15,9,6,2026-08-21 15:01:03,24.26501,120.53596,1,"9,0",2026-08-21 15:18:14.887777
500616012,YouBike2.0_草湳社區活動中心,梧棲區,自強二街/自立一街口(西側),15,3,12,2026-08-21 14:34:03,24.240913,120.530291,1,"2,1",2026-08-21 15:18:14.887777
500616013,YouBike2.0_梧棲游泳池,梧棲區,中興路/中興路217巷口(西北側),17,3,14,2026-08-21 14:45:03,24.255059,120.533436,1,"3,0",2026-08-21 15:18:14.887777
500616014,YouBike2.0_梧棲中正田徑場,梧棲區,中正路303巷70號(對側停車場),15,10,5,2026-08-21 14:05:04,24.250176,120.542699,1,"9,1",2026-08-21 15:18:14.887777
500616015,YouBike2.0_長春中華路口,梧棲區,長春路/中華路口(東南側),20,1,19,2026-08-21 10:07:02,24.25685,120.55886,1,"1,0",2026-08-21 15:18:14.887777
500616016,YouBike2.0_長春民族路口,梧棲區,長春路/民族路口(西北側),20,2,18,2026-08-21 14:50:04,24.256,120.56181,1,"2,0",2026-08-21 15:18:14.887777
500616017,YouBike2.0_大智民安路口(北側),梧棲區,大智路一段/大智路一段832巷口(西側),15,6,9,2026-08-21 12:45:04,24.255996,120.54444,1,"6,0",2026-08-21 15:18:14.887777
500616018,YouBike2.0_大智民安路口(南側),梧棲區,大智路一段731號(西側),14,2,12,2026-08-21 13:59:03,24.254967,120.546004,1,"1,1",2026-08-21 15:18:14.887777
500616019,YouBike2.0_大智中央路口(東北側),梧棲區,大智路一段/中央路二段口(東北側),15,2,13,2026-08-21 12:43:03,24.257079,120.541712,1,"2,0",2026-08-21 15:18:14.887777
500616020,YouBike2.0_大智四維東路口(北側),梧棲區,大智路二段/四維東路口(北側),12,4,8,2026-08-21 14:29:03,24.258463,120.537845,1,"4,0",2026-08-21 15:18:14.887777
500616021,YouBike2.0_大智民和路口,梧棲區,大智路一段525號,15,5,10,2026-08-21 14:09:03,24.253279,120.550595,1,"5,0",2026-08-21 15:18:14.887777
500616022,YouBike2.0_頂寮文化廣場,梧棲區,八德路一段/八德二路口(西南側),22,3,19,2026-08-21 13:40:04,24.26601,120.53376,1,"3,0",2026-08-21 15:18:14.887777
500616023,YouBike2.0_中橫一路公園,梧棲區,中橫一路/中一路口(西北側),15,10,5,2026-08-21 13:52:03,24.25668,120.52531,1,"10,0",2026-08-21 15:18:14.887777
500616024,YouBike2.0_臺中港旅客服務中心,梧棲區,中二路一段9號(公車站東南側),15,7,8,2026-08-21 13:21:04,24.25956,120.52223,1,"7,0",2026-08-21 15:18:14.887777
500616025,YouBike2.0_大智梧北路口(西北側),梧棲區,大智路二段/梧北路口(西北側),12,3,9,2026-08-21 12:28:03,24.2614,120.52977,1,"3,0",2026-08-21 15:18:14.887777
500616026,YouBike2.0_大智梧北路口(西南側),梧棲區,大智路二段/梧北路口(西南側),12,5,7,2026-08-21 13:47:02,24.2611,120.52972,1,"5,0",2026-08-21 15:18:14.887777
500616027,YouBike2.0_大智路二段195巷口(西側),梧棲區,大智路二段/大智路二段195巷口(西側),10,2,7,2026-08-21 13:25:03,24.25824,120.53763,1,"2,0",2026-08-21 15:18:14.887777
500616028,YouBike2.0_永寧國小,梧棲區,中央路一段160號(北側),15,7,8,2026-08-21 10:50:04,24.229757,120.532559,1,"7,0",2026-08-21 15:18:14.887777
500616029,YouBike2.0_文昌中央路口(東南側),梧棲區,文昌路/中央路一段口(東南側),10,1,9,2026-08-21 12:20:03,24.24505,120.53809,1,"1,0",2026-08-21 15:18:14.887777
500616030,YouBike2.0_中港高中(文昌路),梧棲區,文昌路/立德街口(北側),15,6,9,2026-08-21 15:11:03,24.2437,120.54346,1,"6,0",2026-08-21 15:18:14.887777
500616031,YouBike2.0_臺灣大道民和路口(東南側),梧棲區,臺灣大道八段/民和路一段口(東南側),15,2,13,2026-08-21 15:10:05,24.245334,120.548225,1,"2,0",2026-08-21 15:18:14.887777
500616032,YouBike2.0_臺灣大道民和路口(西北側),梧棲區,臺灣大道八段506號旁,15,9,6,2026-08-21 13:55:04,24.246117,120.547446,1,"9,0",2026-08-21 15:18:14.887777
500616033,YouBike2.0_大智中華路口,梧棲區,大智路一段/中華路二段口(西北側),15,4,11,2026-08-21 15:05:03,24.250902,120.555435,1,"4,0",2026-08-21 15:18:14.887777
500616034,YouBike2.0_臺中港科技產業園區,梧棲區,建五路2號旁,15,9,5,2026-08-21 12:56:03,24.23647,120.51536,1,"8,1",2026-08-21 15:18:14.887777
500616035,YouBike2.0_中正民和路口,梧棲區,中正路1號對側,18,5,13,2026-08-21 12:47:02,24.24958,120.54894,1,"5,0",2026-08-21 15:18:14.887777
500616037,YouBike2.0_竹圍(港埠路)公車站(東側),梧棲區,港埠路二段490號旁,15,5,10,2026-08-21 07:44:03,24.26162,120.54145,1,"5,0",2026-08-21 15:18:14.887777
500616038,YouBike2.0_臺中港郵局,梧棲區,四維路129號,15,3,12,2026-08-21 14:07:02,24.26207,120.53725,1,"3,0",2026-08-21 15:18:14.887777
500616039,YouBike2.0_頂寮里兒童公園(四維中路),梧棲區,四維中路/大智路二段370巷口,25,5,20,2026-08-21 14:20:05,24.2613,120.53427,1,"5,0",2026-08-21 15:18:14.887777
500616041,YouBike2.0_臨港大勇二路口(東北側),梧棲區,臨港路四段862號(西南側),25,6,19,2026-08-21 10:12:03,24.270629,120.5321,1,"6,0",2026-08-21 15:18:14.887777
500616042,YouBike2.0_梧棲運九棒壘球場,梧棲區,博愛北路159號對側,20,6,14,2026-08-21 15:04:04,24.255767,120.555561,1,"6,0",2026-08-21 15:18:14.887777
500616043,YouBike2.0_大勇臨港路口,梧棲區,大勇路/臨港路四段口(東南側),15,3,12,2026-08-21 13:24:03,24.26864,120.531493,1,"3,0",2026-08-21 15:18:14.887777
500616044,YouBike2.0_大通經一路口,梧棲區,大通路/經一路口(西北側),18,6,12,2026-08-21 15:14:04,24.24113,120.51238,1,"6,0",2026-08-21 15:18:14.887777
500616045,YouBike2.0_大成經二路口,梧棲區,大成路/經二路口(西北側),19,7,12,2026-08-21 08:04:04,24.23553,120.5083,1,"7,0",2026-08-21 15:18:14.887777
500616046,YouBike2.0_福德里休閒活動中心,梧棲區,中正路423巷55號(對側),16,5,11,2026-08-21 13:07:02,24.25343,120.5407,1,"5,0",2026-08-21 15:18:14.887777
500616048,YouBike2.0_中港雲頂No.3,梧棲區,大勇北路7號,16,1,15,2026-08-21 08:24:03,24.26851,120.53296,1,"1,0",2026-08-21 15:18:14.887777
500616050,YouBike2.0_民和大仁路口,梧棲區,民和路一段口/大仁路一段口,21,2,19,2026-08-21 12:27:04,24.25687,120.55227,1,"2,0",2026-08-21 15:18:14.887777
500616051,YouBike2.0_中華中華路二段200巷口,梧棲區,中華路二段/中華路二段200巷口,20,2,18,2026-08-21 08:17:04,24.24864,120.55466,1,"2,0",2026-08-21 15:18:14.887777
500616053,YouBike2.0_梧棲情人公園,梧棲區,雲集街70巷3號,17,11,6,2026-08-21 10:37:02,24.25449,120.53213,1,"11,0",2026-08-21 15:18:14.887777
500616055,YouBike2.0_青年中華路口,梧棲區,青年路166號(西側),20,2,18,2026-08-21 14:01:03,24.23845,120.55061,1,"2,0",2026-08-21 15:18:14.887777
500616056,YouBike2.0_大仁大勇南路口,梧棲區,大仁路二段456號前,19,3,16,2026-08-21 14:18:03,24.26492,120.53105,1,"3,0",2026-08-21 15:18:14.887777
500616057,YouBike2.0_台中電廠梧棲宿舍管委會,梧棲區,建國東街20巷28號,20,6,14,2026-08-21 14:33:05,24.24635,120.53272,1,"6,0",2026-08-21 15:18:14.887777
500616058,YouBike2.0_博愛博愛路52巷口,梧棲區,博愛路60號前,15,2,13,2026-08-21 15:00:05,24.25016,120.55310,1,"2,0",2026-08-21 15:18:14.887777
500616060,YouBike2.0_大仁民安路口,梧棲區,大仁路一段/民安路口(西北側),18,5,13,2026-08-21 13:59:03,24.25901,120.54665,1,"5,0",2026-08-21 15:18:14.887777
500616061,YouBike2.0_忠孝忠孝街87巷口,梧棲區,忠孝街/忠孝街87巷口,18,5,13,2026-08-21 14:47:04,24.25235,120.54704,1,"5,0",2026-08-21 15:18:14.887777
500616063,YouBike2.0_中興路67巷口,梧棲區,中興路69號,16,5,11,2026-08-21 14:19:03,24.25280,120.53534,1,"4,1",2026-08-21 15:18:14.887777
500616066,YouBike2.0_佳鋐新邑,梧棲區,大仁路二段291巷50號,17,8,9,2026-08-21 13:44:03,24.26196,120.53563,1,"8,0",2026-08-21 15:18:14.887777
500617001,YouBike2.0_捷運九張犁站,烏日區,建國路/環中路六段口(西南側),12,8,4,2026-08-21 14:46:03,24.11470,120.63921,1,"8,0",2026-08-21 15:18:14.887777
500617002,YouBike2.0_捷運九德站(興華街),烏日區,興華街/自強街口(東北側),51,6,45,2026-08-21 15:17:04,24.11022,120.63453,1,"6,0",2026-08-21 15:18:14.887777
500617003,YouBike2.0_捷運烏日站(平等路),烏日區,平等路/光日路口,20,3,17,2026-08-21 15:15:03,24.10833,120.62506,1,"3,0",2026-08-21 15:18:14.887777
500617004,YouBike2.0_明道高中(信義街),烏日區,信義街/信義街309巷口（東西側）,55,1,54,2026-08-21 15:05:03,24.10425,120.63574,1,"1,0",2026-08-21 15:18:14.887777
500617005,YouBike2.0_烏日區公所(新興路),烏日區,新興路316號旁,24,3,21,2026-08-21 15:05:03,24.10450,120.62397,1,"2,1",2026-08-21 15:18:14.887777
500617006,YouBike2.0_自治公園(公園路),烏日區,公園路36號(東南側公園),32,8,24,2026-08-21 15:00:05,24.10187,120.62811,1,"8,0",2026-08-21 15:18:14.887777
500617007,YouBike2.0_捷運烏日站(建國路),烏日區,光日路/建國路口(西北側),17,6,11,2026-08-21 15:14:04,24.10914,120.62521,1,"6,0",2026-08-21 15:18:14.887777
500617009,YouBike2.0_捷運高鐵臺中站,烏日區,高鐵東一路/高鐵東路口(西側),18,4,14,2026-08-21 15:14:04,24.10866,120.61486,1,"3,1",2026-08-21 15:18:14.887777
500617010,YouBike2.0_興祥街停三停車場,烏日區,興祥街/興祥街30巷口(西北側),22,2,20,2026-08-21 15:11:03,24.10577,120.63870,1,"2,0",2026-08-21 15:18:14.887777
500617011,YouBike2.0_捷運九德站(建國路),烏日區,建國路639號旁,15,5,10,2026-08-21 14:27:04,24.11135,120.63475,1,"5,0",2026-08-21 15:18:14.887777
500617012,YouBike2.0_兒二公園(中山路),烏日區,中山路二段567號(西側公園),26,0,26,2026-08-21 13:27:17,24.10603,120.61691,1,"0,0",2026-08-21 15:18:14.887777
500617013,YouBike2.0_公十公園,烏日區,三榮路一段399-1號(對側人行道),11,4,7,2026-08-21 14:41:03,24.10704,120.60282,1,"3,1",2026-08-21 15:18:14.887777
500617014,YouBike2.0_烏日運動公園,烏日區,公園二街/一德街口(東南側),12,7,5,2026-08-21 15:11:03,24.102768,120.625862,1,"7,0",2026-08-21 15:18:14.887777
500617015,YouBike2.0_湖日公園,烏日區,公園路/三民街口(西南側),10,4,6,2026-08-21 15:11:03,24.103042,120.621023,1,"4,0",2026-08-21 15:18:14.887777
500617016,YouBike2.0_廣停二公有停車場,烏日區,三榮路一段/三和路口(西北側),30,7,23,2026-08-21 15:15:03,24.106034,120.609041,1,"7,0",2026-08-21 15:18:14.887777
500617017,YouBike2.0_烏日圖書館,烏日區,興祥街167巷9號(對側),24,3,21,2026-08-21 15:16:03,24.10924,120.6371,1,"3,0",2026-08-21 15:18:14.887777
500617018,YouBike2.0_烏日國小,烏日區,平等路23號(對側人行道),26,2,24,2026-08-21 14:23:03,24.10829,120.62334,1,"1,1",2026-08-21 15:18:14.887777
500617019,YouBike2.0_三和派出所,烏日區,三榮八路25號(對側人行道),22,3,19,2026-08-21 12:05:03,24.1081,120.60332,1,"3,0",2026-08-21 15:18:14.887777
500617020,YouBike2.0_旭光國小,烏日區,健行路501號(對側人行道),20,4,16,2026-08-21 13:38:02,24.11109,120.59415,1,"4,0",2026-08-21 15:18:14.887777
500617021,YouBike2.0_光德國中,烏日區,信義街99號(前人行道),26,3,21,2026-08-21 15:10:05,24.10539,120.64057,1,"2,1",2026-08-21 15:18:14.887777
500617022,YouBike2.0_三榮榮和路口(東南側),烏日區,三榮路二段179號旁,15,4,11,2026-08-21 14:19:03,24.108167,120.598085,1,"4,0",2026-08-21 15:18:14.887777
500617023,YouBike2.0_榮和步道,烏日區,榮和路107號旁,16,6,10,2026-08-21 15:14:04,24.109245,120.597392,1,"6,0",2026-08-21 15:18:14.887777
500617025,YouBike2.0_湖日休閒廣場,烏日區,新興路/榮泰街100巷21弄口(西南側),15,5,10,2026-08-21 13:31:05,24.10429,120.61418,1,"5,0",2026-08-21 15:18:14.887777
500617026,YouBike2.0_成功社區休閒中心,烏日區,成功東路/學田路便行巷口(東北側),13,1,12,2026-08-21 15:17:04,24.114749,120.603307,1,"1,0",2026-08-21 15:18:14.887777
500617027,YouBike2.0_兒一公園,烏日區,學田路/學田路便行巷口(西北側),15,2,13,2026-08-21 13:22:03,24.121604,120.607421,1,"2,0",2026-08-21 15:18:14.887777
500617028,YouBike2.0_學田停車場,烏日區,學田路/學田路便行巷口(東南側),15,13,2,2026-08-21 13:20:04,24.120686,120.607737,1,"13,0",2026-08-21 15:18:14.887777
500617029,YouBike2.0_成功車站,烏日區,中山路三段550號,39,7,32,2026-08-21 14:59:03,24.11402,120.59008,1,"7,0",2026-08-21 15:18:14.887777
500617030,YouBike2.0_高鐵市公園,烏日區,大同路/民生街口(西北側),15,5,9,2026-08-21 13:50:04,24.11018,120.62812,1,"5,0",2026-08-21 15:18:14.887777
500617031,YouBike2.0_明道高中(中山路),烏日區,中山路一段497號前,23,5,18,2026-08-21 15:16:03,24.10677,120.63552,1,"5,0",2026-08-21 15:18:14.887777
500617032,YouBike2.0_公四公園(環河三榮七路口),烏日區,環河路四段/三榮七路口(東北側),15,1,14,2026-08-21 14:41:16,24.10529,120.60393,1,"1,0",2026-08-21 15:18:14.887777
500617033,YouBike2.0_高鐵高鐵五路口,烏日區,高鐵路/高鐵五路口(東南側),20,2,18,2026-08-21 15:14:04,24.11685,120.61435,1,"1,1",2026-08-21 15:18:14.887777
500617034,YouBike2.0_喀哩國小,烏日區,烏日區溪南路二段337號(對側人行道),12,5,7,2026-08-21 14:59:03,24.06206,120.64315,1,"4,1",2026-08-21 15:18:14.887777
500617035,YouBike2.0_溪南派出所,烏日區,烏日區溪南路二段617號(對側停車處),12,5,7,2026-08-21 14:20:05,24.05646,120.64641,1,"5,0",2026-08-21 15:18:14.887777
500617036,YouBike2.0_溪尾國小,烏日區,溪岸路24之2號前,8,5,3,2026-08-18 17:25:03,24.04048,120.64171,1,"5,0",2026-08-21 15:18:14.887777
500617037,YouBike2.0_溪尾活動中心,烏日區,慶光路30-5號(西南側),12,2,10,2026-08-21 05:17:04,24.03118,120.63932,1,"2,0",2026-08-21 15:18:14.887777
500617038,YouBike2.0_南里里風雨籃球場,烏日區,烏日區溪南路三段418巷28號(對側廣場),12,3,9,2026-08-17 22:50:04,24.05052,120.64908,1,"3,0",2026-08-21 15:18:14.887777
500617040,YouBike2.0_溪南國中,烏日區,溪南路一段731號前,10,9,1,2026-08-21 14:30:04,24.071641,120.642967,1,"9,0",2026-08-21 15:18:14.887777
500617041,YouBike2.0_捷運高鐵臺中站(高鐵一路),烏日區,高鐵一路/站前二路口(西南側),44,15,29,2026-08-21 15:17:04,24.11039,120.61392,1,"15,0",2026-08-21 15:18:14.887777
500617042,YouBike2.0_環中路橋健康步道,烏日區,環中路六段/九德街口(高架橋下),13,7,6,2026-08-21 14:48:03,24.112863,120.644243,1,"7,0",2026-08-21 15:18:14.887777
500617043,YouBike2.0_永興宮,烏日區,復光二巷41號(東側),10,6,4,2026-08-21 12:28:03,24.096628,120.641243,1,"6,0",2026-08-21 15:18:14.887777
500617044,YouBike2.0_東園里稻田公園,烏日區,溪南路一段18巷237號(東側),11,4,7,2026-08-21 14:48:03,24.08776,120.638617,1,"4,0",2026-08-21 15:18:14.887777
500617045,YouBike2.0_五光里老人會館,烏日區,五光路105號(東側),22,8,14,2026-08-21 14:29:03,24.095144,120.655044,1,"8,0",2026-08-21 15:18:14.887777
500617046,YouBike2.0_正和公園(三榮十三路),烏日區,三榮十三路/環河路五段口(北側),10,5,5,2026-08-21 15:16:03,24.10807,120.59538,1,"5,0",2026-08-21 15:18:14.887777
500617047,YouBike2.0_正和公園(三榮路),烏日區,三榮路二段/三榮十五路口(南側),9,8,1,2026-08-21 14:44:17,24.10881,120.59496,1,"8,0",2026-08-21 15:18:14.887777
500617048,YouBike2.0_烏日區廣停六停車場,烏日區,健行路757號(對側),15,8,7,2026-08-21 15:09:04,24.11199,120.59021,1,"8,0",2026-08-21 15:18:14.887777
500617049,YouBike2.0_長壽健行路口,烏日區,長壽路/健行路口(西北側),15,3,12,2026-08-21 09:51:02,24.11219,120.58866,1,"2,1",2026-08-21 15:18:14.887777
500617050,YouBike2.0_高鐵東一路高鐵東路口,烏日區,高鐵東一路/高鐵東路口(南側),36,6,30,2026-08-21 14:35:03,24.10849,120.61566,1,"6,0",2026-08-21 15:18:14.887777
500617051,YouBike2.0_前竹環保公園,烏日區,光明路157巷26號(東南側),15,2,13,2026-08-21 13:33:03,24.097018,120.647035,1,"2,0",2026-08-21 15:18:14.887777
500617052,YouBike2.0_烏日區鄰公八公園,烏日區,大同六街31弄10號旁,15,3,12,2026-08-21 15:16:03,24.11167,120.62733,1,"3,0",2026-08-21 15:18:14.887777
500617053,YouBike2.0_榮泉公園(環河路),烏日區,三榮十六路1巷21號(東南側),13,5,8,2026-08-21 14:59:03,24.10924,120.59037,1,"5,0",2026-08-21 15:18:14.887777
500617054,YouBike2.0_榮泉環河路口,烏日區,榮泉路/環河路五段口(西北側),12,4,8,2026-08-21 12:08:02,24.10847,120.5935,1,"3,1",2026-08-21 15:18:14.887777
500617055,YouBike2.0_夢幻誠,烏日區,高鐵路二段168號(西南側),30,0,30,2026-08-21 15:15:19,24.1134,120.61066,1,"0,0",2026-08-21 15:18:14.887777
500617056,YouBike2.0_夢幻誠(高鐵一路),烏日區,高鐵一路362號(西南側),40,6,34,2026-08-21 15:11:03,24.112321,120.60981,1,"6,0",2026-08-21 15:18:14.887777
500617058,YouBike2.0_麻園溪東中山路口,烏日區,麻園溪東路/中山路一段口(西北側),15,4,11,2026-08-21 14:14:03,24.105313,120.631647,1,"4,0",2026-08-21 15:18:14.887777
500617059,YouBike2.0_環河北光日路口,烏日區,環河北路220號(對側人行道),26,6,20,2026-08-21 14:55:03,24.10152,120.62408,1,"5,1",2026-08-21 15:18:14.887777
500617060,YouBike2.0_光日公園路口,烏日區,光日路18號旁,15,9,6,2026-08-21 14:38:04,24.10241,120.62427,1,"9,0",2026-08-21 15:18:14.887777
500617061,YouBike2.0_高鐵三高鐵東路口,烏日區,高鐵三路29號,20,12,8,2026-08-21 14:48:04,24.11365,120.61795,1,"12,0",2026-08-21 15:18:14.887777
500617062,YouBike2.0_環中福泰街口,烏日區,環中路八段162號前,15,7,8,2026-08-21 09:06:03,24.08561,120.64794,1,"6,1",2026-08-21 15:18:14.887777
500617063,YouBike2.0_溪邊公園,烏日區,五光路1000巷68號對側,12,9,3,2026-08-21 14:41:16,24.10332,120.62998,1,"9,0",2026-08-21 15:18:14.887777
500617064,YouBike2.0_烏日三和公園,烏日區,三榮南路11號對側,20,9,11,2026-08-21 15:04:04,24.10421,120.61002,1,"8,1",2026-08-21 15:18:14.887777
500617065,YouBike2.0_麻園頭溪吊橋,烏日區,麻園溪東路/麻園東一街口,15,7,8,2026-08-21 15:16:03,24.1033,120.63191,1,"7,0",2026-08-21 15:18:14.887777
500617066,YouBike2.0_僑仁國小,烏日區,中山路一段341號,13,1,12,2026-08-21 13:32:04,24.10851,120.64086,1,"1,0",2026-08-21 15:18:14.887777
500617067,YouBike2.0_浩瀚豐世紀,烏日區,中山路418號前,22,2,20,2026-08-21 13:49:04,24.110071,120.603108,1,"2,0",2026-08-21 15:18:14.887777
500617068,YouBike2.0_九張犁公車站,烏日區,中山路一段216-1號對側,21,4,17,2026-08-21 14:08:03,24.10889,120.642233,1,"4,0",2026-08-21 15:18:14.887777
500617069,YouBike2.0_烏日警察官吏派出所,烏日區,三民街110號,16,3,13,2026-08-21 13:36:02,24.10535,120.62191,1,"3,0",2026-08-21 15:18:14.887777
500617072,YouBike2.0_東園里辦公處,烏日區,溪南路一段238巷242號對側,13,5,8,2026-08-21 12:59:02,24.08459,120.63857,1,"5,0",2026-08-21 15:18:14.887777
500617073,YouBike2.0_中山路三段403巷口,烏日區,中山路三段403巷8號對側,20,2,18,2026-08-21 14:49:05,24.10825,120.60478,1,"2,0",2026-08-21 15:18:14.887777
500617074,YouBike2.0_東女慈聖宮,烏日區,慶光路868巷88號(東南側),16,6,10,2026-08-21 11:59:02,24.090559,120.630489,1,"6,0",2026-08-21 15:18:14.887777
500617075,YouBike2.0_昭和庄活動中心,烏日區,溪南路一段680巷317弄82號(東南側),15,3,12,2026-08-21 15:16:03,24.075329,120.635314,1,"3,0",2026-08-21 15:18:14.887777
500617076,YouBike2.0_廣停一停車場,烏日區,以春街121巷2號(南側),18,5,13,2026-08-21 14:53:02,24.105974,120.621195,1,"5,0",2026-08-21 15:18:14.887777
500617077,YouBike2.0_烏日啤酒觀光工廠,烏日區,光日路/大同六街口(西南側),30,11,19,2026-08-21 15:12:04,24.111063,120.625721,1,"11,0",2026-08-21 15:18:14.887777
500617078,YouBike2.0_賢達公園,烏日區,公園路598巷20號對側,11,3,8,2026-08-21 13:36:02,24.10356,120.61903,1,"3,0",2026-08-21 15:18:14.887777
500617079,YouBike2.0_烏日國中,烏日區,公園路/榮泰街口(西南側),32,10,22,2026-08-21 14:33:05,24.10508,120.61811,1,"10,0",2026-08-21 15:18:14.887777
500617080,YouBike2.0_成功公園,烏日區,三榮路二段67號對側,20,13,7,2026-08-21 14:35:03,24.10764,120.60006,1,"12,1",2026-08-21 15:18:14.887777
500617082,YouBike2.0_高鐵健行路口,烏日區,高鐵路一段172號旁,22,2,20,2026-08-21 12:43:03,24.10884,120.60334,1,"2,0",2026-08-21 15:18:14.887777
500617083,YouBike2.0_廣停四停車場,烏日區,三榮九路/健行路口,27,9,18,2026-08-21 12:54:03,24.109,120.60077,1,"9,0",2026-08-21 15:18:14.887777
500618001,YouBike2.0_圳前仁愛公園,神岡區,中山路/中山路1720巷口(東北側),45,7,38,2026-08-21 15:07:05,24.25826,120.64873,1,"5,2",2026-08-21 15:18:14.887777
500618002,YouBike2.0_神岡高工,神岡區,中山路/中山路652巷口(南側),30,7,23,2026-08-21 14:22:04,24.24723,120.68146,1,"7,0",2026-08-21 15:18:14.887777
500618003,YouBike2.0_神圳國中,神岡區,神清路/神清路54巷口(東側),24,5,19,2026-08-21 15:09:04,24.26049,120.65863,1,"5,0",2026-08-21 15:18:14.887777
500618004,YouBike2.0_豐原大道豐洲路口,神岡區,豐原大道八段/豐洲路口(南側),10,4,6,2026-08-21 06:57:02,24.25901,120.7087,1,"4,0",2026-08-21 15:18:14.887777
500618005,YouBike2.0_社口國小,神岡區,社南街180巷/社南街口(西北側),15,4,10,2026-08-21 13:06:02,24.244853,120.685059,1,"4,0",2026-08-21 15:18:14.887777
500618006,YouBike2.0_豐洲公園,神岡區,大明路/大明路28巷口(東北側),15,5,10,2026-08-21 14:54:02,24.265425,120.699859,1,"5,0",2026-08-21 15:18:14.887777
500618007,YouBike2.0_神岡區順天宮,神岡區,豐洲路916巷38弄96號(西南側),15,6,9,2026-08-21 14:59:03,24.267459,120.69348,1,"6,0",2026-08-21 15:18:14.887777
500618008,YouBike2.0_神洲社區公園,神岡區,大明路/國豐路一段口(東北側),12,9,3,2026-08-21 12:01:02,24.272228,120.698998,1,"8,1",2026-08-21 15:18:14.887777
500618010,YouBike2.0_和睦兒童公園,神岡區,和睦路95巷/和睦路一段61巷4弄口(西南側),15,4,11,2026-08-21 12:17:04,24.27306,120.65727,1,"4,0",2026-08-21 15:18:14.887777
500618011,YouBike2.0_新和宮,神岡區,和睦路一段358巷15號,15,12,3,2026-08-21 15:09:04,24.28052,120.65811,1,"12,0",2026-08-21 15:18:14.887777
500618012,YouBike2.0_豐洲國小,神岡區,豐洲路482號對側,9,3,6,2026-08-21 13:22:03,24.26181,120.70402,1,"3,0",2026-08-21 15:18:14.887777
500618013,YouBike2.0_臺中市立圖書館神岡分館,神岡區,中山路1460號,8,2,6,2026-08-21 15:17:04,24.25899,120.661,1,"1,1",2026-08-21 15:18:14.887777
500618014,YouBike2.0_神岡消防公園,神岡區,東洲路70-12號(對側人行道),14,5,9,2026-08-21 13:29:02,24.26008,120.71181,1,"5,0",2026-08-21 15:18:14.887777
500618017,YouBike2.0_親慈公園,神岡區,民權二街2巷/民權二街口(東北側),10,4,6,2026-08-21 15:10:05,24.24925,120.68499,1,"4,0",2026-08-21 15:18:14.887777
500618019,YouBike2.0_岸裡國小,神岡區,中山路52號,16,2,14,2026-08-21 14:37:02,24.248713,120.696895,1,"1,1",2026-08-21 15:18:14.887777
500618020,YouBike2.0_三民南路302巷,神岡區,三民南路302巷20-6號(北側),15,9,6,2026-08-21 11:59:02,24.25564,120.65672,1,"9,0",2026-08-21 15:18:14.887777
500618021,YouBike2.0_社興公園,神岡區,大裡街/豐社路口(西南側),22,5,17,2026-08-21 14:53:02,24.251116,120.697513,1,"4,1",2026-08-21 15:18:14.887777
500618023,YouBike2.0_圳堵里口公車站,神岡區,神清路178號對側,20,1,19,2026-08-21 06:57:03,24.26847,120.65618,1,"1,0",2026-08-21 15:18:14.887777
500618024,YouBike2.0_三社東路16巷口,神岡區,三社東路105號對側,18,6,12,2026-08-21 14:05:21,24.23599,120.69650,1,"6,0",2026-08-21 15:18:14.887777
500618025,YouBike2.0_豐工一豐工中路口,神岡區,豐工一路/豐工中路口(南側),25,4,21,2026-08-21 07:22:02,24.27770,120.70435,1,"4,0",2026-08-21 15:18:14.887777
500618026,YouBike2.0_豐原大道豐洲路口(北側),神岡區,豐原大道七段/豐洲路口(北側),18,7,11,2026-08-21 15:17:04,24.26009,120.70916,1,"7,0",2026-08-21 15:18:14.887777
500618027,YouBike2.0_圳前活動中心,神岡區,三民路349號,15,6,9,2026-08-21 11:10:03,24.26692,120.65828,1,"6,0",2026-08-21 15:18:14.887777
500618028,YouBike2.0_民生路50巷民生路口,神岡區,民生路50巷/民生路口,18,9,9,2026-08-21 14:55:03,24.24505,120.67945,1,"9,0",2026-08-21 15:18:14.887777
500618029,YouBike2.0_潭雅神綠園道社南站,神岡區,昌平路五段257號旁,18,7,11,2026-08-21 15:03:03,24.24329,120.68219,1,"7,0",2026-08-21 15:18:14.887777
500618030,YouBike2.0_大圳八德路九如巷口,神岡區,大圳路/八德路九如巷口(西北側),18,5,13,2026-08-21 13:50:04,24.25853,120.68655,1,"4,1",2026-08-21 15:18:14.887777
500618031,YouBike2.0_大圳路福庄街口,神岡區,大圳路/福庄街口(東南側),18,8,10,2026-08-21 13:41:03,24.26282,120.66560,1,"7,1",2026-08-21 15:18:14.887777
500618033,YouBike2.0_新興公園,神岡區,新興路/和睦路一段537巷口,17,5,12,2026-08-21 13:45:02,24.27867,120.65180,1,"4,1",2026-08-21 15:18:14.887777
500618034,YouBike2.0_社南社區活動中心,神岡區,中山路551巷41號,16,5,11,2026-08-21 14:48:04,24.24560,120.68318,1,"5,0",2026-08-21 15:18:14.887777
500618036,YouBike2.0_成都路134巷口,神岡區,成都路121號前,15,2,13,2026-08-21 07:41:03,24.27495,120.65162,1,"1,1",2026-08-21 15:18:14.887777
500619001,YouBike2.0_大肚戶政事務所,大肚區,華山路/沙田路三段口(東北側),19,8,11,2026-08-21 15:14:04,24.15446,120.54441,1,"8,0",2026-08-21 15:18:14.887777
500619002,YouBike2.0_大肚車站,大肚區,華山路/平和街口(東北側),26,13,13,2026-08-21 15:04:03,24.15414,120.54275,1,"11,2",2026-08-21 15:18:14.887777
500619003,YouBike2.0_動態公園,大肚區,大明二街/大德六街口(東北側),30,6,24,2026-08-21 15:06:02,24.1539,120.54139,1,"6,0",2026-08-21 15:18:14.887777
500619004,YouBike2.0_瑞井步道,大肚區,瑞井路65巷/瑞井路85巷口(西南側),13,4,9,2026-08-21 13:23:04,24.165074,120.570576,1,"4,0",2026-08-21 15:18:14.887777
500619005,YouBike2.0_大肚藍色公路,大肚區,遊園路一段3巷118號(前),15,4,11,2026-08-21 12:33:03,24.155956,120.570539,1,"4,0",2026-08-21 15:18:14.887777
500619006,YouBike2.0_磺溪書院,大肚區,文昌一街/文昌一街8巷口(東南側),13,5,8,2026-08-21 14:48:03,24.149682,120.539781,1,"4,1",2026-08-21 15:18:14.887777
500619007,YouBike2.0_靜態公園,大肚區,大明五街/大明五街61巷口(東南側),16,2,14,2026-08-21 15:16:03,24.157082,120.538461,1,"2,0",2026-08-21 15:18:14.887777
500619008,YouBike2.0_大肚山萬里長城步道入口,大肚區,大肚山萬里長城步道入口(東南側),15,5,10,2026-08-21 07:58:04,24.14535,120.557467,1,"5,0",2026-08-21 15:18:14.887777
500619009,YouBike2.0_大肚運動公園,大肚區,沙田路三段/萬興路口(西南側),15,3,12,2026-08-21 15:09:04,24.158685,120.543699,1,"3,0",2026-08-21 15:18:14.887777
500619010,YouBike2.0_大道國中,大肚區,仁德路/自由路口(東南側),15,7,8,2026-08-21 13:21:04,24.147122,120.549377,1,"7,0",2026-08-21 15:18:14.887777
500619011,YouBike2.0_大肚區公所,大肚區,沙田路二段/文昌路一段口(東南側),15,12,3,2026-08-21 15:15:03,24.151033,120.545395,1,"12,0",2026-08-21 15:18:14.887777
500619012,YouBike2.0_追分車站,大肚區,追分街13號(西北側),20,9,11,2026-08-21 15:13:02,24.120726,120.569796,1,"9,0",2026-08-21 15:18:14.887777
500619013,YouBike2.0_福蝠公園,大肚區,沙田路三段734巷/沙田路三段534巷口(東北側),14,3,11,2026-08-21 13:00:03,24.165561,120.544029,1,"3,0",2026-08-21 15:18:14.887777
500619014,YouBike2.0_日光郡社區活動中心,大肚區,萬興路/大明三街口(東南側),12,2,10,2026-08-21 14:45:03,24.15952,120.53963,1,"2,0",2026-08-21 15:18:14.887777
500619015,YouBike2.0_臺中市立圖書館大肚瑞井分館,大肚區,華山路700號,11,2,9,2026-08-21 15:00:05,24.1584,120.56832,1,"2,0",2026-08-21 15:18:14.887777
500619017,YouBike2.0_向上遊園路二段170巷口,大肚區,遊園路二段170巷62號(東側),12,5,7,2026-08-21 13:40:04,24.172182,120.582434,1,"5,0",2026-08-21 15:18:14.887777
500619018,YouBike2.0_大肚永和宮,大肚區,永和街14號(東側),14,4,10,2026-08-21 13:45:15,24.148643,120.544041,1,"4,0",2026-08-21 15:18:14.887777
500619019,YouBike2.0_汴子頭尾公車站,大肚區,文昌路二段260號對側,15,6,9,2026-08-21 12:18:02,24.15257,120.53383,1,"6,0",2026-08-21 15:18:14.887777
500619021,YouBike2.0_福山young公園,大肚區,沙田路一段428巷5弄9號對側,15,3,12,2026-08-21 15:17:04,24.12448,120.56534,1,"3,0",2026-08-21 15:18:14.887777
500619024,YouBike2.0_東海駕訓班,大肚區,遊園路一段126號,15,4,11,2026-08-21 14:17:03,24.1666,120.57804,1,"4,0",2026-08-21 15:18:14.887777
500619025,YouBike2.0_大東社區活動中心,大肚區,自由路/沙田路二段562巷口(西北側),28,7,21,2026-08-21 15:15:03,24.147463,120.548727,1,"7,0",2026-08-21 15:18:14.887777
500619026,YouBike2.0_王福公園,大肚區,王福街/王福街96巷口(北側),16,3,13,2026-08-21 12:31:02,24.120468,120.580168,1,"3,0",2026-08-21 15:18:14.887777
500619027,YouBike2.0_南榮路68號前,大肚區,南榮路68號前,15,0,15,2026-08-21 14:39:16,24.112724,120.582748,1,"0,0",2026-08-21 15:18:14.887777
500619028,YouBike2.0_沙田興和路口(東北側),大肚區,沙田路一段/興和路口(東北側),15,1,14,2026-08-21 06:24:03,24.11891,120.57738,1,"1,0",2026-08-21 15:18:14.887777
500619029,YouBike2.0_順安宮,大肚區,南榮路/中和巷口(東南側),10,3,7,2026-08-21 07:22:02,24.1125,120.574342,1,"3,0",2026-08-21 15:18:14.887777
500619030,YouBike2.0_沙田興和路口(東南側),大肚區,沙田路一段/興和路口(東南側),15,2,13,2026-08-21 06:39:03,24.11860,120.57669,1,"2,0",2026-08-21 15:18:14.887777
500619031,YouBike2.0_綠能公園,大肚區,沙田路二段310巷2號旁,15,2,13,2026-08-21 15:16:03,24.143502,120.555775,1,"0,2",2026-08-21 15:18:14.887777
500619032,YouBike2.0_環保運動公園停車場,大肚區,華山路388號旁,15,2,13,2026-08-21 11:20:03,24.157647,120.551962,1,"2,0",2026-08-21 15:18:14.887777
500619033,YouBike2.0_沙田沙田路三段889巷口,大肚區,沙田路三段/沙田路三段889巷口(北側),15,6,9,2026-08-21 00:20:03,24.169764,120.542197,1,"6,0",2026-08-21 15:18:14.887777
500619035,YouBike2.0_文昌文昌二街95巷口,大肚區,文昌二街95巷1號旁,16,4,11,2026-08-21 08:38:04,24.15313,120.537406,1,"4,0",2026-08-21 15:18:14.887777
500619036,YouBike2.0_福山福安宮,大肚區,王福街988巷77號,15,2,13,2026-08-21 13:16:03,24.12805,120.56508,1,"2,0",2026-08-21 15:18:14.887777
500619037,YouBike2.0_南榮南榮路468巷口,大肚區,南榮路476號旁,16,6,10,2026-08-20 11:09:02,24.11536,120.56748,1,"6,0",2026-08-21 15:18:14.887777
500619038,YouBike2.0_營埔社區發展協會,大肚區,營埔二街/船頭三街(東北側),18,3,15,2026-08-21 03:19:02,24.12160,120.55802,1,"3,0",2026-08-21 15:18:14.887777
500619040,YouBike2.0_醒壽堂,大肚區,沙田路一段388巷35之15號,15,3,12,2026-08-21 02:43:03,24.12836,120.56886,1,"3,0",2026-08-21 15:18:14.887777
500619041,YouBike2.0_萬興文昌路口,大肚區,萬興路/文昌路三段2巷193弄口(東側),18,2,16,2026-08-21 10:49:03,24.16918,120.53557,1,"2,0",2026-08-21 15:18:14.887777
500619042,YouBike2.0_瑞峰國小,大肚區,太平路1號旁,15,2,13,2026-08-21 13:34:02,24.16893,120.57416,1,"2,0",2026-08-21 15:18:14.887777
500619043,YouBike2.0_文昌路三段336巷口,大肚區,文昌路三段/文昌路三段336巷口,15,5,7,2026-08-21 14:23:03,24.173899,120.530439,1,"5,0",2026-08-21 15:18:14.887777
500619044,YouBike2.0_中蔗太平路口,大肚區,中蔗路30號,10,2,8,2026-08-21 12:37:04,24.16965,120.57559,1,"2,0",2026-08-21 15:18:14.887777
500619045,YouBike2.0_蔗廍里社區活動中心,大肚區,中沙路1-2號,15,7,8,2026-08-21 13:32:04,24.17258,120.57514,1,"7,0",2026-08-21 15:18:14.887777
500619046,YouBike2.0_王田莊中福德祠,大肚區,興和路265巷/王福街口(西側),18,3,15,2026-08-21 06:34:04,24.12224,120.57428,1,"3,0",2026-08-21 15:18:14.887777
500619048,YouBike2.0_社腳里活動中心,大肚區,沙田路一段774巷21-80號,15,4,11,2026-08-21 12:09:04,24.13183,120.55896,1,"4,0",2026-08-21 15:18:14.887777
500619049,YouBike2.0_日晷公園,大肚區,平等街/博愛街口(北側),18,2,16,2026-08-21 10:32:23,24.16256,120.54584,1,"2,0",2026-08-21 15:18:14.887777
500619050,YouBike2.0_遊園路一段8巷遊園路口,大肚區,遊園路一段8-1號旁,18,4,14,2026-08-20 22:47:02,24.15580,120.57269,1,"4,0",2026-08-21 15:18:14.887777
500619051,YouBike2.0_大肚瑞安宮,大肚區,瑞井路52巷7之1號前,16,2,14,2026-08-21 13:21:04,24.16319,120.57306,1,"2,0",2026-08-21 15:18:14.887777
500619052,YouBike2.0_大肚永順宮,大肚區,永順路71號(東北側),12,5,7,2026-08-21 12:53:02,24.16126,120.53129,1,"5,0",2026-08-21 15:18:14.887777
500619053,YouBike2.0_沙田路一段550巷口,大肚區,沙田路一段550巷口/王福街口,15,5,10,2026-08-21 13:46:03,24.12579,120.56226,1,"5,0",2026-08-21 15:18:14.887777
500620001,YouBike2.0_大明國小,大雅區,中清路四段161-11號(對側人行道),20,7,13,2026-08-21 12:36:03,24.22857,120.6431,1,"7,0",2026-08-21 15:18:14.887777
500620002,YouBike2.0_大華國中,大雅區,中清路三段849號(對側人行道),26,3,23,2026-08-21 15:09:04,24.21543,120.64953,1,"3,0",2026-08-21 15:18:14.887777
500620003,YouBike2.0_大雅國中,大雅區,學府路289號(對側機車停車場),20,8,12,2026-08-21 15:05:03,24.22432,120.6495,1,"8,0",2026-08-21 15:18:14.887777
500620004,YouBike2.0_大雅公園,大雅區,中清路三段1132巷/中清路三段(東北側),22,2,20,2026-08-21 15:16:03,24.22345,120.64709,1,"2,0",2026-08-21 15:18:14.887777
500620005,YouBike2.0_大雅區公所,大雅區,雅環路二段299號旁,24,4,20,2026-08-21 15:10:05,24.22917,120.64819,1,"3,1",2026-08-21 15:18:14.887777
500620006,YouBike2.0_中科標準廠房,大雅區,科雅路/科雅五路口(東北側),22,5,17,2026-08-21 12:53:02,24.22431,120.62829,1,"4,1",2026-08-21 15:18:14.887777
500620007,YouBike2.0_原住民族文化館,大雅區,大雅區仁愛路69號,17,2,15,2026-08-21 15:14:04,24.23529,120.62233,1,"2,0",2026-08-21 15:18:14.887777
500620008,YouBike2.0_科雅中清路口,大雅區,科雅路/中清路四段口(西北側),13,3,10,2026-08-21 11:23:02,24.23477,120.63605,1,"2,1",2026-08-21 15:18:14.887777
500620009,YouBike2.0_大榮公園,大雅區,大榮街/大榮街45巷口(西北側),14,5,9,2026-08-21 15:08:02,24.22546,120.65031,1,"5,0",2026-08-21 15:18:14.887777
500620010,YouBike2.0_大雅體育園區,大雅區,民生路四段/昌平路四段687巷口(東南側),15,4,11,2026-08-21 14:52:03,24.24025,120.67429,1,"4,0",2026-08-21 15:18:14.887777
500620011,YouBike2.0_上楓國小,大雅區,民生路四/楓林街口(東北側),20,0,20,2026-08-21 14:21:19,24.23593,120.66722,1,"0,0",2026-08-21 15:18:14.887777
500620012,YouBike2.0_寶興宮,大雅區,神林路一段231巷58號(北側),15,4,11,2026-08-21 14:10:02,24.23816,120.65272,1,"2,2",2026-08-21 15:18:14.887777
500620016,YouBike2.0_六寶公園,大雅區,月祥路/月祥路530巷(東北側),10,5,5,2026-08-21 13:11:03,24.23739,120.62642,1,"5,0",2026-08-21 15:18:14.887777
500620017,YouBike2.0_上雅社區活動中心,大雅區,雅環路二段171巷19號,12,4,8,2026-08-20 10:56:03,24.228197,120.650922,1,"4,0",2026-08-21 15:18:14.887777
500620018,YouBike2.0_大雅區停四停車場,大雅區,神林南路161號(對側人行道),20,8,12,2026-08-21 15:17:04,24.22589,120.65665,1,"8,0",2026-08-21 15:18:14.887777
500620019,YouBike2.0_三和公園,大雅區,龍善二街/龍善二街186巷口(北側),15,4,11,2026-08-21 15:16:03,24.21195,120.66453,1,"4,0",2026-08-21 15:18:14.887777
500620020,YouBike2.0_橫山社區籃球場,大雅區,永和路102-1號(東北側),10,1,9,2026-08-21 15:13:02,24.211844,120.630901,1,"1,0",2026-08-21 15:18:14.887777
500620022,YouBike2.0_潭雅神自行車道,大雅區,中清路四段892號(東南側),15,6,9,2026-08-21 15:17:04,24.240639,120.630839,1,"6,0",2026-08-21 15:18:14.887777
500620023,YouBike2.0_十四張圳水岸公園,大雅區,神林南路538號(東南側),15,9,6,2026-08-21 15:12:04,24.218909,120.655479,1,"8,1",2026-08-21 15:18:14.887777
500620024,YouBike2.0_雅潭路停車場,大雅區,雅潭路四段81號(東南側),18,5,13,2026-08-21 15:11:03,24.216567,120.666171,1,"5,0",2026-08-21 15:18:14.887777
500620025,YouBike2.0_大雅戰車公園,大雅區,月祥路276巷44號(東側),40,12,28,2026-08-21 14:42:02,24.23067,120.62452,1,"10,2",2026-08-21 15:18:14.887777
500620026,YouBike2.0_文雅兒童公園,大雅區,中山北路478號,17,4,13,2026-08-21 15:17:04,24.22295,120.64486,1,"4,0",2026-08-21 15:18:14.887777
500620027,YouBike2.0_三和國小,大雅區,昌平路四段226號(西北側),16,6,10,2026-08-21 13:43:03,24.22045,120.66886,1,"4,2",2026-08-21 15:18:14.887777
500620028,YouBike2.0_大雅體育園區(昌平民生路口),大雅區,昌平路四段687巷/民生路四段136巷口(東北側),12,1,11,2026-08-21 11:04:02,24.236139,120.673205,1,"1,0",2026-08-21 15:18:14.887777
500620030,YouBike2.0_櫻花大郡公車站,大雅區,東大路二段/東大路二段1100巷口,15,5,10,2026-08-21 14:55:03,24.23563,120.61419,1,"5,0",2026-08-21 15:18:14.887777
500620033,YouBike2.0_大雅國小,大雅區,雅潭路四段800號旁,20,2,18,2026-08-21 15:16:03,24.22162,120.65083,1,"2,0",2026-08-21 15:18:14.887777
500620037,YouBike2.0_東大路二段910巷口,大雅區,東大路二段910巷1 號,23,11,12,2026-08-21 11:55:03,24.22988,120.61352,1,"11,0",2026-08-21 15:18:14.887777
500620038,YouBike2.0_二和公園,大雅區,學府路大智巷22之2號旁,18,8,10,2026-08-21 14:24:03,24.22062,120.65123,1,"8,0",2026-08-21 15:18:14.887777
500620041,YouBike2.0_大雅中科公園,大雅區,月祥路40號旁停車場,25,4,21,2026-08-21 14:53:02,24.22038,120.61866,1,"4,0",2026-08-21 15:18:14.887777
500620043,YouBike2.0_科雅平和路口,大雅區,科雅路/平和路口(東北側),18,3,15,2026-08-21 13:41:03,24.22911,120.63143,1,"3,0",2026-08-21 15:18:14.887777
500621001,YouBike2.0_新泰安車站,后里區,福安路/安眉路口(北側),30,0,30,2026-08-21 14:44:17,24.33059,120.74164,1,"0,0",2026-08-21 15:18:14.887777
500621002,YouBike2.0_泰安鐵道文化園區,后里區,福興路59號(前),30,5,25,2026-08-21 15:04:03,24.32256,120.748,1,"5,0",2026-08-21 15:18:14.887777
500621003,YouBike2.0_后里車站,后里區,圳寮路/圳寮路160巷口(東北側),47,16,31,2026-08-21 15:16:03,24.31008,120.73308,1,"15,1",2026-08-21 15:18:14.887777
500621004,YouBike2.0_后里運動公園,后里區,成功路478號(對側人行道),36,5,31,2026-08-21 14:56:02,24.30637,120.7177,1,"5,0",2026-08-21 15:18:14.887777
500621005,YouBike2.0_麗寶樂園,后里區,福容路8號前,30,5,25,2026-08-21 15:17:04,24.32296,120.69762,1,"5,0",2026-08-21 15:18:14.887777
500621006,YouBike2.0_台灣美光,后里區,后科南路/三豐路四段口(西北側),30,10,19,2026-08-21 15:13:02,24.31651,120.72408,1,"10,0",2026-08-21 15:18:14.887777
500621012,YouBike2.0_后里四號公園,后里區,大圳路258號對面公園內(西南側),15,5,10,2026-08-21 15:17:04,24.30239,120.70974,1,"5,0",2026-08-21 15:18:14.887777
500621013,YouBike2.0_后里森林園區,后里區,內東路232號(東南側),15,6,9,2026-08-21 14:44:03,24.30556,120.73118,1,"6,0",2026-08-21 15:18:14.887777
500621014,YouBike2.0_啟明學校,后里區,三豐路三段/文明路31巷3弄口(東南側),10,2,8,2026-08-21 14:55:03,24.30488,120.72212,1,"2,0",2026-08-21 15:18:14.887777
500621015,YouBike2.0_后綜高中,后里區,三豐路三段/文明路口(東北側),39,2,37,2026-08-21 15:09:04,24.30635,120.72189,1,"1,1",2026-08-21 15:18:14.887777
500621016,YouBike2.0_后里區衛生所,后里區,三光路/公安路口(西北側),19,2,17,2026-08-21 15:12:03,24.30504,120.71049,1,"2,0",2026-08-21 15:18:14.887777
500621017,YouBike2.0_內埔國小,后里區,平安路168號(對側人行道),20,4,16,2026-08-21 15:05:03,24.308018,120.715686,1,"4,0",2026-08-21 15:18:14.887777
500621018,YouBike2.0_三豐星科路口,后里區,三豐路/星科路口(東北側),12,2,10,2026-08-21 14:46:03,24.288202,120.723317,1,"2,0",2026-08-21 15:18:14.887777
500621019,YouBike2.0_舊社社區活動中心,后里區,舊社路93號,12,4,8,2026-08-21 13:32:03,24.294701,120.701551,1,"4,0",2026-08-21 15:18:14.887777
500621020,YouBike2.0_后里游泳池,后里區,堤防路518號,12,5,6,2026-08-21 14:58:02,24.288578,120.699853,1,"5,0",2026-08-21 15:18:14.887777
500621021,YouBike2.0_后里環保公園,后里區,后里環保公園(堤坊路側入口),12,1,11,2026-08-21 10:13:02,24.287333,120.702459,1,"1,0",2026-08-21 15:18:14.887777
500621023,YouBike2.0_三豐泉州路口,后里區,三豐路四段151號(對側人行道),9,4,5,2026-08-21 14:52:03,24.312739,120.723475,1,"4,0",2026-08-21 15:18:14.887777
500621024,YouBike2.0_三豐南村路口,后里區,三豐路/南村路口(西南側),8,5,3,2026-08-21 11:08:02,24.294551,120.72364,1,"5,0",2026-08-21 15:18:14.887777
500621025,YouBike2.0_臺中市動物之家后里園區,后里區,堤防路370號,11,4,7,2026-08-21 13:28:04,24.28635,120.70964,1,"4,0",2026-08-21 15:18:14.887777
500621026,YouBike2.0_中社花市,后里區,三豐路五段402號(北側停車場),18,6,12,2026-08-21 14:52:03,24.33476,120.7305,1,"6,0",2026-08-21 15:18:14.887777
500621027,YouBike2.0_太平里聯合里聯合活動中心,后里區,四月路72-8號,15,4,11,2026-08-20 17:24:02,24.31396,120.65912,1,"2,2",2026-08-21 15:18:14.887777
500621030,YouBike2.0_后里國中,后里區,中眉路169號(西北側),20,5,15,2026-08-21 13:22:03,24.308615,120.692915,1,"5,0",2026-08-21 15:18:14.887777
500621032,YouBike2.0_三光路停車場,后里區,民生路/三光路口(西北側),15,8,7,2026-08-21 14:33:05,24.307242,120.71144,1,"8,0",2026-08-21 15:18:14.887777
500621034,YouBike2.0_美光O2(AATT),后里區,后科路二段309號,30,12,18,2026-08-21 15:15:03,24.31948,120.73289,1,"12,0",2026-08-21 15:18:14.887777
500621035,YouBike2.0_美光員工宿舍,后里區,九甲路500號,30,2,28,2026-08-21 14:16:16,24.32048,120.72030,1,"2,0",2026-08-21 15:18:14.887777
500621036,YouBike2.0_美光O4(ICHU),后里區,后科路二段335號旁,30,8,22,2026-08-21 14:45:03,24.32016,120.73012,1,"8,0",2026-08-21 15:18:14.887777
500621037,YouBike2.0_美光(UCAN),后里區,后科南路22號(北側),15,5,9,2026-08-21 14:12:04,24.31646,120.73205,1,"5,0",2026-08-21 15:18:14.887777
500621039,YouBike2.0_后科南甲后路一段136巷口,后里區,后科南路88號,27,16,9,2026-08-21 15:13:02,24.3156,120.72749,1,"16,0",2026-08-21 15:18:14.887777
500621040,YouBike2.0_后科馬場路口,后里區,后科路一段/馬場路口(西南側),19,8,11,2026-08-21 14:50:04,24.29825,120.73194,1,"8,0",2026-08-21 15:18:14.887777
500621042,YouBike2.0_甲后路二段377號(北側),后里區,甲后路二段377號(北側),25,8,17,2026-08-21 09:52:04,24.313699,120.693833,1,"7,1",2026-08-21 15:18:14.887777
500621043,YouBike2.0_后神四月路口,后里區,后神路/四月路口,20,4,16,2026-08-21 14:40:04,24.31099,120.68041,1,"4,0",2026-08-21 15:18:14.887777
500621044,YouBike2.0_四塊厝(合安宮)公車站,后里區,水門路55-10號前,16,6,10,2026-08-20 15:19:02,24.30575,120.68317,1,"6,0",2026-08-21 15:18:14.887777
500621046,YouBike2.0_厚里社區活動中心,后里區,九甲一路259號,18,3,15,2026-08-19 09:21:03,24.31366,120.71588,1,"3,0",2026-08-21 15:18:14.887777
500622001,YouBike2.0_霧峰農工,霧峰區,中正路/中正路1221巷口(東北側),54,5,49,2026-08-21 14:42:02,24.07319,120.69985,1,"5,0",2026-08-21 15:18:14.887777
500622003,YouBike2.0_立法院中部辦公室,霧峰區,中正路/蘭生街口(東南側),26,7,19,2026-08-21 13:16:02,24.05584,120.69742,1,"6,1",2026-08-21 15:18:14.887777
500622004,YouBike2.0_光復新村(新生路),霧峰區,新生路/中興路口(西北側),18,6,12,2026-08-21 14:02:04,24.043874,120.696271,1,"6,0",2026-08-21 15:18:14.887777
500622005,YouBike2.0_臺中市立光復國民中小學,霧峰區,柳豐路535號(東側),17,1,16,2026-08-21 14:28:02,24.043076,120.690118,1,"1,0",2026-08-21 15:18:14.887777
500622006,YouBike2.0_霧峰健體中心,霧峰區,成功路/民生路口(東北側),15,7,8,2026-08-21 13:38:02,24.060106,120.70093,1,"7,0",2026-08-21 15:18:14.887777
500622007,YouBike2.0_北峰公園,霧峰區,峰堤路/大峰路口(西南側),9,3,6,2026-08-21 09:51:02,24.071555,120.691839,1,"3,0",2026-08-21 15:18:14.887777
500622008,YouBike2.0_霧峰區綜合運動場,霧峰區,峰堤路/民生路口(西北側),15,7,8,2026-08-21 14:48:03,24.080235,120.714519,1,"6,1",2026-08-21 15:18:14.887777
500622009,YouBike2.0_大愛公園,霧峰區,錦州路/峰堤路口(東南側),16,5,11,2026-08-21 14:28:02,24.080577,120.709404,1,"4,1",2026-08-21 15:18:14.887777
500622010,YouBike2.0_乾溪綠廊公園,霧峰區,霧峰區中潭公路/信義路(西南側),15,7,8,2026-08-21 13:57:02,24.0442,120.6919,1,"7,0",2026-08-21 15:18:14.887777
500622011,YouBike2.0_亞洲大學(安藤忠雄美術館),霧峰區,柳豐路422號(西北側),20,10,10,2026-08-21 14:18:03,24.0458,120.68776,1,"10,0",2026-08-21 15:18:14.887777
500622012,YouBike2.0_亞洲大學(體育館),霧峰區,柳豐路416號(南側),20,5,15,2026-08-21 14:14:03,24.04872,120.68659,1,"5,0",2026-08-21 15:18:14.887777
500622013,YouBike2.0_霧工一霧工五路口,霧峰區,霧工一路/霧工五路口(東北側),15,9,6,2026-08-21 14:34:03,24.06338,120.67899,1,"9,0",2026-08-21 15:18:14.887777
500622014,YouBike2.0_北勢活動中心,霧峰區,丁台路571巷7號旁,10,6,4,2026-08-21 15:07:05,24.04067,120.66963,1,"6,0",2026-08-21 15:18:14.887777
500622015,YouBike2.0_丁台里活動中心,霧峰區,四德南路/丁台路(西北側),11,3,8,2026-08-21 12:09:04,24.04954,120.67534,1,"2,1",2026-08-21 15:18:14.887777
500622016,YouBike2.0_四德國小,霧峰區,四德路504號,10,5,5,2026-08-21 13:47:02,24.06082,120.66783,1,"4,1",2026-08-21 15:18:14.887777
500622018,YouBike2.0_立法院民主議政園區民主草坪,霧峰區,育德路/育德路91巷口(西南側),15,5,10,2026-08-21 12:30:03,24.05214,120.69734,1,"5,0",2026-08-21 15:18:14.887777
500622019,YouBike2.0_中投東豐正路口,霧峰區,中投東路一段/豐正路口(北側),15,4,11,2026-08-20 19:29:03,24.02959,120.68555,1,"3,1",2026-08-21 15:18:14.887777
500622020,YouBike2.0_本堂里停車場,霧峰區,育群路247號(西側),16,4,12,2026-08-21 13:04:03,24.057986,120.697149,1,"4,0",2026-08-21 15:18:14.887777
500622021,YouBike2.0_臺中市立圖書館霧峰以文分館,霧峰區,大同路8號(西北側),17,12,5,2026-08-21 13:24:03,24.061671,120.698886,1,"12,0",2026-08-21 15:18:14.887777
500622022,YouBike2.0_霧峰區甲寅老人公園,霧峰區,錦山路/自強路95巷(西側),15,5,10,2026-08-21 14:32:04,24.070323,120.707152,1,"5,0",2026-08-21 15:18:14.887777
500622023,YouBike2.0_光明峰東路口,霧峰區,光明路/峰東路口(北側),15,9,6,2026-08-21 06:48:03,24.02996,120.67089,1,"9,0",2026-08-21 15:18:14.887777
500622024,YouBike2.0_萬豐國小,霧峰區,中正路224號(北側),12,4,8,2026-08-20 22:46:05,24.02861,120.69701,1,"4,0",2026-08-21 15:18:14.887777
500622025,YouBike2.0_舊正活動中心,霧峰區,光明路116巷20號(南側),15,4,11,2026-08-20 22:08:03,24.02571,120.6894,1,"4,0",2026-08-21 15:18:14.887777
500622026,YouBike2.0_甲寅里辦公處,霧峰區,德泰街70巷5號,15,5,10,2026-08-21 14:50:04,24.06799,120.70084,1,"3,2",2026-08-21 15:18:14.887777
500622027,YouBike2.0_中投西新豐路口,霧峰區,中投西路一段/新豐路口(南側),15,4,11,2026-08-21 06:34:04,24.023001,120.685697,1,"3,1",2026-08-21 15:18:14.887777
500622028,YouBike2.0_峰東豐正路口,霧峰區,峰東路/豐正路口,15,8,7,2026-08-21 13:13:02,24.03361,120.67356,1,"8,0",2026-08-21 15:18:14.887777
500622030,YouBike2.0_民主議政園區(日月池),霧峰區,中正路734號前(日月池旁人行道),16,3,13,2026-08-21 13:45:02,24.054037,120.698874,1,"3,0",2026-08-21 15:18:14.887777
500622031,YouBike2.0_霧峰國中,霧峰區,國中路110號(東南側),23,9,14,2026-08-21 14:33:05,24.06717,120.6896,1,"9,0",2026-08-21 15:18:14.887777
500622032,YouBike2.0_四德路258號(東側),霧峰區,四德路258號(東側),18,8,10,2026-08-21 13:12:03,24.065808,120.686971,1,"8,0",2026-08-21 15:18:14.887777
500622033,YouBike2.0_省議會公車站,霧峰區,中正路734號(公車站旁),20,1,19,2026-08-21 13:41:03,24.0548,120.69679,1,"1,0",2026-08-21 15:18:14.887777
500622034,YouBike2.0_萊園萊園路47巷口,霧峰區,萊園路30號(東側),18,1,17,2026-08-21 13:08:04,24.063538,120.70168,1,"1,0",2026-08-21 15:18:14.887777
500622035,YouBike2.0_吳厝庄福成宮,霧峰區,五福路230號(西南側),13,6,7,2026-08-21 14:23:03,24.071159,120.666411,1,"3,3",2026-08-21 15:18:14.887777
500622036,YouBike2.0_霧峰區農會,霧峰區,振德街/四德路口(北側),27,4,23,2026-08-21 15:17:04,24.064889,120.697764,1,"4,0",2026-08-21 15:18:14.887777
500622037,YouBike2.0_朝陽科大第一機車停車場,霧峰區,吉峰東路530號(西南側),35,5,30,2026-08-21 12:28:03,24.070187,120.715419,1,"5,0",2026-08-21 15:18:14.887777
500622038,YouBike2.0_天威智生活學苑,霧峰區,吉峰東路535巷16號旁,26,6,20,2026-08-21 13:54:02,24.059786,120.726915,1,"6,0",2026-08-21 15:18:14.887777
500622039,YouBike2.0_921地震教育園區聯外停車場,霧峰區,乾溪路/山腳巷口(東側),18,3,15,2026-08-21 06:51:04,24.04039,120.69915,1,"3,0",2026-08-21 15:18:14.887777
500622040,YouBike2.0_乾溪綠地公園,霧峰區,乾溪東路138號(西南側),20,7,13,2026-08-21 07:02:02,24.06197,120.69335,1,"7,0",2026-08-21 15:18:14.887777
500622042,YouBike2.0_立法院議政博物館,霧峰區,中正路734號,19,5,14,2026-08-21 13:19:03,24.05341,120.69986,1,"5,0",2026-08-21 15:18:14.887777
500622044,YouBike2.0_朝陽科大第二宿舍,霧峰區,吉峰東路535巷80號(對側),36,4,32,2026-08-21 12:22:03,24.06116,120.7283,1,"4,0",2026-08-21 15:18:14.887777
500622045,YouBike2.0_中投東北豐路口,霧峰區,北豐路169號前,18,4,14,2026-08-21 02:20:04,24.04738,120.66486,1,"3,1",2026-08-21 15:18:14.887777
500622046,YouBike2.0_阿罩霧舊街,霧峰區,民權街37號前,18,7,11,2026-08-21 14:50:04,24.06666,120.70028,1,"7,0",2026-08-21 15:18:14.887777
500623002,YouBike2.0_潭子運動公園(勝利路),潭子區,勝利路/勝利六街口(東北側),35,3,32,2026-08-21 15:06:02,24.20984,120.701135,1,"2,1",2026-08-21 15:18:14.887777
500623003,YouBike2.0_頭家公園,潭子區,頭張路一段159號(對側人行道),15,3,12,2026-08-21 15:14:04,24.19466,120.69812,1,"3,0",2026-08-21 15:18:14.887777
500623004,YouBike2.0_頭家國小,潭子區,得福街185號,15,3,12,2026-08-21 14:09:03,24.19696,120.69618,1,"3,0",2026-08-21 15:18:14.887777
500623005,YouBike2.0_頭家厝車站,潭子區,頭張東路43巷8號,28,0,27,2026-08-21 14:55:18,24.19564,120.70405,1,"0,0",2026-08-21 15:18:14.887777
500623006,YouBike2.0_潭子車站(潭興路),潭子區,潭興路二段/潭子街一段31巷口(西南側),26,17,9,2026-08-21 15:13:02,24.21136,120.7061,1,"17,0",2026-08-21 15:18:14.887777
500623007,YouBike2.0_栗林車站,潭子區,吉林二街38號,32,12,20,2026-08-21 15:16:03,24.23419,120.71056,1,"12,0",2026-08-21 15:18:14.887777
500623008,YouBike2.0_順天豐華站,潭子區,大豐路三段192號對側,24,2,22,2026-08-21 14:44:03,24.2243406,120.6922168,1,"1,1",2026-08-21 15:18:14.887777
500623009,YouBike2.0_中山中山路一段15巷口,潭子區,中山路一段13-10號前,14,1,13,2026-08-21 15:12:17,24.18948,120.70236,1,"1,0",2026-08-21 15:18:14.887777
500623010,YouBike2.0_綠空廊道(中興路),潭子區,中興路88號旁,16,1,15,2026-08-21 15:17:04,24.19088,120.70326,1,"1,0",2026-08-21 15:18:14.887777
500623011,YouBike2.0_綠空廊道(祥和路),潭子區,祥和路/中山路三段口,13,5,8,2026-08-21 15:06:03,24.22984,120.70882,1,"5,0",2026-08-21 15:18:14.887777
500623012,YouBike2.0_豐栗安和路106巷口,潭子區,豐栗路158號,15,10,5,2026-08-21 13:51:02,24.23163,120.70538,1,"10,0",2026-08-21 15:18:14.887777
500623013,YouBike2.0_弘文高中,潭子區,中山路三段221巷100號,50,12,38,2026-08-21 15:00:05,24.22628,120.70537,1,"12,0",2026-08-21 15:18:14.887777
500623014,YouBike2.0_潭子國小,潭子區,中山路二段391巷/中山路二段口(西北側),30,4,26,2026-08-21 15:16:03,24.21325,120.70494,1,"4,0",2026-08-21 15:18:14.887777
500623015,YouBike2.0_潭子聯合辦公大樓,潭子區,豐興路二段/潭興路一段口(東南側),20,3,17,2026-08-21 13:18:03,24.20382,120.7227,1,"3,0",2026-08-21 15:18:14.887777
500623016,YouBike2.0_中山路241巷中山路口,潭子區,中山路241巷/中山路二段口(西南側),15,6,9,2026-08-21 13:24:03,24.20982,120.70506,1,"6,0",2026-08-21 15:18:14.887777
500623017,YouBike2.0_環中東復興路一段口,潭子區,環中東路一段97號前,14,3,11,2026-08-21 15:15:03,24.2009,120.70633,1,"3,0",2026-08-21 15:18:14.887777
500623018,YouBike2.0_摘星山莊,潭子區,潭富路二段88號,14,3,11,2026-08-21 14:50:04,24.22401,120.69663,1,"3,0",2026-08-21 15:18:14.887777
500623019,YouBike2.0_東寶國小,潭子區,雅潭路三段2號,15,3,12,2026-08-21 12:31:02,24.21641,120.68379,1,"2,1",2026-08-21 15:18:14.887777
500623020,YouBike2.0_綠空廊道(圓通南路),潭子區,圓通南路/中山路二段口(東北側),14,2,12,2026-08-21 15:01:03,24.2072,120.70519,1,"2,0",2026-08-21 15:18:14.887777
500623021,YouBike2.0_大新路機車停車場,潭子區,中山路二段108巷/大新路口(東北側),15,3,12,2026-08-21 14:25:04,24.20268,120.70469,1,"3,0",2026-08-21 15:18:14.887777
500623023,YouBike2.0_綠空廊道(人和路),潭子區,人和路/中山路三段口(東北側),15,7,8,2026-08-21 14:45:03,24.22042,120.70668,1,"7,0",2026-08-21 15:18:14.887777
500623024,YouBike2.0_東寶兒童公園,潭子區,大富路一段12號(對側公園),34,6,28,2026-08-21 14:55:03,24.2042,120.67855,1,"6,0",2026-08-21 15:18:14.887777
500623025,YouBike2.0_潭子環保公園,潭子區,合作街38巷72號(對側人行道),20,1,19,2026-08-21 15:17:04,24.20462,120.70885,1,"1,0",2026-08-21 15:18:14.887777
500623026,YouBike2.0_潭秀國中,潭子區,雅潭路一段/勝利路口(西南側),24,19,5,2026-08-21 15:09:04,24.21615,120.70029,1,"19,0",2026-08-21 15:18:14.887777
500623027,YouBike2.0_潭陽國小,潭子區,福潭路/潭陽路口(西南側),15,2,13,2026-08-21 14:31:03,24.21294,120.71068,1,"0,2",2026-08-21 15:18:14.887777
500623028,YouBike2.0_潭子科技園區,潭子區,中山路二段/南環路口(西北側),20,10,10,2026-08-21 15:10:05,24.21707,120.70539,1,"9,1",2026-08-21 15:18:14.887777
500623029,YouBike2.0_潭子車站,潭子區,潭興路二段/中山路二段口(東北側),33,11,22,2026-08-21 15:17:04,24.2116,120.70605,1,"11,0",2026-08-21 15:18:14.887777
500623030,YouBike2.0_崇德崇德路四段183巷口,潭子區,崇德路四段/崇德路四段183巷口(西南側),11,5,6,2026-08-21 14:11:03,24.209319,120.686567,1,"4,1",2026-08-21 15:18:14.887777
500623031,YouBike2.0_崇德潭富路口,潭子區,崇德路五段/潭富路二段口(西北側),14,9,5,2026-08-21 14:24:03,24.225364,120.690061,1,"9,0",2026-08-21 15:18:14.887777
500623032,YouBike2.0_慈濟中醫院區,潭子區,豐興路一段66號旁,15,5,10,2026-08-21 15:10:05,24.19339,120.71982,1,"5,0",2026-08-21 15:18:14.887777
500623033,YouBike2.0_潭子得天宮,潭子區,得天街/頭張路一段22巷口(東北側),15,2,13,2026-08-21 15:11:03,24.195287,120.701284,1,"2,0",2026-08-21 15:18:14.887777
500623034,YouBike2.0_環中東中山路口(東北側),潭子區,環中東路/中山路口(東北側),17,6,11,2026-08-21 15:09:04,24.20121,120.70379,1,"5,1",2026-08-21 15:18:14.887777
500623035,YouBike2.0_中山中興路口(西南側),潭子區,中山路一段/中興路口(西南側),15,0,15,2026-08-21 15:15:19,24.19078,120.70238,1,"0,0",2026-08-21 15:18:14.887777
500623036,YouBike2.0_大明高中(潭子藝術校區),潭子區,潭興路一段168號,30,3,27,2026-08-21 15:05:03,24.20434,120.72041,1,"3,0",2026-08-21 15:18:14.887777
500623037,YouBike2.0_弘福公園(兒6),潭子區,弘智街/弘福街口(西南側),25,14,11,2026-08-21 15:17:04,24.22729,120.70581,1,"14,0",2026-08-21 15:18:14.887777
500623038,YouBike2.0_潭子科技園區(建國復興路口),潭子區,建國路/復興路口(東北側),19,14,4,2026-08-21 15:05:03,24.21872,120.701,1,"12,2",2026-08-21 15:18:14.887777
500623039,YouBike2.0_環中東福貴路口,潭子區,環中東路一段/福貴路口(南側),15,3,12,2026-08-21 14:59:03,24.200257,120.709539,1,"3,0",2026-08-21 15:18:14.887777
500623040,YouBike2.0_崇德雅潭路口,潭子區,崇德路五段48號旁,15,3,12,2026-08-21 04:40:02,24.21632,120.68846,1,"3,0",2026-08-21 15:18:14.887777
500623045,YouBike2.0_潭子國中(復興路),潭子區,復興路二段/復興路二段92巷口(東側),27,6,21,2026-08-21 15:09:04,24.209152,120.70705,1,"6,0",2026-08-21 15:18:14.887777
500623048,YouBike2.0_祥和嘉豐路口,潭子區,祥和路/嘉豐路口,17,8,9,2026-08-21 13:26:03,24.22905,120.71596,1,"8,0",2026-08-21 15:18:14.887777
500623049,YouBike2.0_僑興路僑興一街口,潭子區,僑興路/僑興一街口,29,3,26,2026-08-21 14:02:05,24.20616,120.70164,1,"3,0",2026-08-21 15:18:14.887777
500623050,YouBike2.0_新田社區活動中心,潭子區,豐興路二段412號,16,4,12,2026-08-19 10:56:03,24.21457,120.72437,1,"2,2",2026-08-21 15:18:14.887777
500623051,YouBike2.0_新田登山步道(廁所),潭子區,豐興路二段龍興巷28-1號(西南側),18,3,15,2026-08-20 07:20:03,24.21408,120.73701,1,"3,0",2026-08-21 15:18:14.887777
500623054,YouBike2.0_福貴福潭路450巷口,潭子區,福貴路/福潭路450巷口,22,3,19,2026-08-21 14:37:02,24.20924,120.71153,1,"3,0",2026-08-21 15:18:14.887777
500623056,YouBike2.0_福貴仁愛路二段82巷口,潭子區,福貴路/仁愛路二段82巷口,18,1,17,2026-08-21 11:09:02,24.21705,120.71266,1,"1,0",2026-08-21 15:18:14.887777
500624001,YouBike2.0_麗水籃球場,龍井區,三港路/水裡港巷(東北側),10,4,6,2026-08-21 14:51:03,24.199905,120.498432,1,"4,0",2026-08-21 15:18:14.887777
500624002,YouBike2.0_龍津高中,龍井區,三港路/龍津街口(西北側),20,7,13,2026-08-21 13:20:04,24.204405,120.521017,1,"7,0",2026-08-21 15:18:14.887777
500624003,YouBike2.0_龍井籃球場,龍井區,中厝路50巷60弄/中厝路56巷口(西北側),13,5,8,2026-08-21 14:59:03,24.203478,120.525007,1,"5,0",2026-08-21 15:18:14.887777
500624004,YouBike2.0_龍井區農會龍津分部,龍井區,中央路一段167號(前),13,6,7,2026-08-21 15:10:05,24.20075,120.52299,1,"6,0",2026-08-21 15:18:14.887777
500624005,YouBike2.0_龍井國小,龍井區,龍門路/舊車路口(西南側),18,4,14,2026-08-21 13:16:02,24.183368,120.530219,1,"4,0",2026-08-21 15:18:14.887777
500624007,YouBike2.0_龍山國小,龍井區,龍山街68號旁,20,7,13,2026-08-21 15:13:02,24.21400,120.54967,1,"7,0",2026-08-21 15:18:14.887777
500624008,YouBike2.0_龍井車站(龍新路3巷),龍井區,龍新路3巷/龍新路口(東北側),24,2,22,2026-08-21 14:54:02,24.198018,120.543734,1,"2,0",2026-08-21 15:18:14.887777
500624009,YouBike2.0_拍瀑拉公園,龍井區,中社路/中社二街口(西南側),22,3,19,2026-08-21 15:17:04,24.19956,120.56215,1,"3,0",2026-08-21 15:18:14.887777
500624010,YouBike2.0_藝術街藝術街90巷口,龍井區,藝術街96號前,10,6,4,2026-08-21 15:14:04,24.1882,120.59231,1,"6,0",2026-08-21 15:18:14.887777
500624011,YouBike2.0_臺灣大道遊園北路口,龍井區,臺灣大道五段/遊園北路口(東側),10,5,4,2026-08-21 15:09:04,24.18627,120.58595,1,"5,0",2026-08-21 15:18:14.887777
500624012,YouBike2.0_南寮登山步道,龍井區,南寮登山步道口(停車場旁),12,5,7,2026-08-21 07:52:04,24.17557,120.56615,1,"5,0",2026-08-21 15:18:14.887777
500624013,YouBike2.0_竹坑南寮登山步道停車場,龍井區,竹坑南寮登山步道口(停車場),14,0,14,2026-07-12 00:01:03,24.179,120.54927,0,"0,0",2026-08-21 15:18:14.887777
500624015,YouBike2.0_臺中市立圖書館龍井山頂分館,龍井區,中沙路新庄仔巷19-1號,12,6,6,2026-08-21 14:11:03,24.18264,120.57498,1,"5,1",2026-08-21 15:18:14.887777
500624016,YouBike2.0_四箴國中,龍井區,向上路六段/中沙路口(東北側),14,5,9,2026-08-21 13:13:02,24.17761,120.57627,1,"5,0",2026-08-21 15:18:14.887777
500624017,YouBike2.0_龍海國小,龍井區,中央路三段/中央路三段213巷口(東南側),15,8,7,2026-08-21 13:07:02,24.21662,120.52652,1,"8,0",2026-08-21 15:18:14.887777
500624018,YouBike2.0_龍東派出所,龍井區,文昌路/茄投路口(北側),13,4,9,2026-08-21 14:20:05,24.178772,120.530535,1,"4,0",2026-08-21 15:18:14.887777
500624020,YouBike2.0_巧聖先師廟,龍井區,遊園南路471號(西側),15,3,12,2026-08-21 14:42:02,24.175297,120.58149,1,"3,0",2026-08-21 15:18:14.887777
500624021,YouBike2.0_深水公車站,龍井區,沙田路四段282號(對側),15,3,12,2026-08-21 14:55:03,24.182655,120.545424,1,"3,0",2026-08-21 15:18:14.887777
500624022,YouBike2.0_臺灣大道五段109巷口,龍井區,臺灣大道五段127號旁,16,11,5,2026-08-21 13:33:03,24.18423,120.58965,1,"11,0",2026-08-21 15:18:14.887777
500624023,YouBike2.0_向上遊園南路口(東南側),龍井區,向上路五段/遊園南路口(東南側),12,1,11,2026-08-21 13:38:02,24.175268,120.582096,1,"1,0",2026-08-21 15:18:14.887777
500624024,YouBike2.0_臺灣大道遊園南路口,龍井區,臺灣大道五段245號旁,24,0,0,2026-07-12 00:01:03,24.18564,120.58636,0,"0,0",2026-08-21 15:18:14.887777
500624025,YouBike2.0_竹坑口公車站,龍井區,沙田路四段160號對側,15,5,10,2026-08-21 15:16:03,24.17703,120.54411,1,"5,0",2026-08-21 15:18:14.887777
500624026,YouBike2.0_龍井區公所,龍井區,沙田路四段247號旁,24,9,15,2026-08-21 15:17:04,24.192589,120.545878,1,"9,0",2026-08-21 15:18:14.887777
500624027,YouBike2.0_沙田中山二路口,龍井區,沙田路六段197號,17,9,8,2026-08-21 15:11:03,24.2089,120.54978,1,"9,0",2026-08-21 15:18:14.887777
500624028,YouBike2.0_遊園南遊園南路314巷口,龍井區,遊園南路/遊園南路314巷口,28,7,21,2026-08-21 15:16:03,24.179056,120.582934,1,"7,0",2026-08-21 15:18:14.887777
500624029,YouBike2.0_福田社區活動中心,龍井區,臨港東路二段155巷143號前,15,5,10,2026-08-21 00:38:04,24.192692,120.517624,1,"4,1",2026-08-21 15:18:14.887777
500624030,YouBike2.0_福田社區公車站,龍井區,臨港東路/臨港東路二段155巷口,15,3,12,2026-08-21 07:42:03,24.197329,120.518387,1,"3,0",2026-08-21 15:18:14.887777
500624032,YouBike2.0_拍瀑拉公園(龍社路),龍井區,龍社路/中社一街口,15,4,11,2026-08-21 13:35:04,24.19819,120.56369,1,"3,1",2026-08-21 15:18:14.887777
500624034,YouBike2.0_水師寮兒童公園,龍井區,竹師路二段/南崗路口,13,4,9,2026-08-21 14:53:02,24.1907,120.5498,1,"4,0",2026-08-21 15:18:14.887777
500624036,YouBike2.0_天母櫻城公車站,龍井區,龍社二街18號對側,16,1,15,2026-08-21 15:15:03,24.19332,120.56398,1,"1,0",2026-08-21 15:18:14.887777
500624037,YouBike2.0_遊園北遠東街口,龍井區,遊園北路308號對側,18,0,0,2026-07-12 00:01:03,24.19091,120.58747,0,"0,0",2026-08-21 15:18:14.887777
500624038,YouBike2.0_國聚之璟,龍井區,東海街128號,16,3,13,2026-08-21 15:15:03,24.18826,120.58893,1,"3,0",2026-08-21 15:18:14.887777
500624039,YouBike2.0_沙田路五段315巷口,龍井區,沙田路五段315巷/沙田路五段口,20,2,18,2026-08-21 14:42:03,24.20149,120.54733,1,"2,0",2026-08-21 15:18:14.887777
500624040,YouBike2.0_龍社路686巷口,龍井區,龍社路/龍社路686巷口,18,2,16,2026-08-21 14:42:03,24.20256,120.55855,1,"2,0",2026-08-21 15:18:14.887777
500624041,YouBike2.0_龍井山腳里社區環保運動公園,龍井區,中山一路一段西巷/向上路七段,18,4,14,2026-08-21 09:14:02,24.21753,120.54567,1,"4,0",2026-08-21 15:18:14.887777
500625001,YouBike2.0_外埔區公所,外埔區,六分路/甲后路三段口(東北側),22,1,21,2026-08-21 11:56:17,24.33212,120.65459,1,"1,0",2026-08-21 15:18:14.887777
500625002,YouBike2.0_外埔國中,外埔區,外埔路/重光路29巷口(西側),22,6,15,2026-08-21 13:03:02,24.33218,120.65077,1,"6,0",2026-08-21 15:18:14.887777
500625003,YouBike2.0_外埔農藝傳坊,外埔區,水頭一路196號,15,2,13,2026-08-21 00:50:03,24.320403,120.674369,1,"2,0",2026-08-21 15:18:14.887777
500625004,YouBike2.0_忘憂谷,外埔區,溪底路42號(西北側公園),14,2,12,2026-08-21 06:38:04,24.320919,120.621638,1,"2,0",2026-08-21 15:18:14.887777
500625005,YouBike2.0_重光公園,外埔區,中山路35巷13之3號(北側),12,3,9,2026-08-21 13:58:04,24.330799,120.652656,1,"3,0",2026-08-21 15:18:14.887777
500625006,YouBike2.0_磁瑤公園,外埔區,甲后路三段/甲后路347巷口(西側),12,6,6,2026-08-21 11:37:04,24.33045,120.65457,1,"5,1",2026-08-21 15:18:14.887777
500625007,YouBike2.0_龍鳳公園,外埔區,興龍3巷/甲后路937巷口(西南側),12,0,12,2026-08-21 13:56:16,24.32862,120.65499,1,"0,0",2026-08-21 15:18:14.887777
500625009,YouBike2.0_大東公園,外埔區,甲后路四段640號(西南側),12,0,12,2026-08-21 13:36:30,24.3406,120.64018,1,"0,0",2026-08-21 15:18:14.887777
500625010,YouBike2.0_永豐社區環境教育公園,外埔區,六分路90號(旁公園),12,5,7,2026-08-20 17:12:03,24.331658,120.678545,1,"5,0",2026-08-21 15:18:14.887777
500625011,YouBike2.0_水美社區公園,外埔區,水美路129號(北側),12,6,6,2026-08-20 19:59:02,24.333259,120.63279,1,"6,0",2026-08-21 15:18:14.887777
500625013,YouBike2.0_臺中市國際壘球運動園區,外埔區,長生路449號(東側機車停車場內),12,6,6,2026-08-21 13:55:04,24.34639,120.64368,1,"6,0",2026-08-21 15:18:14.887777
500625014,YouBike2.0_鐵山國小,外埔區,長生路576號(東南側),15,7,8,2026-08-21 13:32:03,24.348673,120.656408,1,"7,0",2026-08-21 15:18:14.887777
500625015,YouBike2.0_福天宮包公石,外埔區,長生路426號(南側),12,5,7,2026-08-21 06:49:03,24.349703,120.661249,1,"5,0",2026-08-21 15:18:14.887777
500625016,YouBike2.0_長生路5號(東側),外埔區,長生路5號(東側),11,6,5,2026-08-21 12:25:04,24.343829,120.663593,1,"6,0",2026-08-21 15:18:14.887777
500625017,YouBike2.0_明湖新村,外埔區,長生路421號(北側),10,1,9,2026-08-21 12:18:02,24.346625,120.646578,1,"1,0",2026-08-21 15:18:14.887777
500625019,YouBike2.0_外埔土城里活動中心,外埔區,土城路118號(西南側),12,8,3,2026-08-21 14:38:04,24.345271,120.703872,1,"8,0",2026-08-21 15:18:14.887777
500625021,YouBike2.0_大馬路188號(東南側),外埔區,大馬路188號(東南側),12,6,6,2026-08-21 07:50:05,24.33985,120.66136,1,"6,0",2026-08-21 15:18:14.887777
500625022,YouBike2.0_馬鳴里活動中心,外埔區,大馬路2號前,14,7,7,2026-08-21 07:52:04,24.341334,120.666809,1,"7,0",2026-08-21 15:18:14.887777
500625024,YouBike2.0_外埔三清總道院,外埔區,山美路813號(東北側),15,6,9,2026-08-21 10:13:02,24.332625,120.616963,1,"6,0",2026-08-21 15:18:14.887777
500625025,YouBike2.0_外埔幸福公園,外埔區,甲東路/甲東路202巷口(西南側),19,4,15,2026-08-21 13:34:02,24.340929,120.633737,1,"4,0",2026-08-21 15:18:14.887777
500625026,YouBike2.0_北路公車站,外埔區,土城路258號前,18,5,13,2026-08-21 12:17:04,24.34537,120.69047,1,"5,0",2026-08-21 15:18:14.887777
500625027,YouBike2.0_三崁社區發展協會,外埔區,溪底路19號,15,5,10,2026-08-20 15:54:02,24.318813,120.650789,1,"5,0",2026-08-21 15:18:14.887777
500625028,YouBike2.0_土城五崁腳休閒步道,外埔區,土城路19號(東南側),16,2,14,2026-08-17 17:55:04,24.33342,120.71398,1,"2,0",2026-08-21 15:18:14.887777
500625029,YouBike2.0_二崁公園,外埔區,甲后路三段999巷/二崁路口,15,9,6,2026-08-21 11:16:03,24.32525,120.64937,1,"9,0",2026-08-21 15:18:14.887777
500625030,YouBike2.0_巨大機械外埔宿舍,外埔區,長生路934號旁,18,4,14,2026-08-19 21:27:02,24.35122,120.64777,1,"4,0",2026-08-21 15:18:14.887777
500626001,YouBike2.0_谷關立體停車場,和平區,東關路一段/東關路一段分校巷口(東南側),20,5,15,2026-08-20 18:06:04,24.20292,121.00537,1,"5,0",2026-08-21 15:18:14.887777
500626002,YouBike2.0_松鶴社區活動中心,和平區,東關路一段松鶴二巷/松鶴三巷口(東北側),15,9,6,2026-08-21 15:02:03,24.177925,120.980151,1,"9,0",2026-08-21 15:18:14.887777
500627001,YouBike2.0_石岡區公所,石岡區,豐勢路1033號(對側),22,9,13,2026-08-21 12:00:04,24.27508,120.78055,1,"9,0",2026-08-21 15:18:14.887777
500627002,YouBike2.0_石岡國小,石岡區,大勇街12號(西側),15,4,11,2026-08-21 13:48:20,24.275918,120.774064,1,"4,0",2026-08-21 15:18:14.887777
500627003,YouBike2.0_金星里社區活動中心,石岡區,石岡街下坑巷153號(北側),18,4,14,2026-08-20 21:08:05,24.27098,120.77339,1,"4,0",2026-08-21 15:18:14.887777
500628001,YouBike2.0_大安國小,大安區,中山南路/中山南路304巷口(東南側),22,4,18,2026-08-21 14:14:03,24.34547,120.58721,1,"4,0",2026-08-21 15:18:14.887777
500628002,YouBike2.0_海墘國小,大安區,大安港路/大安港路1079巷口(西北側),22,7,15,2026-08-21 14:48:03,24.37892,120.58839,1,"7,0",2026-08-21 15:18:14.887777
500628003,YouBike2.0_東安休閒公園,大安區,中山南路79巷14弄/中山南路79巷口(西南側),14,4,10,2026-08-21 14:12:04,24.337329,120.591735,1,"4,0",2026-08-21 15:18:14.887777
500628004,YouBike2.0_大安國中,大安區,大安港路691號,15,5,10,2026-08-21 14:57:02,24.364988,120.602467,1,"5,0",2026-08-21 15:18:14.887777
500628005,YouBike2.0_大安濱海樂園,大安區,北沙海堤/北汕路口(南側),17,5,12,2026-08-21 12:44:02,24.38321,120.58603,1,"5,0",2026-08-21 15:18:14.887777
500628006,YouBike2.0_龜殼生態公園,大安區,中山南路757巷/中山北路口(西南側),12,3,9,2026-08-21 13:58:04,24.371432,120.584097,1,"3,0",2026-08-21 15:18:14.887777
500628007,YouBike2.0_大安永安國小,大安區,東西四路二段252號(東側),12,3,9,2026-08-20 17:28:02,24.38214,120.606566,1,"3,0",2026-08-21 15:18:14.887777
500628008,YouBike2.0_頂安社區,大安區,中山北路378號(西北側),11,5,6,2026-08-21 12:24:02,24.394833,120.600435,1,"4,1",2026-08-21 15:18:14.887777
500628009,YouBike2.0_東西二路51巷,大安區,東西二路51巷(西側),11,3,8,2026-08-21 10:34:02,24.384132,120.615327,1,"3,0",2026-08-21 15:18:14.887777
500628010,YouBike2.0_阿聰師芋頭文化館,大安區,興安路168號前,15,4,5,2026-08-21 07:12:04,24.346418,120.602346,1,"3,1",2026-08-21 15:18:14.887777
500628012,YouBike2.0_大安聖安宮,大安區,龜殼路175號,15,0,15,2026-08-21 15:15:19,24.36114,120.5823,1,"0,0",2026-08-21 15:18:14.887777
500628015,YouBike2.0_大安港媽祖文化園區(停車場),大安區,中山北路117號(西北側),20,2,18,2026-08-20 18:38:04,24.38156,120.584719,1,"2,0",2026-08-21 15:18:14.887777
500628016,YouBike2.0_大安松雅保安宮,大安區,松六街/松五街口,15,5,10,2026-08-21 13:57:02,24.36143,120.60367,1,"5,0",2026-08-21 15:18:14.887777
500628017,YouBike2.0_中山南路507巷口,大安區,中山南路513號對側,17,5,12,2026-08-21 13:25:03,24.35173,120.58414,1,"5,0",2026-08-21 15:18:14.887777
500628018,YouBike2.0_南安路160號旁,大安區,南安路160號旁,15,4,11,2026-08-21 14:58:02,24.35017,120.57767,1,"4,0",2026-08-21 15:18:14.887777
500628020,YouBike2.0_五甲港公車站,大安區,五甲南路92號旁,18,3,15,2026-08-20 19:43:02,24.39028,120.59024,1,"3,0",2026-08-21 15:18:14.887777
500628021,YouBike2.0_大安區三光國小,大安區,中松路297號前,17,5,12,2026-08-21 12:32:03,24.35733,120.60105,1,"5,0",2026-08-21 15:18:14.887777
500628022,YouBike2.0_南埔運動公園,大安區,台61線/南埔堤防口,16,1,15,2026-08-20 11:27:16,24.33581,120.56991,1,"1,0",2026-08-21 15:18:14.887777
500628023,YouBike2.0_台61線南埔路口,大安區,台61線/南埔路口,16,2,14,2026-08-17 20:15:17,24.33991,120.57123,1,"2,0",2026-08-21 15:18:14.887777
500628058,YouBike2.0_大安港東西八路口,大安區,大安港路820號對側,15,2,13,2026-08-21 14:40:04,24.371051,120.600295,1,"2,0",2026-08-21 15:18:14.887777
500629001,YouBike2.0_新社高中,新社區,興安路1號(北側),20,12,8,2026-08-21 15:09:04,24.23932,120.80722,1,"12,0",2026-08-21 15:18:14.887777
500629002,YouBike2.0_新社區公所,新社區,興社街二段28之2號(西側),20,2,18,2026-08-21 12:07:03,24.23386,120.80847,1,"2,0",2026-08-21 15:18:14.887777
500629003,YouBike2.0_臺中市立圖書館新社分館,新社區,興社街三段/興社街三段39巷口(東南側),10,6,4,2026-08-20 16:45:03,24.240502,120.809586,1,"6,0",2026-08-21 15:18:14.887777
500629004,YouBike2.0_新社里守望相助隊,新社區,中和街四段207巷207號,15,7,8,2026-08-21 15:13:02,24.244211,120.808476,1,"7,0",2026-08-21 15:18:14.887777
500629005,YouBike2.0_中興嶺停車場,新社區,中93鄉道32號(對側停車場),10,1,9,2026-08-21 10:31:02,24.20428,120.79622,1,"1,0",2026-08-21 15:18:14.887777
500629006,YouBike2.0_小櫻花公園,新社區,興社街一段303號對側,18,0,0,2026-07-12 00:01:03,24.208236,120.821405,0,"0,0",2026-08-21 15:18:14.887777
500629007,YouBike2.0_種苗公園,新社區,中和街二段320號(東南側),18,3,14,2026-08-21 11:18:03,24.229019,120.799474,1,"3,0",2026-08-21 15:18:14.887777
500629008,YouBike2.0_崑南社區發展協會,新社區,崑南街55號之1號旁,15,4,11,2026-08-21 10:37:02,24.24178,120.78562,1,"4,0",2026-08-21 15:18:14.887777
500601001,YouBike2.0_綠川東中山路口,中區,綠川東街/中山路口(東側),16,3,13,2026-08-21 15:43:02,24.13785,120.68337,1,"3,0",2026-08-21 16:07:30.645343
500601002,YouBike2.0_繼光光復路口,中區,繼光街166號(對側人行道),18,2,16,2026-08-21 15:53:03,24.1411,120.68474,1,"2,0",2026-08-21 16:07:30.645343
500601003,YouBike2.0_柳原教會,中區,興中街/福音街口(西南側),13,2,11,2026-08-21 15:11:03,24.145923,120.681301,1,"2,0",2026-08-21 16:07:30.645343
500601004,YouBike2.0_臺中車站(建國路),中區,建國路/中山路口(北側),79,55,22,2026-08-21 16:06:03,24.13746,120.68435,1,"43,12",2026-08-21 16:07:30.645343
500601005,YouBike2.0_柳川東中華路口,中區,柳川東路四段/中華路二段口(西北側),30,7,23,2026-08-21 15:59:03,24.14692,120.6783,1,"7,0",2026-08-21 16:07:30.645343
500601006,YouBike2.0_柳川西民權路口,中區,柳川西路三段2號(對側人行道),16,5,11,2026-08-21 16:02:02,24.14169,120.67568,1,"5,0",2026-08-21 16:07:30.645343
500601007,YouBike2.0_自由臺灣大道口,中區,自由路二段34號旁,24,18,6,2026-08-21 15:56:03,24.13988,120.68206,1,"18,0",2026-08-21 16:07:30.645343
500601008,YouBike2.0_興中立體停車場,中區,臺灣大道一段/興中街口(北側),50,22,28,2026-08-21 16:06:03,24.14343,120.6786,1,"22,0",2026-08-21 16:07:30.645343
500601009,YouBike2.0_繼光街中山路口,中區,繼光街/中山路口,20,6,9,2026-08-21 16:03:03,24.13856,120.68213,1,"6,0",2026-08-21 16:07:30.645343
500602001,YouBike2.0_大智機車停車場,東區,復興路四段212號(對側),22,2,19,2026-08-21 16:06:03,24.13657,120.68789,1,"2,0",2026-08-21 16:07:30.645343
500602002,YouBike2.0_秀泰生活S1館,東區,南京路/復興路四段(東北側),16,9,7,2026-08-21 16:02:02,24.14012,120.68933,1,"9,0",2026-08-21 16:07:30.645343
500602003,YouBike2.0_雙十南京路口(東北側),東區,雙十路一段/南京路口(東北側),13,1,12,2026-08-21 16:05:02,24.1402694,120.6860178,1,"0,1",2026-08-21 16:07:30.645343
500602004,YouBike2.0_帝國製糖廠,東區,進德路/樂業路口(西南側),20,5,15,2026-08-21 16:02:02,24.1386429,120.6924869,1,"5,0",2026-08-21 16:07:30.645343
500602005,YouBike2.0_中興大學附屬高農(中農附旅),東區,台中路287號前,15,2,13,2026-08-21 15:49:02,24.12688,120.6844,1,"2,0",2026-08-21 16:07:30.645343
500602006,YouBike2.0_精武車站,東區,東光路161號旁,56,42,8,2026-08-21 16:05:02,24.14956,120.69786,1,"42,0",2026-08-21 16:07:30.645343
500602007,YouBike2.0_臺中家商(大公街),東區,大公街47號(對側人行道),35,5,30,2026-08-21 15:52:04,24.13365,120.68569,1,"5,0",2026-08-21 16:07:30.645343
500602008,YouBike2.0_自由南京路口,東區,自由路/南京路口(南側),15,0,15,2026-08-21 15:50:19,24.14267,120.69625,1,"0,0",2026-08-21 16:07:30.645343
500602009,YouBike2.0_臺中國小(信義街),東區,信義街45號(對側人行道),50,4,46,2026-08-21 16:05:02,24.13212,120.68481,1,"4,0",2026-08-21 16:07:30.645343
500602010,YouBike2.0_忠孝公園,東區,忠孝路/大勇街(東北側),17,0,17,2026-08-21 16:06:03,24.13254,120.6888,1,"0,0",2026-08-21 16:07:30.645343
500602011,YouBike2.0_東門兒童公園,東區,東光園路/東光園路131巷口(西北側),20,1,19,2026-08-21 15:56:18,24.12784,120.69443,1,"1,0",2026-08-21 16:07:30.645343
500602012,YouBike2.0_六順多功能活動中心,東區,六順路26號(北側),20,7,12,2026-08-21 15:28:03,24.12514,120.69947,1,"7,0",2026-08-21 16:07:30.645343
500602013,YouBike2.0_樂成公園,東區,東英五街/東信街口(北側),17,4,13,2026-08-21 16:05:02,24.13637,120.70297,1,"4,0",2026-08-21 16:07:30.645343
500602014,YouBike2.0_東峰公園,東區,七中路/興大路口(東側),20,5,15,2026-08-21 15:49:02,24.12415,120.68503,1,"5,0",2026-08-21 16:07:30.645343
500602015,YouBike2.0_臺中車站(大智北路),東區,大智北路/新民街(西南側),36,5,20,2026-08-21 16:06:03,24.13777,120.68765,1,"5,0",2026-08-21 16:07:30.645343
500602016,YouBike2.0_臺中車站(復興路東側出口),東區,復興路四段149巷/復興路四段口(北側),98,8,90,2026-08-21 16:06:03,24.136,120.68631,1,"8,0",2026-08-21 16:07:30.645343
500602017,YouBike2.0_力行國小(進化路221巷),東區,進化路/進化路221巷口(西北側),20,3,17,2026-08-21 16:05:02,24.14999,120.69419,1,"3,0",2026-08-21 16:07:30.645343
500602018,YouBike2.0_進化精武路口(西南側),東區,進化路/精武路口(西南側),17,3,14,2026-08-21 16:06:19,24.14765,120.69417,1,"3,0",2026-08-21 16:07:30.645343
500602019,YouBike2.0_自由自由三街口,東區,自由路三段/自由三街口(東北側),18,10,8,2026-08-21 16:06:03,24.14269,120.69109,1,"10,0",2026-08-21 16:07:30.645343
500602020,YouBike2.0_進德國小(進化路),東區,進化路/福仁街口(西北側),19,0,19,2026-08-21 15:02:20,24.14428,120.69418,1,"0,0",2026-08-21 16:07:30.645343
500602021,YouBike2.0_東英停車場(一心街),東區,一心街/東英九街(西北側),47,4,43,2026-08-21 15:38:02,24.14227,120.70204,1,"3,1",2026-08-21 16:07:30.645343
500602022,YouBike2.0_十甲里等三里多功能活動中心,東區,東英七街41號,19,1,18,2026-08-21 15:26:16,24.14113,120.70408,1,"0,1",2026-08-21 16:07:30.645343
500602023,YouBike2.0_仁和大智路口(西南側),東區,仁和路/大智路口(西南側),11,10,1,2026-08-21 15:49:16,24.12628,120.68984,1,"10,0",2026-08-21 16:07:30.645343
500602024,YouBike2.0_東峰國中(仁和路),東區,仁和路330號(東側人行道),20,9,11,2026-08-21 15:21:02,24.1263,120.68724,1,"9,0",2026-08-21 16:07:30.645343
500602025,YouBike2.0_東光園大智路口(東北側),東區,東光園路22號(對面側人行道),33,0,0,2026-08-06 22:05:17,24.12473,120.69065,0,"0,0",2026-08-21 16:07:30.645343
500602026,YouBike2.0_新建國市場(1號門)(樂業二路),東區,樂業二路/樂業南路口(西北側),37,3,34,2026-08-21 16:02:02,24.13497,120.69486,1,"3,0",2026-08-21 16:07:30.645343
500602027,YouBike2.0_樂業國小(樂業南路),東區,樂業路60號(西側人行道),20,0,20,2026-08-21 14:22:21,24.13803,120.695,1,"0,0",2026-08-21 16:07:30.645343
500602028,YouBike2.0_福聯新城,東區,精武路217巷/富榮街口(西側),20,1,19,2026-08-21 16:02:02,24.14554,120.69098,1,"1,0",2026-08-21 16:07:30.645343
500602029,YouBike2.0_東英公園(樂業路),東區,樂業路/喬城三街口(東北側),15,8,7,2026-08-21 15:37:03,24.13586,120.70844,1,"8,0",2026-08-21 16:07:30.645343
500602030,YouBike2.0_旱溪停車場(旱溪街),東區,旱溪街/德興一街口(東北側),31,1,30,2026-08-21 15:57:03,24.14083,120.70949,1,"1,0",2026-08-21 16:07:30.645343
500602031,YouBike2.0_三賢停車場,東區,十甲路/東英十一街口(東南側),13,3,10,2026-08-21 16:05:02,24.14413,120.7112,1,"3,0",2026-08-21 16:07:30.645343
500602032,YouBike2.0_進業公園(東英十五街),東區,東英十五街/十甲東路口(西北側),50,3,47,2026-08-21 15:40:03,24.14624,120.70924,1,"3,0",2026-08-21 16:07:30.645343
500602033,YouBike2.0_家庭教育中心(東英十七街),東區,東英十七街/三賢街口(西南側),23,4,19,2026-08-21 15:33:03,24.14793,120.7075,1,"4,0",2026-08-21 16:07:30.645343
500602034,YouBike2.0_南京東十甲路口,東區,南京東路/十甲路口(東北側),15,1,14,2026-08-21 15:56:03,24.14481,120.69702,1,"1,0",2026-08-21 16:07:30.645343
500602035,YouBike2.0_力行國小,東區,力行路/進化路口(西南側),33,4,29,2026-08-21 16:06:03,24.15157,120.69372,1,"4,0",2026-08-21 16:07:30.645343
500602036,YouBike2.0_進德國小,東區,進化路158號(對側人行道),32,0,32,2026-08-21 15:44:16,24.14607,120.69429,1,"0,0",2026-08-21 16:07:30.645343
500602037,YouBike2.0_大智國小(建德街),東區,建德街181號(對側人行道),15,10,5,2026-08-21 15:59:03,24.12959,120.69144,1,"10,0",2026-08-21 16:07:30.645343
500602038,YouBike2.0_東福公園(東英一街),東區,東英一街62號(對側人行道),35,4,31,2026-08-21 16:06:03,24.13411,120.70382,1,"4,0",2026-08-21 16:07:30.645343
500602039,YouBike2.0_旱溪東東英三街口,東區,旱溪東路一段306號前,20,5,15,2026-08-21 15:39:04,24.13556,120.70097,1,"5,0",2026-08-21 16:07:30.645343
500602041,YouBike2.0_大智國小,東區,建德街/大智路口(東南側),26,10,16,2026-08-21 16:01:03,24.12956,120.69059,1,"10,0",2026-08-21 16:07:30.645343
500602042,YouBike2.0_東峰公園(仁和路),東區,仁和路/立德東街口(西側),26,5,21,2026-08-21 15:42:04,24.12627,120.68827,1,"5,0",2026-08-21 16:07:30.645343
500602043,YouBike2.0_中興大學附屬高農,東區,台中路283號前,46,12,34,2026-08-21 16:06:03,24.12861,120.68491,1,"12,0",2026-08-21 16:07:30.645343
500602044,YouBike2.0_長福公園,東區,長福路/旱溪東路一段口(東北側),22,3,19,2026-08-21 14:18:03,24.14402,120.70205,1,"3,0",2026-08-21 16:07:30.645343
500602045,YouBike2.0_東光園振興路口,東區,東光園路/振興路口(西北側),36,0,34,2026-08-21 15:55:18,24.13333,120.69708,1,"0,0",2026-08-21 16:07:30.645343
500602046,YouBike2.0_秀泰廣場,東區,南京路/自由三街口(東北側),30,22,8,2026-08-21 15:57:03,24.1401,120.6913,1,"22,0",2026-08-21 16:07:30.645343
500602047,YouBike2.0_樂利公園,東區,十甲東路/東英六街口(東南側),32,5,27,2026-08-21 13:31:05,24.13885,120.70752,1,"4,1",2026-08-21 16:07:30.645343
500602048,YouBike2.0_樂成宮,東區,旱溪一街/東光路口(東北側),27,1,25,2026-08-21 15:41:03,24.14097,120.6969,1,"1,0",2026-08-21 16:07:30.645343
500602049,YouBike2.0_新建國市場(5號門),東區,進德路/建成路口(東北側),30,5,25,2026-08-21 15:14:04,24.13401,120.69385,1,"5,0",2026-08-21 16:07:30.645343
500602050,YouBike2.0_建成樂業路口,東區,建成路356號(對側人行道),20,6,14,2026-08-21 15:58:02,24.13858,120.69669,1,"6,0",2026-08-21 16:07:30.645343
500602051,YouBike2.0_綠空廊道(南京泉源街口西南側),東區,南京路/泉源街口(西南側),13,3,9,2026-08-21 16:05:02,24.14081,120.69434,1,"2,1",2026-08-21 16:07:30.645343
500602052,YouBike2.0_綠空廊道(南京泉源街口東南側),東區,南京路/泉源街口(東南側),19,7,11,2026-08-21 15:17:04,24.140901,120.694408,1,"7,0",2026-08-21 16:07:30.645343
500602053,YouBike2.0_綠空廊道(精武東光路口),東區,精武路/東光路口(西南側),10,3,7,2026-08-21 16:01:03,24.147882,120.697793,1,"3,0",2026-08-21 16:07:30.645343
500602054,YouBike2.0_建德東光園路口,東區,建德街/東光園路口(南側),15,5,10,2026-08-21 16:03:03,24.12953,120.69679,1,"5,0",2026-08-21 16:07:30.645343
500602055,YouBike2.0_樂業寵物公園,東區,樂業一路/進德路口(東南側),20,9,10,2026-08-21 15:59:03,24.1368,120.693,1,"9,0",2026-08-21 16:07:30.645343
500602056,YouBike2.0_帝國製糖廠(復興東路),東區,復興東路/復興路四段口(東南側),20,0,20,2026-08-21 16:06:03,24.13835,120.69013,1,"0,0",2026-08-21 16:07:30.645343
500602057,YouBike2.0_育英公園,東區,旱溪西路一段/旱溪西路一段365巷(西南側),15,4,11,2026-08-21 15:35:04,24.13802,120.69995,1,"4,0",2026-08-21 16:07:30.645343
500602058,YouBike2.0_臺中轉運站,東區,大智北路/八德街口(西北側),40,19,21,2026-08-21 16:00:03,24.13887,120.68755,1,"19,0",2026-08-21 16:07:30.645343
500602059,YouBike2.0_美好莊園_夏卡爾社區,東區,東福二街/東福路口(東南側),19,8,11,2026-08-21 16:00:03,24.12804,120.69932,1,"8,0",2026-08-21 16:07:30.645343
500602060,YouBike2.0_東英自由路口,東區,東英路/自由路四段口,11,5,6,2026-08-21 15:55:04,24.143046,120.705976,1,"4,1",2026-08-21 16:07:30.645343
500602062,YouBike2.0_興大七中路口,東區,興大路/七中路(西側),20,1,19,2026-08-21 15:56:18,24.123836,120.684809,1,"1,0",2026-08-21 16:07:30.645343
500602063,YouBike2.0_仁和公園,東區,東光園仁和路口(西南側),15,2,13,2026-08-21 16:04:03,24.126275,120.693214,1,"2,0",2026-08-21 16:07:30.645343
500602064,YouBike2.0_大智公園(立德東街),東區,立德東街亞洲街口(北側),17,5,12,2026-08-21 16:02:02,24.124883,120.688892,1,"5,0",2026-08-21 16:07:30.645343
500602066,YouBike2.0_大興建功街口,東區,大興街26號(東南側),10,0,10,2026-07-12 00:01:03,24.130346,120.693039,0,"0,0",2026-08-21 16:07:30.645343
500602067,YouBike2.0_第一廣場公園,東區,公園東路150號,16,3,13,2026-08-21 16:04:03,24.14148,120.68707,1,"3,0",2026-08-21 16:07:30.645343
500602068,YouBike2.0_家庭教育中心(三賢街),東區,三賢街/十甲東二街口(西北側),14,5,9,2026-08-21 15:58:02,24.14749,120.70786,1,"5,0",2026-08-21 16:07:30.645343
500602069,YouBike2.0_旱平公園,東區,十甲東路/東英八街口(西南側),15,1,14,2026-08-21 15:01:03,24.14165,120.70849,1,"1,0",2026-08-21 16:07:30.645343
500602070,YouBike2.0_中興大學附屬高農(建中街),東區,建中街/台中路口(東南側),28,7,21,2026-08-21 15:47:04,24.12889,120.68516,1,"7,0",2026-08-21 16:07:30.645343
500602071,YouBike2.0_樂業二路復興東一街口,東區,樂業二路/復興東一路口,40,4,36,2026-08-21 16:06:03,24.13476,120.69133,1,"4,0",2026-08-21 16:07:30.645343
500602072,YouBike2.0_東光園樂業一路口,東區,東光園路452號對側,13,2,9,2026-08-21 16:03:03,24.13683,120.69702,1,"2,0",2026-08-21 16:07:30.645343
500602073,YouBike2.0_福仁自由二街口,東區,自由二街85號,16,5,11,2026-08-21 16:05:03,24.14461,120.68746,1,"4,1",2026-08-21 16:07:30.645343
500602074,YouBike2.0_福仁富台東街口,東區,福仁街78號對側,23,4,19,2026-08-21 15:56:03,24.14417,120.69073,1,"4,0",2026-08-21 16:07:30.645343
500602075,YouBike2.0_建興大振街口,東區,建興街58號對側,20,3,17,2026-08-21 15:53:03,24.12771,120.69095,1,"3,0",2026-08-21 16:07:30.645343
500602077,YouBike2.0_忠孝教會(忠孝路),東區,忠孝路288號(西側),20,9,11,2026-08-21 14:51:03,24.131622,120.687061,1,"9,0",2026-08-21 16:07:30.645343
500602079,YouBike2.0_東光力行路口,東區,東光路210號對側,23,3,20,2026-08-21 16:05:03,24.15078,120.69823,1,"3,0",2026-08-21 16:07:30.645343
500602081,YouBike2.0_大智北南京路口,東區,大智北路/南京路口,42,13,29,2026-08-21 15:38:02,24.13964,120.68768,1,"12,1",2026-08-21 16:07:30.645343
500602082,YouBike2.0_立德地下停車場,東區,立德街67巷/和平街158巷口(西南側),32,3,29,2026-08-21 16:05:03,24.133868,120.68723,1,"3,0",2026-08-21 16:07:30.645343
500602084,YouBike2.0_十甲旺市場,東區,旱溪西路一段523巷/旱溪西路一段口,18,3,15,2026-08-21 15:16:03,24.14534,120.69904,1,"3,0",2026-08-21 16:07:30.645343
500602085,YouBike2.0_旱溪東振興路口,東區,旱溪東路一段/振興路口(西北側),25,5,20,2026-08-21 15:26:02,24.13321,120.70013,1,"5,0",2026-08-21 16:07:30.645343
500602086,YouBike2.0_十甲公園,東區,東英路697號,16,4,12,2026-08-21 16:01:03,24.14770,120.70615,1,"2,2",2026-08-21 16:07:30.645343
500602088,YouBike2.0_南京進德路口,東區,南京路/進德路口,22,1,21,2026-08-21 15:24:04,24.13992,120.69274,1,"1,0",2026-08-21 16:07:30.645343
500603001,YouBike2.0_忠明國小(台灣大道),西區,台灣大道二段556號,25,2,23,2026-08-21 16:01:03,24.15803,120.65868,1,"2,0",2026-08-21 16:07:30.645343
500603003,YouBike2.0_萬壽公園(向上南路),西區,大墩路/大墩八街口(東南側),15,1,14,2026-08-21 15:57:18,24.1455119,120.6499188,1,"1,0",2026-08-21 16:07:30.645343
500603005,YouBike2.0_國立臺灣美術館(五權西路),西區,五權西路一段/五權西一街口(西北側),18,0,18,2026-08-21 15:56:18,24.14023,120.66374,1,"0,0",2026-08-21 16:07:30.645343
500603006,YouBike2.0_臺中市政府交通局,西區,民權路101號,18,13,5,2026-08-21 16:05:02,24.13989,120.67705,1,"13,0",2026-08-21 16:07:30.645343
500603007,YouBike2.0_美術館園道(五權五街),西區,五權五街/五權西三街口(西南側),20,3,16,2026-08-21 16:00:03,24.1365,120.66279,1,"3,0",2026-08-21 16:07:30.645343
500603008,YouBike2.0_光明國中,西區,自由路一段75號,50,8,42,2026-08-21 15:30:03,24.1322,120.67316,1,"8,0",2026-08-21 16:07:30.645343
500603009,YouBike2.0_梅川東民生路口,西區,梅川東路一段/民生路口(北側),20,5,15,2026-08-21 15:17:04,24.14482,120.66901,1,"5,0",2026-08-21 16:07:30.645343
500603010,YouBike2.0_梅川西臺灣大道二段口,西區,梅川西路一段/臺灣大道二段口(南側),20,10,10,2026-08-21 16:05:02,24.14949736,120.6710024,1,"10,0",2026-08-21 16:07:30.645343
500603011,YouBike2.0_臺灣大道大仁街口(東南側),西區,臺灣大道二段250號前,13,8,5,2026-08-21 16:00:03,24.15278,120.6678,1,"8,0",2026-08-21 16:07:30.645343
500603012,YouBike2.0_綠十八公園,西區,忠明南路240-9號,15,3,12,2026-08-21 16:00:03,24.14143,120.65719,1,"3,0",2026-08-21 16:07:30.645343
500603013,YouBike2.0_自立停車場,西區,自立街33號,20,6,14,2026-08-21 15:57:03,24.13944,120.67177,1,"6,0",2026-08-21 16:07:30.645343
500603014,YouBike2.0_經國園道(向上路),西區,向上路一段/英才路口(西南側),24,2,22,2026-08-21 16:04:03,24.14663,120.66489,1,"2,0",2026-08-21 16:07:30.645343
500603015,YouBike2.0_經國園道(向上北路),西區,向上北路/公益路155巷口(東南側),21,1,20,2026-08-21 15:57:18,24.14784,120.66452,1,"1,0",2026-08-21 16:07:30.645343
500603016,YouBike2.0_草悟道(公益路155巷),西區,公益路155巷/公正路口(西南側),18,7,11,2026-08-21 15:55:04,24.1488,120.66434,1,"7,0",2026-08-21 16:07:30.645343
500603017,YouBike2.0_臺中市民廣場(中興街),西區,中興街165號(對側人行道),76,13,63,2026-08-21 16:06:03,24.14961,120.66307,1,"12,1",2026-08-21 16:07:30.645343
500603018,YouBike2.0_西區社會福利服務中心,西區,五權五街283號,15,7,8,2026-08-21 15:58:02,24.13642,120.65515,1,"7,0",2026-08-21 16:07:30.645343
500603019,YouBike2.0_忠明公園,西區,華美街/長春街口(南側),19,6,13,2026-08-21 16:06:03,24.15459,120.65979,1,"6,0",2026-08-21 16:07:30.645343
500603020,YouBike2.0_美術園道(五權七街),西區,五權七街/五權西四街口(東北側),23,7,16,2026-08-21 15:53:03,24.13521,120.66283,1,"7,0",2026-08-21 16:07:30.645343
500603021,YouBike2.0_公館公園(自由路),西區,自由路一段/三民路一段口,38,5,33,2026-08-21 16:06:03,24.13214,120.66928,1,"5,0",2026-08-21 16:07:30.645343
500603022,YouBike2.0_忠誠公園(忠明路),西區,忠明路/華美西街一段口(西南側),28,0,28,2026-08-21 15:51:19,24.16109,120.66275,1,"0,0",2026-08-21 16:07:30.645343
500603023,YouBike2.0_美術園道(五權一街),西區,五權一街/五權西四街口(東北側),17,0,17,2026-08-21 15:55:18,24.13934,120.66284,1,"0,0",2026-08-21 16:07:30.645343
500603024,YouBike2.0_茄苳腳(梅川西路),西區,梅川西路二段/博館二街口(南側),66,12,54,2026-08-21 15:49:02,24.15039,120.67139,1,"11,1",2026-08-21 16:07:30.645343
500603025,YouBike2.0_樂群公園(柳川東路),西區,柳川東路二段/大新街口(西南側),15,5,10,2026-08-21 15:36:03,24.135563,120.666895,1,"5,0",2026-08-21 16:07:30.645343
500603026,YouBike2.0_廣十地下停車場,西區,四維街/柳川西路二段口(東北側),21,6,15,2026-08-21 16:04:03,24.140833,120.671917,1,"6,0",2026-08-21 16:07:30.645343
500603027,YouBike2.0_林森停車場,西區,貴和街/公館路46巷口(東側),34,14,20,2026-08-21 15:50:04,24.134047,120.673314,1,"14,0",2026-08-21 16:07:30.645343
500603028,YouBike2.0_綠空廊道(建國北學府路口),西區,建國北路三段/學府路口(西南側),24,9,15,2026-08-21 16:04:03,24.131519,120.672627,1,"9,0",2026-08-21 16:07:30.645343
500603029,YouBike2.0_上公館公園(五權路),西區,五權路/公館路口(東南側),11,8,3,2026-08-21 15:55:04,24.136182,120.66582,1,"8,0",2026-08-21 16:07:30.645343
500603030,YouBike2.0_公益公園(公益路),西區,公益路/忠明南路(東南側),39,9,30,2026-08-21 16:06:03,24.1508,120.65776,1,"9,0",2026-08-21 16:07:30.645343
500603031,YouBike2.0_存中中美街口(東南側),西區,存中街/中美街口(東南側),20,4,16,2026-08-21 16:05:02,24.14151,120.66027,1,"4,0",2026-08-21 16:07:30.645343
500603032,YouBike2.0_公益精誠路口(西北側),西區,公益路/精誠路口(西北側),11,1,10,2026-08-21 15:59:03,24.150976,120.654952,1,"1,0",2026-08-21 16:07:30.645343
500603033,YouBike2.0_萬壽棒球場(向上路),西區,向上路一段/大進街口(西南側),42,1,41,2026-08-21 16:06:03,24.1466031,120.6507125,1,"1,0",2026-08-21 16:07:30.645343
500603034,YouBike2.0_臺中教育大學(英才校區),西區,民生路/民生路225巷口(西南側),18,2,16,2026-08-21 16:04:03,24.144309,120.667731,1,"2,0",2026-08-21 16:07:30.645343
500603035,YouBike2.0_大益公園,西區,大墩十一街64號(對側人行道),10,1,9,2026-08-21 16:03:03,24.14879,120.65278,1,"1,0",2026-08-21 16:07:30.645343
500603036,YouBike2.0_館前臺灣大道二段口,西區,館前路/臺灣大道二段口(西南側),28,22,6,2026-08-21 15:50:04,24.153911,120.663823,1,"22,0",2026-08-21 16:07:30.645343
500603037,YouBike2.0_公益公園,西區,忠明南路/華美西街一段口(東北側),20,9,11,2026-08-21 16:05:02,24.15007,120.65752,1,"9,0",2026-08-21 16:07:30.645343
500603038,YouBike2.0_忠明國小,西區,臺灣大道二段/忠明南路口(西南側),32,19,13,2026-08-21 16:00:03,24.15676,120.65917,1,"19,0",2026-08-21 16:07:30.645343
500603039,YouBike2.0_科博館/金典酒店,西區,臺灣大道一段/健行路口(東北側),52,1,50,2026-08-21 16:04:03,24.15552,120.66304,1,"1,0",2026-08-21 16:07:30.645343
500603040,YouBike2.0_大墩文化中心,西區,五權路/英才路口(西側),40,6,34,2026-08-21 16:05:02,24.14124,120.66653,1,"6,0",2026-08-21 16:07:30.645343
500603041,YouBike2.0_臺中教育大學,西區,五權路/民權路口(西南側),32,12,20,2026-08-21 15:58:02,24.14521,120.67118,1,"11,1",2026-08-21 16:07:30.645343
500603042,YouBike2.0_中山地政事務所,西區,三民路一段/三民路一段156巷口(東北側),34,16,17,2026-08-21 16:05:02,24.13654,120.6737,1,"16,0",2026-08-21 16:07:30.645343
500603043,YouBike2.0_大忠公園,西區,精誠三十街/大忠街口(東北側),30,3,27,2026-08-21 16:05:02,24.14338,120.6562,1,"3,0",2026-08-21 16:07:30.645343
500603044,YouBike2.0_臺中女中,西區,自由路一段/康樂街口(西北側),40,15,25,2026-08-21 15:58:02,24.13557,120.67733,1,"15,0",2026-08-21 16:07:30.645343
500603045,YouBike2.0_中正國小,西區,英才路423號前,37,9,27,2026-08-21 16:04:03,24.15248,120.66628,1,"8,1",2026-08-21 16:07:30.645343
500603046,YouBike2.0_五權西忠明南路口,西區,五權西路一段/忠明南路口(西南側),32,2,30,2026-08-21 15:51:02,24.13977,120.65708,1,"2,0",2026-08-21 16:07:30.645343
500603047,YouBike2.0_臺中州廳,西區,市府路/民權路口(西南側),42,9,9,2026-08-21 15:55:04,24.13829,120.67875,1,"8,1",2026-08-21 16:07:30.645343
500603048,YouBike2.0_精誠大墩四街口,西區,精誠路/大墩四街口(東側),32,5,27,2026-08-21 15:56:03,24.140527,120.654664,1,"5,0",2026-08-21 16:07:30.645343
500603049,YouBike2.0_國立臺灣美術館,西區,五權西路一段/美村路一段口(東北側),40,1,39,2026-08-21 16:03:03,24.14104,120.66177,1,"1,0",2026-08-21 16:07:30.645343
500603050,YouBike2.0_經國園道,西區,向上路一段/英才路口(西北側),40,0,40,2026-08-21 15:52:19,24.14677,120.66477,1,"0,0",2026-08-21 16:07:30.645343
500603051,YouBike2.0_民生英才路口,西區,民生路/英才路口(西北側),46,11,35,2026-08-21 16:06:03,24.14435,120.6648,1,"11,0",2026-08-21 16:07:30.645343
500603052,YouBike2.0_土庫公園,西區,五權五街/五權西六街136巷口(西南側),26,14,12,2026-08-21 16:01:03,24.1364,120.65788,1,"14,0",2026-08-21 16:07:30.645343
500603053,YouBike2.0_美術園道,西區,五權七街/五權西四街口(東南側),34,8,26,2026-08-21 15:35:04,24.13508,120.66293,1,"8,0",2026-08-21 16:07:30.645343
500603054,YouBike2.0_公益精誠路口(西南側),西區,公益路347號前,16,2,14,2026-08-21 15:49:02,24.15077,120.6549,1,"0,2",2026-08-21 16:07:30.645343
500603055,YouBike2.0_西區忠勤公園,西區,忠勤街/忠仁路163巷口(南側),14,3,11,2026-08-21 16:06:03,24.1427,120.66957,1,"3,0",2026-08-21 16:07:30.645343
500603056,YouBike2.0_五權三五權西二街口,西區,五權三街/五權西二街口(東南側),15,2,13,2026-08-21 15:57:03,24.13791,120.66392,1,"2,0",2026-08-21 16:07:30.645343
500603057,YouBike2.0_忠明南民生路口,西區,忠明南路/民生路口(西北側),18,5,13,2026-08-21 15:54:02,24.14452,120.65716,1,"5,0",2026-08-21 16:07:30.645343
500603058,YouBike2.0_民權梅川東路口,西區,民權路/梅川東路口(東北側),23,3,20,2026-08-21 15:47:04,24.14629,120.67042,1,"3,0",2026-08-21 16:07:30.645343
500603059,YouBike2.0_臺中市民廣場(公益路155巷),西區,公益路155巷/公益路口(西南側),39,9,30,2026-08-21 15:42:04,24.150648,120.66422,1,"9,0",2026-08-21 16:07:30.645343
500603060,YouBike2.0_東昇公園,西區,朝陽街/大全街口(東南側),19,4,15,2026-08-21 16:01:03,24.135,120.670649,1,"4,0",2026-08-21 16:07:30.645343
500603061,YouBike2.0_藍興公園,西區,大新街46號(對側人行道),14,8,6,2026-08-21 15:50:04,24.134175,120.668472,1,"8,0",2026-08-21 16:07:30.645343
500603062,YouBike2.0_柳川東南屯路口(南北兩側),西區,柳川東路二段/南屯路一段口(南北兩側),19,8,11,2026-08-21 15:59:03,24.132188,120.663239,1,"7,1",2026-08-21 16:07:30.645343
500603064,YouBike2.0_忠明高中,西區,博館路/健行路口(西北側),47,14,33,2026-08-21 16:00:03,24.157768,120.66358,1,"14,0",2026-08-21 16:07:30.645343
500603066,YouBike2.0_建國台中路口,西區,建國路/台中路口(西南側),18,14,4,2026-08-21 16:04:03,24.135622,120.682066,1,"13,1",2026-08-21 16:07:30.645343
500603067,YouBike2.0_綠空廊道(康樂街),西區,建國路/康樂街口(東南側),13,2,11,2026-08-21 15:48:03,24.13385,120.67825,1,"2,0",2026-08-21 16:07:30.645343
500603068,YouBike2.0_綠空廊道(林森路),西區,建國北路三段/林森路口(西南側),15,5,10,2026-08-21 16:05:02,24.13283,120.67592,1,"5,0",2026-08-21 16:07:30.645343
500603070,YouBike2.0_臺中市立居仁國民中學,西區,民生路/自由路一段口(北側),43,29,14,2026-08-21 16:00:03,24.13657,120.67834,1,"29,0",2026-08-21 16:07:30.645343
500603072,YouBike2.0_柳川東自治街口,西區,柳川東路二段/自治街口(西南側),15,0,15,2026-08-21 15:44:16,24.138997,120.670262,1,"0,0",2026-08-21 16:07:30.645343
500603073,YouBike2.0_忠明高中(博館路華美街口),西區,博館路/華美街二段口(東側),28,2,26,2026-08-21 15:53:03,24.15837,120.66249,1,"2,0",2026-08-21 16:07:30.645343
500603074,YouBike2.0_大勇國小(五權八街),西區,五權八街/五權西五街口(西北側),18,11,7,2026-08-21 16:03:03,24.13434,120.6601,1,"11,0",2026-08-21 16:07:30.645343
500603076,YouBike2.0_臺灣大道臺灣大道二段179巷口,西區,臺灣大道二段157號前,11,2,9,2026-08-21 15:51:02,24.15162,120.66867,1,"1,1",2026-08-21 16:07:30.645343
500603077,YouBike2.0_中正國小(臺灣大道二段179巷),西區,臺灣大道二段179巷8號(對側),14,13,1,2026-08-21 14:37:16,24.15144,120.66801,1,"13,0",2026-08-21 16:07:30.645343
500603078,YouBike2.0_建國民生路口(東南側),西區,建國路/民生路口(東南側),13,12,1,2026-08-21 16:06:19,24.13486,120.68051,1,"12,0",2026-08-21 16:07:30.645343
500603079,YouBike2.0_大益立體停車場,西區,大忠街/向上路一段口(西南側),10,4,6,2026-08-21 16:01:03,24.14658,120.65669,1,"3,1",2026-08-21 16:07:30.645343
500603080,YouBike2.0_忠明高中(華美街),西區,華美街二段/健行路946巷口(西南側),30,12,18,2026-08-21 15:49:02,24.15998,120.66339,1,"12,0",2026-08-21 16:07:30.645343
500603081,YouBike2.0_臺中市中興地政事務所,西區,東興路三段246號(東側),15,1,14,2026-08-21 15:59:18,24.15368,120.65377,1,"1,0",2026-08-21 16:07:30.645343
500603082,YouBike2.0_忠明南向上北路口,西區,忠明南路/向上北路口(西北側),15,7,8,2026-08-21 15:42:04,24.147967,120.657182,1,"7,0",2026-08-21 16:07:30.645343
500603083,YouBike2.0_臺灣大道五權路口(南側),西區,臺灣大道一段703號前,15,7,8,2026-08-21 15:08:03,24.1473,120.67374,1,"7,0",2026-08-21 16:07:30.645343
500603084,YouBike2.0_忠明博館路口,西區,忠明路52號對側,21,7,14,2026-08-21 15:49:02,24.15893,120.66069,1,"7,0",2026-08-21 16:07:30.645343
500603085,YouBike2.0_美村公園,西區,五權西四街13巷11號旁,25,1,24,2026-08-21 15:53:03,24.13895,120.66181,1,"1,0",2026-08-21 16:07:30.645343
500603086,YouBike2.0_臺灣大道五權路口(北側),西區,臺灣大道二段6號,15,10,5,2026-08-21 16:06:03,24.14805,120.6734,1,"9,1",2026-08-21 16:07:30.645343
500603087,YouBike2.0_中興昇平街口,西區,中興街33號,18,5,13,2026-08-21 16:05:03,24.14521,120.66312,1,"5,0",2026-08-21 16:07:30.645343
500603088,YouBike2.0_中興中興街285巷口,西區,中興街/中興街285巷口,16,4,12,2026-08-21 15:10:05,24.15386,120.66329,1,"4,0",2026-08-21 16:07:30.645343
500604001,YouBike2.0_捷運大慶站,南區,建國北路一段11號,19,12,7,2026-08-21 16:02:02,24.11914,120.64744,1,"12,0",2026-08-21 16:07:30.645343
500604002,YouBike2.0_工學北工學路口(東北側),南區,工學北路226號對側,27,5,21,2026-08-21 16:00:03,24.11732,120.65907,1,"5,0",2026-08-21 16:07:30.645343
500604003,YouBike2.0_臺中高工,南區,高工路/工學二街口(西北側),50,10,40,2026-08-21 15:55:04,24.11343,120.66320,1,"10,0",2026-08-21 16:07:30.645343
500604004,YouBike2.0_三民西忠明南路口(西側),南區,三民西路/忠明南路口(西側),13,4,9,2026-08-21 16:01:03,24.13016,120.65687,1,"4,0",2026-08-21 16:07:30.645343
500604005,YouBike2.0_忠明南南屯路口,南區,忠明南路456號(對側人行道),52,15,37,2026-08-21 16:03:03,24.13371,120.6574,1,"14,1",2026-08-21 16:07:30.645343
500604006,YouBike2.0_標準檢驗局臺中分局(工學路),南區,工學路/工學二街口(東北側),16,8,8,2026-08-21 16:01:03,24.11691,120.66414,1,"8,0",2026-08-21 16:07:30.645343
500604008,YouBike2.0_五權車站,南區,建國北路二段131號(對側人行道),80,28,52,2026-08-21 16:06:03,24.12874,120.66611,1,"13,15",2026-08-21 16:07:30.645343
500604009,YouBike2.0_學府永和街口,南區,學府路133號前,27,10,17,2026-08-21 16:05:02,24.12833,120.67435,1,"10,0",2026-08-21 16:07:30.645343
500604011,YouBike2.0_國光忠明南路口,南區,國光路/忠明南路口(西南側),35,2,33,2026-08-21 15:30:03,24.11891,120.6791,1,"2,0",2026-08-21 16:07:30.645343
500604012,YouBike2.0_明德中學附設幼兒園,南區,忠明南路/忠明南路1261巷口(東北側),30,1,29,2026-08-21 15:53:03,24.11925,120.68204,1,"1,0",2026-08-21 16:07:30.645343
500604013,YouBike2.0_福順公園(平順街),南區,平順街/復興路二段99巷口(西南側),30,11,19,2026-08-21 16:03:03,24.12411,120.66232,1,"9,2",2026-08-21 16:07:30.645343
500604014,YouBike2.0_和平公園,南區,復興路二段15巷/文心南十路口(西北側),17,9,8,2026-08-21 14:27:04,24.1189,120.65804,1,"9,0",2026-08-21 16:07:30.645343
500604015,YouBike2.0_東興文心南十路口,南區,東興路一段/文心南十路口,20,4,16,2026-08-21 16:04:03,24.11804,120.6579,1,"4,0",2026-08-21 16:07:30.645343
500604016,YouBike2.0_文心南建國南路口,南區,文心南路/建國南路一段口(東北側),18,9,8,2026-08-21 15:56:03,24.120506,120.65034,1,"9,0",2026-08-21 16:07:30.645343
500604017,YouBike2.0_西川一建國北路口,南區,西川一路/建國北路口(東北側),35,3,32,2026-08-21 15:58:02,24.125,120.65754,1,"3,0",2026-08-21 16:07:30.645343
500604018,YouBike2.0_國光國小(仁和路),南區,國光路261號,14,2,12,2026-08-21 16:06:03,24.1263,120.67955,1,"2,0",2026-08-21 16:07:30.645343
500604019,YouBike2.0_崇倫公園(美村路),南區,美村路二段11號(對側人行道),19,7,12,2026-08-21 15:55:04,24.13159,120.66167,1,"7,0",2026-08-21 16:07:30.645343
500604020,YouBike2.0_綠空廊道(美村路),南區,建國北路二段/美村路口(西南側),40,8,32,2026-08-21 16:05:02,24.1272,120.66245,1,"8,0",2026-08-21 16:07:30.645343
500604021,YouBike2.0_民興公園(建國北路),南區,建國北路二段/民興街口,20,6,14,2026-08-21 15:52:04,24.12821,120.66421,1,"6,0",2026-08-21 16:07:30.645343
500604022,YouBike2.0_南平公園(和昌街),南區,和昌街295號(東側人行道),27,7,20,2026-08-21 15:34:02,24.12508,120.66905,1,"7,0",2026-08-21 16:07:30.645343
500604023,YouBike2.0_國立公共資訊圖書館(五權南路),南區,五權南路/建成路口(西北側),44,19,25,2026-08-21 16:04:03,24.126652,120.670323,1,"18,1",2026-08-21 16:07:30.645343
500604024,YouBike2.0_樹義國小(福田五街),南區,福田五街/福田路口(西南側),22,1,21,2026-08-21 16:04:03,24.112372,120.657669,1,"1,0",2026-08-21 16:07:30.645343
500604025,YouBike2.0_建國南路一段236巷口,南區,建國南路一段236巷/建國南路一段口(東南側),29,7,22,2026-08-21 15:50:04,24.123479,120.656993,1,"6,1",2026-08-21 16:07:30.645343
500604026,YouBike2.0_建國北柳川東路口,南區,建國北路二段/柳川東路口(南側),45,5,40,2026-08-21 15:58:02,24.12632,120.659792,1,"5,0",2026-08-21 16:07:30.645343
500604027,YouBike2.0_建國南忠明南730巷口,南區,建國南路/忠明南路730巷口(西北側),15,8,7,2026-08-21 16:04:03,24.124791,120.659691,1,"8,0",2026-08-21 16:07:30.645343
500604028,YouBike2.0_忠孝國光路口(西南側),南區,忠孝路/國光路口(西南側),50,9,41,2026-08-21 15:57:03,24.12789,120.67759,1,"8,1",2026-08-21 16:07:30.645343
500604030,YouBike2.0_福田水資源中心(福田二街),南區,福田二街/福田路(東南側),15,10,5,2026-08-21 15:30:03,24.10888,120.65789,1,"10,0",2026-08-21 16:07:30.645343
500604031,YouBike2.0_大慶街二段6-16巷文心南路口,南區,大慶街二段6-16巷/文心南路口(西南側),35,13,22,2026-08-21 16:01:03,24.11638,120.65387,1,"13,0",2026-08-21 16:07:30.645343
500604032,YouBike2.0_工學南和路口,南區,工學路/南和路口(東南側),29,4,25,2026-08-21 16:05:02,24.116817,120.66844,1,"4,0",2026-08-21 16:07:30.645343
500604033,YouBike2.0_忠明南工學二街口,南區,忠明南路/工學二街口(東南側),13,2,11,2026-08-21 15:26:02,24.11897,120.66449,1,"2,0",2026-08-21 16:07:30.645343
500604034,YouBike2.0_忠明南工學五街口,南區,忠明南路/工學五街口(東南側),12,4,8,2026-08-21 15:03:03,24.119607,120.663345,1,"4,0",2026-08-21 16:07:30.645343
500604035,YouBike2.0_樹仔腳公園,南區,復興北路/德吉街口(東北側),15,7,8,2026-08-21 15:59:03,24.118915,120.653861,1,"7,0",2026-08-21 16:07:30.645343
500604036,YouBike2.0_復興北東興路一段口,南區,復興北路/東興路一段口(東南側),18,6,11,2026-08-21 15:09:04,24.120226,120.65585,1,"6,0",2026-08-21 16:07:30.645343
500604037,YouBike2.0_樹仁公園(福田二街),南區,福田二街336號(對側人行道),40,10,30,2026-08-21 16:06:03,24.10875,120.6527,1,"10,0",2026-08-21 16:07:30.645343
500604038,YouBike2.0_樹義公園(福田三街),南區,福田三街/樹義五街口(西北側),29,10,19,2026-08-21 16:01:03,24.11099,120.6549,1,"10,0",2026-08-21 16:07:30.645343
500604039,YouBike2.0_長春國民運動中心(合作街),南區,合作街46號,13,3,10,2026-08-21 15:59:03,24.13113,120.68065,1,"3,0",2026-08-21 16:07:30.645343
500604040,YouBike2.0_美村南平路口,南區,美村路二段/南平路口(西北側),24,3,21,2026-08-21 15:35:04,24.123776,120.665591,1,"3,0",2026-08-21 16:07:30.645343
500604041,YouBike2.0_樹義園道,南區,工學北路349號(對側園道),24,1,23,2026-08-21 15:45:03,24.11533,120.65652,1,"1,0",2026-08-21 16:07:30.645343
500604042,YouBike2.0_忠明南美村南路口,南區,忠明南路/美村南路口(東南側),32,3,29,2026-08-21 16:04:03,24.11898,120.66733,1,"3,0",2026-08-21 16:07:30.645343
500604043,YouBike2.0_中山醫學大學,南區,建國北路一段110號(對側人行道),99,18,80,2026-08-21 16:02:02,24.1213,120.65132,1,"18,0",2026-08-21 16:07:30.645343
500604044,YouBike2.0_江川公園,南區,永東街/永南街(東南側),24,3,21,2026-08-21 16:06:03,24.12439,120.67149,1,"3,0",2026-08-21 16:07:30.645343
500604045,YouBike2.0_崇倫公園,南區,南屯路一段/美村路二段口(南側),34,2,31,2026-08-21 15:57:03,24.13229,120.66114,1,"2,0",2026-08-21 16:07:30.645343
500604046,YouBike2.0_國立中興大學,南區,興大路/仁德街口,36,16,20,2026-08-21 16:05:02,24.12391,120.67719,1,"16,0",2026-08-21 16:07:30.645343
500604047,YouBike2.0_永興公園,南區,工學路/工學一街口(西南側),26,6,20,2026-08-21 16:05:02,24.11674,120.66488,1,"6,0",2026-08-21 16:07:30.645343
500604048,YouBike2.0_樹德停車場,南區,德富路146巷/德吉街口(東北側),28,11,17,2026-08-21 16:05:02,24.11851,120.65435,1,"11,0",2026-08-21 16:07:30.645343
500604049,YouBike2.0_民興公園,南區,建國北路二段100巷/建國北路二段口,23,11,12,2026-08-21 15:24:04,24.12862,120.66456,1,"11,0",2026-08-21 16:07:30.645343
500604050,YouBike2.0_復興停車場,南區,復興路三段/國光路口(西側),28,2,26,2026-08-21 16:05:02,24.13175,120.67634,1,"1,1",2026-08-21 16:07:30.645343
500604051,YouBike2.0_健康公園附設停車場,南區,五權南路/五權南路380巷口(西北側),30,20,10,2026-08-21 16:05:02,24.12096,120.66988,1,"20,0",2026-08-21 16:07:30.645343
500604052,YouBike2.0_高工南和路口,南區,高工路/南和路口(北側),30,6,22,2026-08-21 16:01:03,24.11456,120.66834,1,"6,0",2026-08-21 16:07:30.645343
500604053,YouBike2.0_樹德柳橋(復興路一段207巷15弄),南區,復興路一段207巷15弄/復興路一段207巷口(西南側),25,2,23,2026-08-21 16:06:03,24.11238,120.64948,1,"2,0",2026-08-21 16:07:30.645343
500604054,YouBike2.0_文化部文化資產園區,南區,復興路三段/合作街口(東南側),40,0,40,2026-08-21 16:00:19,24.13291,120.67989,1,"0,0",2026-08-21 16:07:30.645343
500604055,YouBike2.0_國立中興大學(中興湖),南區,中興路/弘道路口(國立中興大學(中興湖)),52,16,36,2026-08-21 16:06:03,24.12043,120.67369,1,"15,1",2026-08-21 16:07:30.645343
500604056,YouBike2.0_大慶車站,南區,建國南路一段/大慶街二段口(西北側),64,22,42,2026-08-21 16:06:03,24.11859,120.64747,1,"22,0",2026-08-21 16:07:30.645343
500604057,YouBike2.0_四育國中,南區,復興路二段152號前,44,8,36,2026-08-21 15:55:04,24.126,120.66491,1,"8,0",2026-08-21 16:07:30.645343
500604058,YouBike2.0_忠明南復興路口,南區,忠明南路/復興路二段口(西北側),31,9,22,2026-08-21 16:06:03,24.12172,120.66129,1,"9,0",2026-08-21 16:07:30.645343
500604059,YouBike2.0_長春公園,南區,正義街/信義南街口(北側),15,0,15,2026-08-21 15:27:17,24.13041,120.67995,1,"0,0",2026-08-21 16:07:30.645343
500604060,YouBike2.0_文林公園,南區,建國南路二段/建國南路二段150巷口(西南側),17,1,16,2026-08-21 16:06:03,24.127679,120.664414,1,"1,0",2026-08-21 16:07:30.645343
500604061,YouBike2.0_國資圖停車場,南區,新榮街/復興園路口(東北側),25,8,17,2026-08-21 15:35:04,24.12876,120.671259,1,"8,0",2026-08-21 16:07:30.645343
500604062,YouBike2.0_僑泰中學(五權南一路),南區,五權南一路/南和一街口(東南側),25,2,23,2026-08-21 15:47:04,24.112659,120.668668,1,"2,0",2026-08-21 16:07:30.645343
500604063,YouBike2.0_臺中市樹德非營利幼兒園,南區,復興北路/樹德二巷口(東北側),15,0,15,2026-07-12 00:01:03,24.11516,120.64925,0,"0,0",2026-08-21 16:07:30.645343
500604064,YouBike2.0_樹德一巷復興北路口,南區,樹德一巷/復興北路口(東南側),15,10,5,2026-08-21 16:05:02,24.11234,120.64622,1,"10,0",2026-08-21 16:07:30.645343
500604065,YouBike2.0_美村南美村南路23巷口,南區,美村南路/美村南路23巷口(東南側),12,7,5,2026-08-21 15:40:03,24.12108,120.66691,1,"7,0",2026-08-21 16:07:30.645343
500604066,YouBike2.0_興大美村路口,南區,興大路/美村路二段口(東側),20,12,8,2026-08-21 16:01:03,24.122375,120.672031,1,"12,0",2026-08-21 16:07:30.645343
500604067,YouBike2.0_柳川東三民西路口,南區,柳川東路/三民西路口(西北側),12,6,6,2026-08-21 15:59:03,24.130317,120.659526,1,"6,0",2026-08-21 16:07:30.645343
500604068,YouBike2.0_藍花楹公園,南區,五權南路680巷96弄/五權南路614巷(東南側),15,0,15,2026-08-21 16:04:21,24.11232,120.67187,1,"0,0",2026-08-21 16:07:30.645343
500604069,YouBike2.0_大忠南三民西路口,南區,大忠南街/崇倫北街192巷口(西側),11,1,10,2026-08-21 16:06:19,24.130135,120.654973,1,"1,0",2026-08-21 16:07:30.645343
500604071,YouBike2.0_三民西柳川西路口,南區,三民西路/柳川西路一段口(東南側),11,7,4,2026-08-21 15:42:04,24.129927,120.65891,1,"7,0",2026-08-21 16:07:30.645343
500604072,YouBike2.0_忠明南路777巷口,南區,忠明南路/忠明南路777巷口(西南側),22,1,21,2026-08-21 16:06:03,24.123793,120.6602,1,"1,0",2026-08-21 16:07:30.645343
500604073,YouBike2.0_五權建國北路口(西南側),南區,五權路/建國北路口(西南側),33,2,29,2026-08-21 15:50:04,24.12965,120.66831,1,"2,0",2026-08-21 16:07:30.645343
500604074,YouBike2.0_五權建國北路口(東南側),南區,五權路/建國北路口(東南側),30,4,25,2026-08-21 16:04:03,24.12974,120.66854,1,"4,0",2026-08-21 16:07:30.645343
500604075,YouBike2.0_柳川西忠明南路口,南區,柳川西路/忠明南路口(北側),10,1,9,2026-08-21 15:38:02,24.12707,120.65907,1,"1,0",2026-08-21 16:07:30.645343
500604076,YouBike2.0_有恆街114巷口,南區,有恆街114巷/忠孝路57巷口,15,0,15,2026-08-21 15:55:18,24.12847,120.67638,1,"0,0",2026-08-21 16:07:30.645343
500604077,YouBike2.0_國光國小(興大路),南區,興大路/正義街口(西北側),22,3,19,2026-08-21 16:06:03,24.124283,120.680999,1,"3,0",2026-08-21 16:07:30.645343
500604078,YouBike2.0_大慶公園,南區,工學北路339號(東北側),15,4,11,2026-08-21 16:03:03,24.115757,120.657381,1,"4,0",2026-08-21 16:07:30.645343
500604079,YouBike2.0_忠孝路55巷口,南區,忠孝路55巷/忠孝路口(北側),10,2,8,2026-08-21 15:50:04,24.127757,120.676119,1,"2,0",2026-08-21 16:07:30.645343
500604081,YouBike2.0_忠明南南和路口,南區,南和路146號(西北側),12,0,12,2026-08-21 16:05:17,24.118879,120.668454,1,"0,0",2026-08-21 16:07:30.645343
500604082,YouBike2.0_文心南路大忠南街口,南區,文心南路/大忠南街口(東南側),20,3,13,2026-08-21 15:41:03,24.12265,120.64884,1,"3,0",2026-08-21 16:07:30.645343
500604083,YouBike2.0_臺中高工(高工工學六街口),南區,高工工學六街口(東側),50,22,28,2026-08-21 16:06:03,24.113292,120.660878,1,"21,1",2026-08-21 16:07:30.645343
500604084,YouBike2.0_忠明南工學北路口,南區,忠明南路888號(西北側),14,11,3,2026-08-21 16:06:03,24.119991,120.662433,1,"11,0",2026-08-21 16:07:30.645343
500604085,YouBike2.0_文心南文心南十路口,南區,文心南路/文心南十路口(東側),13,0,12,2026-08-21 15:44:16,24.11574,120.65501,1,"0,0",2026-08-21 16:07:30.645343
500604087,YouBike2.0_大慶街一段75巷口(東側),南區,大慶街一段75巷/德富路口(西南側),15,9,6,2026-08-21 15:51:02,24.11198,120.65977,1,"7,2",2026-08-21 16:07:30.645343
500604088,YouBike2.0_西川二西川一路口(西南側),南區,西川二路/西川一路口(西南側),15,9,6,2026-08-21 15:43:02,24.12827,120.65567,1,"9,0",2026-08-21 16:07:30.645343
500604089,YouBike2.0_中山醫學大學(口腔醫學門診部),南區,文心南路/建國北路一段口(西北側),30,12,18,2026-08-21 15:45:03,24.12167,120.64908,1,"12,0",2026-08-21 16:07:30.645343
500604090,YouBike2.0_大慶街二段7巷大慶街口,南區,大慶街二段7巷/大慶街二段口(西南側),12,11,1,2026-08-21 15:58:02,24.11447,120.65228,1,"11,0",2026-08-21 16:07:30.645343
500604091,YouBike2.0_文心南十德富路口,南區,文心南十路/德富路口(東北側),16,2,14,2026-08-21 16:02:02,24.117361,120.656891,1,"2,0",2026-08-21 16:07:30.645343
500604092,YouBike2.0_臺中高工(工學路),南區,工學路/工學五街口(東側),20,4,16,2026-08-21 16:04:03,24.116807,120.662664,1,"4,0",2026-08-21 16:07:30.645343
500604093,YouBike2.0_建成復興園路口,南區,建成路/復興園路口(西北側),15,4,11,2026-08-21 16:05:03,24.126602,120.671686,1,"4,0",2026-08-21 16:07:30.645343
500604094,YouBike2.0_福田水資源中心(屯區工程隊),南區,福田二街20號對側,16,3,13,2026-08-21 15:51:02,24.10897,120.66024,1,"3,0",2026-08-21 16:07:30.645343
500604097,YouBike2.0_信義南街國光路口,南區,信義南街/國光路口,22,3,19,2026-08-21 16:05:03,24.12944,120.67808,1,"3,0",2026-08-21 16:07:30.645343
500604098,YouBike2.0_建成學府路口,南區,建成路/學府路(西側),30,7,23,2026-08-21 15:43:02,24.126575,120.674879,1,"7,0",2026-08-21 16:07:30.645343
500604099,YouBike2.0_大慶街二段11之5巷口,南區,樹德一巷/大慶街二段11之5巷口,15,3,12,2026-08-21 16:00:03,24.11446,120.65183,1,"3,0",2026-08-21 16:07:30.645343
500604100,YouBike2.0_崇倫橋,南區,東興二街/西川二路口(西側),20,5,15,2026-08-21 14:46:03,24.126213,120.656015,1,"5,0",2026-08-21 16:07:30.645343
500604101,YouBike2.0_中興大學_興大二村,南區,國光路329號,28,12,16,2026-08-21 15:58:02,24.12131,120.67949,1,"12,0",2026-08-21 16:07:30.645343
500604106,YouBike2.0_中興大學_男生宿舍,南區,忠明南路/興大路口,37,9,27,2026-08-21 15:58:02,24.11889,120.67195,1,"9,0",2026-08-21 16:07:30.645343
500604108,YouBike2.0_復興北樹德二巷口,南區,復興北路/樹德二巷口(西北側),26,8,18,2026-08-21 15:37:03,24.11453,120.64840,1,"8,0",2026-08-21 16:07:30.645343
500604109,YouBike2.0_建國北東興路口,南區,建國北路一段/東興路一段口(東側),19,9,10,2026-08-21 15:58:02,24.12279,120.65374,1,"9,0",2026-08-21 16:07:30.645343
500604110,YouBike2.0_復新公園,南區,復新街/學府路口(東側),20,7,13,2026-08-21 16:00:03,24.12445,120.67568,1,"6,1",2026-08-21 16:07:30.645343
500605001,YouBike2.0_健行忠太東路口,北區,健行路898號(對側人行道),20,3,17,2026-08-21 16:06:03,24.15916,120.66798,1,"3,0",2026-08-21 16:07:30.645343
500605002,YouBike2.0_文心山西路口(西南側),北區,文心路四段194號前,22,2,20,2026-08-21 15:08:02,24.17336,120.67588,1,"2,0",2026-08-21 16:07:30.645343
500605003,YouBike2.0_臺中二中(梅川東路三段),北區,梅川東路三段/文武街口(西南側),20,6,14,2026-08-21 15:37:03,24.15391,120.67446,1,"6,0",2026-08-21 16:07:30.645343
500605004,YouBike2.0_捷運文心中清站,北區,文心路三段/中清路二段(西南側),70,19,51,2026-08-21 16:04:03,24.17352,120.67058,1,"11,8",2026-08-21 16:07:30.645343
500605005,YouBike2.0_臺中孔廟(雙十路),北區,雙十路二段30號(前人行道),47,11,36,2026-08-21 16:05:02,24.15378,120.6893,1,"10,1",2026-08-21 16:07:30.645343
500605006,YouBike2.0_太平國小(中華路),北區,中華路二段/太平路口(東北側),28,2,26,2026-08-21 16:02:02,24.1495,120.6811,1,"2,0",2026-08-21 16:07:30.645343
500605007,YouBike2.0_賴明公園(漢口路),北區,漢口路四段/梅川東路三段口(東北側),35,3,32,2026-08-21 15:51:02,24.16710,120.67865,1,"3,0",2026-08-21 16:07:30.645343
500605008,YouBike2.0_寶覺禪寺(健行路),北區,健行路140號前,44,7,37,2026-08-21 16:05:02,24.15911,120.68721,1,"7,0",2026-08-21 16:07:30.645343
500605009,YouBike2.0_中華精武路口,北區,精武路401號(西側人行道),15,3,12,2026-08-21 16:05:02,24.14807,120.67976,1,"3,0",2026-08-21 16:07:30.645343
500605010,YouBike2.0_英士公園(日興街),北區,日興街190號(對側人行道),82,8,74,2026-08-21 16:04:03,24.1514,120.6758,1,"7,1",2026-08-21 16:07:30.645343
500605011,YouBike2.0_臺中公園(公園路),北區,公園路/市府路口(東側),52,5,47,2026-08-21 16:05:02,24.14296,120.68377,1,"5,0",2026-08-21 16:07:30.645343
500605012,YouBike2.0_進化廣場(興進路),北區,興進路181號,46,0,46,2026-08-21 15:53:17,24.1552,120.69315,1,"0,0",2026-08-21 16:07:30.645343
500605013,YouBike2.0_雙十自由路口,北區,雙十路/自由路二段口,17,3,14,2026-08-21 16:05:02,24.1432,120.68547,1,"3,0",2026-08-21 16:07:30.645343
500605015,YouBike2.0_雙十國中(進德北路),北區,進德北路/力行路口(西南側),20,6,14,2026-08-21 16:06:03,24.15181,120.6924,1,"6,0",2026-08-21 16:07:30.645343
500605016,YouBike2.0_東成東成二街口(南側),北區,東成路/東成二街口(南側),43,3,40,2026-08-21 15:53:03,24.15698,120.70127,1,"3,0",2026-08-21 16:07:30.645343
500605017,YouBike2.0_英才公園(民權路),北區,民權路291號(對側人行道),19,2,17,2026-08-21 15:55:04,24.15402,120.67056,1,"2,0",2026-08-21 16:07:30.645343
500605018,YouBike2.0_東成二天祥街口,北區,東成二街71號(對側),15,5,10,2026-08-21 15:45:03,24.15953,120.70198,1,"5,0",2026-08-21 16:07:30.645343
500605019,YouBike2.0_健行國小(健行路),北區,健行路666號,37,0,37,2026-08-21 15:42:19,24.15928,120.6741,1,"0,0",2026-08-21 16:07:30.645343
500605020,YouBike2.0_東成三東光東街口,北區,東成三街35號(對面側人行道),16,2,14,2026-08-21 15:38:02,24.15383,120.7006,1,"2,0",2026-08-21 16:07:30.645343
500605021,YouBike2.0_北屯雙十路二段100巷口,北區,北屯路/雙十路二段100巷口(東北側),20,9,11,2026-08-21 16:02:02,24.15929,120.69155,1,"9,0",2026-08-21 16:07:30.645343
500605022,YouBike2.0_三民興進路口,北區,三民路/興進路口(東北側),14,1,13,2026-08-21 16:02:18,24.15685,120.68891,1,"1,0",2026-08-21 16:07:30.645343
500605023,YouBike2.0_國立自然科學博物館(博館路),北區,博館路/中興街(西北側),65,46,19,2026-08-21 16:06:03,24.15683,120.66509,1,"46,0",2026-08-21 16:07:30.645343
500605024,YouBike2.0_中德停車場,北區,太原四街/太原五街口(東北側),15,9,6,2026-08-21 15:57:03,24.16584,120.66929,1,"9,0",2026-08-21 16:07:30.645343
500605025,YouBike2.0_賴厝國小(太原路),北區,太原路二段/東漢街口(西北側),17,1,16,2026-08-21 15:58:02,24.16553,120.67906,1,"1,0",2026-08-21 16:07:30.645343
500605026,YouBike2.0_梅川公園,北區,梅川西路四段/天津路二段(西北側),15,8,7,2026-08-21 16:05:02,24.16992,120.679,1,"7,1",2026-08-21 16:07:30.645343
500605027,YouBike2.0_臺中市監理站,北區,德化街/北屯路口(南側),19,2,17,2026-08-21 16:02:02,24.16139,120.69208,1,"2,0",2026-08-21 16:07:30.645343
500605028,YouBike2.0_美德美德街68巷口,北區,美德街70號(對側人行道),15,6,9,2026-08-21 15:45:03,24.15765,120.68291,1,"5,1",2026-08-21 16:07:30.645343
500605029,YouBike2.0_學士育德路口(東側),北區,學士路/育德路口(東側),63,35,28,2026-08-21 16:02:02,24.15767,120.68117,1,"35,0",2026-08-21 16:07:30.645343
500605030,YouBike2.0_長青公園(北平路),北區,北平路一段/北平二街口(東北側),42,5,37,2026-08-21 16:02:02,24.17177,120.66965,1,"5,0",2026-08-21 16:07:30.645343
500605031,YouBike2.0_武昌公園(武昌路),北區,武昌路/陜西路口(西北側),47,12,35,2026-08-21 16:01:03,24.16879,120.66804,1,"11,1",2026-08-21 16:07:30.645343
500605032,YouBike2.0_曉明公園(陝西東五街),北區,陝西東五街121號(對側人行道),39,5,34,2026-08-21 15:37:03,24.16819,120.67118,1,"5,0",2026-08-21 16:07:30.645343
500605033,YouBike2.0_太原北中清路口(西側),北區,太原北路/太原九街口(南側),35,5,30,2026-08-21 16:06:03,24.16509,120.67322,1,"5,0",2026-08-21 16:07:30.645343
500605034,YouBike2.0_中德公園(忠明六街),北區,忠明六街26號(對側人行道),40,1,30,2026-08-21 15:49:02,24.1637,120.66819,1,"1,0",2026-08-21 16:07:30.645343
500605035,YouBike2.0_博館育德路口,北區,博館路/育德路口(西南側),48,8,40,2026-08-21 15:58:02,24.15746,120.66911,1,"8,0",2026-08-21 16:07:30.645343
500605036,YouBike2.0_北區行政大樓,北區,永興街/太原路二段口(西南側),48,0,48,2026-08-21 16:06:03,24.16607,120.68241,1,"0,0",2026-08-21 16:07:30.645343
500605037,YouBike2.0_臺中一中,北區,育才街/尊賢街口(東北側),60,24,36,2026-08-21 16:06:03,24.14895,120.68705,1,"24,0",2026-08-21 16:07:30.645343
500605038,YouBike2.0_興進園道,北區,興進路/興進路76巷口(西南側),24,0,23,2026-08-21 15:45:18,24.15556,120.69665,1,"0,0",2026-08-21 16:07:30.645343
500605039,YouBike2.0_北區太平國小,北區,太平路/大誠街口(西南側),36,11,25,2026-08-21 16:03:03,24.14866,120.6816,1,"11,0",2026-08-21 16:07:30.645343
500605040,YouBike2.0_太原華美街口,北區,太原路一段/華美街二段口(東北側),28,10,18,2026-08-21 15:47:04,24.16482,120.66496,1,"10,0",2026-08-21 16:07:30.645343
500605041,YouBike2.0_英才公園,北區,英才路/民權路口(東南側),30,1,29,2026-08-21 15:12:17,24.15562,120.67097,1,"1,0",2026-08-21 16:07:30.645343
500605042,YouBike2.0_梅川園道,北區,梅川東路三段/尚德街127巷口(西側),30,10,20,2026-08-21 15:58:02,24.16158,120.6766,1,"10,0",2026-08-21 16:07:30.645343
500605043,YouBike2.0_雙十育樂街口,北區,雙十路二段/育樂街口(南側),25,7,18,2026-08-21 16:05:02,24.15778,120.69097,1,"6,1",2026-08-21 16:07:30.645343
500605044,YouBike2.0_育德梅川東路口,北區,育德路/梅川東路三段口(西南側),24,6,18,2026-08-21 16:01:03,24.15748,120.67547,1,"6,0",2026-08-21 16:07:30.645343
500605045,YouBike2.0_北區國民運動中心,北區,崇德路一段55號,22,17,5,2026-08-21 16:02:02,24.15716,120.68484,1,"15,2",2026-08-21 16:07:30.645343
500605046,YouBike2.0_山西公園,北區,山西路二段/北平路二段口(東南側),38,8,30,2026-08-21 16:04:03,24.17106,120.6759,1,"5,3",2026-08-21 16:07:30.645343
500605047,YouBike2.0_崇德進化北路口,北區,崇德路一段462號(前人行道),45,9,35,2026-08-21 16:02:02,24.163505,120.685128,1,"9,0",2026-08-21 16:07:30.645343
500605049,YouBike2.0_東光東成路口(西側),北區,東光路/東成路口(西側),15,0,15,2026-08-21 16:02:18,24.15749,120.69906,1,"0,0",2026-08-21 16:07:30.645343
500605050,YouBike2.0_進化自強一街口,北區,進化路/自強一街口(東南側),10,0,10,2026-08-21 16:01:36,24.15331,120.69453,1,"0,0",2026-08-21 16:07:30.645343
500605051,YouBike2.0_興進南京東路口,北區,興進路/南京東路口(東北側),14,0,13,2026-08-21 15:01:20,24.155812,120.698462,1,"0,0",2026-08-21 16:07:30.645343
500605052,YouBike2.0_柳川西五常街口,北區,柳川西路/五常街口(東側),42,16,26,2026-08-21 16:05:02,24.155104,120.680666,1,"16,0",2026-08-21 16:07:30.645343
500605053,YouBike2.0_公園三民路口,北區,公園路/三民路三段口(東側),20,12,8,2026-08-21 16:05:02,24.144257,120.682095,1,"12,0",2026-08-21 16:07:30.645343
500605054,YouBike2.0_臺中市立圖書館精武分館,北區,精武路291之3號前,15,13,2,2026-08-21 16:05:02,24.146078,120.685044,1,"13,0",2026-08-21 16:07:30.645343
500605056,YouBike2.0_東光東光東街口,北區,東光路/東光東街口(西南側),17,2,15,2026-08-21 15:56:03,24.153972,120.698586,1,"2,0",2026-08-21 16:07:30.645343
500605057,YouBike2.0_東成三東光五街口,北區,東成三街/東光五街口(東南側),15,1,14,2026-08-21 15:43:18,24.154372,120.700651,1,"1,0",2026-08-21 16:07:30.645343
500605058,YouBike2.0_中清進化北路口(東南側),北區,進化北路487號旁,15,2,13,2026-08-21 16:06:03,24.16274,120.67488,1,"2,0",2026-08-21 16:07:30.645343
500605059,YouBike2.0_篤行國小(英才路),北區,英才路236號(對側人行道),20,4,16,2026-08-21 15:46:03,24.15566,120.67324,1,"3,1",2026-08-21 16:07:30.645343
500605060,YouBike2.0_立人國中(天津路),北區,天津路一段130號(對側人行道),20,8,12,2026-08-21 16:00:03,24.17011,120.67108,1,"8,0",2026-08-21 16:07:30.645343
500605061,YouBike2.0_臺中科技大學(錦平街),北區,錦平街40號(對側人行道),20,6,14,2026-08-21 16:06:03,24.151951,120.683442,1,"6,0",2026-08-21 16:07:30.645343
500605062,YouBike2.0_學士德化街口,北區,學士路/德化街口(西南側),14,1,13,2026-08-21 15:58:02,24.161545,120.680934,1,"1,0",2026-08-21 16:07:30.645343
500605063,YouBike2.0_豬事圓滿公園,北區,東光路/興進路口(東北側),15,8,7,2026-08-21 15:18:02,24.155907,120.699202,1,"8,0",2026-08-21 16:07:30.645343
500605064,YouBike2.0_省三國小,北區,崇德路一段/健行路口(西北側),16,8,8,2026-08-21 15:48:03,24.15925,120.68484,1,"8,0",2026-08-21 16:07:30.645343
500605065,YouBike2.0_山西太原路口,北區,山西路一段/太原路二段口,9,5,4,2026-08-21 15:51:02,24.16531,120.6754,1,"4,1",2026-08-21 16:07:30.645343
500605066,YouBike2.0_五義街崇德路口,北區,五義街/崇德路一段口(西南側),12,5,7,2026-08-21 15:49:02,24.15589,120.68538,1,"5,0",2026-08-21 16:07:30.645343
500605067,YouBike2.0_青島山西路口(西側),北區,青島路二段/山西路二段口(西側),14,2,12,2026-08-21 15:48:03,24.16871,120.67458,1,"2,0",2026-08-21 16:07:30.645343
500605068,YouBike2.0_尚德街育德路口,北區,尚德街/育德路口(東西兩側),24,22,2,2026-08-21 15:52:04,24.15736,120.677658,1,"21,1",2026-08-21 16:07:30.645343
500605070,YouBike2.0_文心梅川西路口(西南側),北區,文心路四段/梅川西路四段口(西南側),17,9,8,2026-08-21 16:05:03,24.17283,120.67923,1,"9,0",2026-08-21 16:07:30.645343
500605071,YouBike2.0_國豐國瑞街口,北區,國豐街/國瑞街口(西南側),10,2,8,2026-08-21 16:01:03,24.15737,120.69591,1,"2,0",2026-08-21 16:07:30.645343
500605072,YouBike2.0_散步步道公園(柳陽東街),北區,柳陽東街/北興街口(北側),15,2,13,2026-08-21 16:06:03,24.16413,120.68876,1,"2,0",2026-08-21 16:07:30.645343
500605073,YouBike2.0_福樂國豐街口,北區,福樂街69號對側,17,3,14,2026-08-21 16:00:03,24.15925,120.69639,1,"3,0",2026-08-21 16:07:30.645343
500605074,YouBike2.0_大全聯(忠明店),北區,忠明路499號,16,1,15,2026-08-21 15:42:04,24.163,120.67177,1,"1,0",2026-08-21 16:07:30.645343
500605075,YouBike2.0_健行國小(梅亭街),北區,梅亭街/華中街口,25,4,21,2026-08-21 15:55:04,24.1604,120.67225,1,"4,0",2026-08-21 16:07:30.645343
500605076,YouBike2.0_忠太西路德化街口,北區,忠太西路26號前,13,1,12,2026-08-21 15:29:19,24.1612,120.6679,1,"1,0",2026-08-21 16:07:30.645343
500605077,YouBike2.0_臺中實小附設幼兒園,北區,民族路282號,18,3,15,2026-08-21 16:05:03,24.14498,120.67349,1,"3,0",2026-08-21 16:07:30.645343
500605079,YouBike2.0_中華停車場(機車),北區,中華路一段225巷70弄6號,15,9,6,2026-08-21 16:01:03,24.14868,120.67818,1,"8,1",2026-08-21 16:07:30.645343
500605080,YouBike2.0_柳川西柳川西路三段157巷口,北區,柳川西路三段/柳川西路三段157巷口,20,1,19,2026-08-21 15:44:02,24.14757,120.67747,1,"1,0",2026-08-21 16:07:30.645343
500605081,YouBike2.0_進化北崇德路口,北區,進化北路221號,26,3,23,2026-08-21 16:06:03,24.16283,120.68473,1,"3,0",2026-08-21 16:07:30.645343
500605082,YouBike2.0_學士英才路口,北區,學士路91號旁,22,12,9,2026-08-21 16:04:03,24.15622,120.68155,1,"12,0",2026-08-21 16:07:30.645343
500605083,YouBike2.0_忠太東太原路口,北區,忠太東路125號(對側人行道),17,3,14,2026-08-21 15:49:02,24.16478,120.67208,1,"2,1",2026-08-21 16:07:30.645343
500605086,YouBike2.0_漢口山西路口,北區,漢口路四段/山西路二段口,21,4,17,2026-08-21 15:54:03,24.16703,120.67479,1,"3,1",2026-08-21 16:07:30.645343
500605087,YouBike2.0_中山堂(五義街),北區,五義街/學士路口(東北側),16,3,13,2026-08-21 15:48:03,24.15487,120.68252,1,"3,0",2026-08-21 16:07:30.645343
500605138,YouBike2.0_中清文心路口(東南側),北區,文心路四段/中清路一段口(東南側),13,0,13,2026-08-21 16:01:36,24.17378,120.67216,1,"0,0",2026-08-21 16:07:30.645343
500606001,YouBike2.0_捷運文心櫻花站,西屯區,文心路三段107之17號旁,40,14,26,2026-08-21 16:06:03,24.16802,120.65394,1,"14,0",2026-08-21 16:07:30.645343
500606002,YouBike2.0_捷運市府站(出口1),西屯區,文心路二段/台灣大道二段口(西北側),61,13,48,2026-08-21 16:06:03,24.16241,120.64912,1,"13,0",2026-08-21 16:07:30.645343
500606003,YouBike2.0_捷運市府站(出口2),西屯區,大墩二十街口/文心路二段口(東北側),44,14,30,2026-08-21 16:03:03,24.16146,120.64933,1,"14,0",2026-08-21 16:07:30.645343
500606004,YouBike2.0_大有公園,西屯區,太原路一段/大有二街口(西北側),15,6,9,2026-08-21 16:01:03,24.15983,120.65869,1,"6,0",2026-08-21 16:07:30.645343
500606005,YouBike2.0_大隆文心路口(東南側),西屯區,大隆路/文心路二段口(東南側),30,3,27,2026-08-21 16:05:02,24.1591,120.64794,1,"3,0",2026-08-21 16:07:30.645343
500606006,YouBike2.0_臺灣大道文心路口(西北側),西屯區,台灣大道三段/文心路二段口(西北側),30,6,24,2026-08-21 15:58:02,24.16300,120.64945,1,"6,0",2026-08-21 16:07:30.645343
500606007,YouBike2.0_惠來國小(洛陽東街),西屯區,洛陽路/洛陽東街口(西南側),13,2,11,2026-08-21 15:55:04,24.16495,120.65018,1,"1,1",2026-08-21 16:07:30.645343
500606008,YouBike2.0_甘肅公園,西屯區,甘肅路一段203號(對側人行道),21,2,19,2026-08-21 15:56:03,24.16889,120.65671,1,"2,0",2026-08-21 16:07:30.645343
500606009,YouBike2.0_幸福兒童公園,西屯區,櫻城一街85號(東南側),28,1,27,2026-08-21 15:51:02,24.17233,120.65211,1,"1,0",2026-08-21 16:07:30.645343
500606010,YouBike2.0_逢甲公園,西屯區,逢甲路239號(對側人行道),24,5,19,2026-08-21 16:05:02,24.17632,120.64074,1,"5,0",2026-08-21 16:07:30.645343
500606012,YouBike2.0_中平經貿路口,西屯區,中平路/經貿路(北側),20,4,16,2026-08-21 15:55:04,24.17644,120.65906,1,"4,0",2026-08-21 16:07:30.645343
500606013,YouBike2.0_皇城帝寶,西屯區,皇城街50號,36,5,31,2026-08-21 15:55:04,24.17382,120.66149,1,"5,0",2026-08-21 16:07:30.645343
500606014,YouBike2.0_大容公園,西屯區,大墩十七街/大容東一街口(東北側),20,5,14,2026-08-21 15:39:04,24.15566,120.64832,1,"5,0",2026-08-21 16:07:30.645343
500606015,YouBike2.0_東興立體停車場,西屯區,東興路三段/大墩十九街口(南側),17,10,7,2026-08-21 16:04:03,24.1566,120.6545,1,"8,2",2026-08-21 16:07:30.645343
500606016,YouBike2.0_惠泰公園,西屯區,黎明路三段/市政北二路口(南側),12,4,8,2026-08-21 16:03:03,24.16467,120.63461,1,"4,0",2026-08-21 16:07:30.645343
500606017,YouBike2.0_福星公園(弘孝路),西屯區,弘孝路/櫻花路口(東北側),21,8,13,2026-08-21 16:06:03,24.17186,120.64955,1,"8,0",2026-08-21 16:07:30.645343
500606018,YouBike2.0_青海上石路口,西屯區,青海路二段207-18號前人行道,33,17,16,2026-08-21 16:03:03,24.1705,120.64518,1,"17,0",2026-08-21 16:07:30.645343
500606019,YouBike2.0_秋紅谷(河南路),西屯區,河南路三段/市政北七路口(西北側),28,22,6,2026-08-21 15:50:03,24.16614,120.63961,1,"20,2",2026-08-21 16:07:30.645343
500606020,YouBike2.0_逢甲福星路口,西屯區,逢甲路/福星路口(西南側),99,9,89,2026-08-21 16:03:03,24.17876,120.64487,1,"9,0",2026-08-21 16:07:30.645343
500606021,YouBike2.0_臺灣大道河南路口(西北側),西屯區,台灣大道三段/河南路二段口(西北側),20,0,0,2026-08-12 15:52:03,24.16799,120.641,0,"0,0",2026-08-21 16:07:30.645343
500606022,YouBike2.0_臺中市政府(惠中路),西屯區,惠中路一段6號,42,33,4,2026-08-21 16:04:03,24.16303,120.64574,1,"33,0",2026-08-21 16:07:30.645343
500606023,YouBike2.0_公51停車場,西屯區,甘肅路二段/福上巷口(西北側),15,2,13,2026-08-21 15:41:03,24.17509,120.65522,1,"2,0",2026-08-21 16:07:30.645343
500606024,YouBike2.0_漢口立體停車場,西屯區,漢口路二段/寧夏路口(北側),18,0,18,2026-08-21 15:50:19,24.16547,120.66217,1,"0,0",2026-08-21 16:07:30.645343
500606025,YouBike2.0_市政公園(市政北三路),西屯區,市政北三路/文心路二段(北側),20,0,20,2026-08-21 15:31:17,24.15897,120.64684,1,"0,0",2026-08-21 16:07:30.645343
500606026,YouBike2.0_文心四川路口,西屯區,文心路三段/四川路口(東南側),15,1,14,2026-08-21 16:02:18,24.16406,120.65073,1,"1,0",2026-08-21 16:07:30.645343
500606027,YouBike2.0_長安公園,西屯區,長安路一段41-1號(西南側),25,8,17,2026-08-21 16:03:03,24.17021,120.65429,1,"6,2",2026-08-21 16:07:30.645343
500606029,YouBike2.0_文心華美西街口(東南側),西屯區,文心路三段/華美西街二段(東南側),15,6,9,2026-08-21 15:56:03,24.17301,120.66744,1,"6,0",2026-08-21 16:07:30.645343
500606030,YouBike2.0_中央公園(遊客服務中心),西屯區,中科路2966號(前人行道),40,1,39,2026-08-21 15:15:03,24.17987,120.65571,1,"1,0",2026-08-21 16:07:30.645343
500606031,YouBike2.0_敦化凱旋路口,西屯區,敦化路/凱旋路口(西北側),20,4,16,2026-08-21 15:59:03,24.18546,120.65255,1,"4,0",2026-08-21 16:07:30.645343
500606032,YouBike2.0_自我體驗區(僑大八街),西屯區,經貿九路138號(僑大八街),20,7,13,2026-08-21 15:04:03,24.18968,120.65201,1,"7,0",2026-08-21 16:07:30.645343
500606033,YouBike2.0_觸覺體驗區(經貿五路),西屯區,經貿九路138號(經貿五路),20,12,8,2026-08-21 15:11:03,24.19062,120.65487,1,"12,0",2026-08-21 16:07:30.645343
500606034,YouBike2.0_港隆經貿九路口,西屯區,港隆街/經貿九路口(東側),20,4,16,2026-08-21 13:36:02,24.19475,120.65,1,"4,0",2026-08-21 16:07:30.645343
500606035,YouBike2.0_惠順停車場(河南路),西屯區,河南路三段/市政北六路口(南側),30,15,15,2026-08-21 16:05:02,24.164743,120.639143,1,"15,0",2026-08-21 16:07:30.645343
500606036,YouBike2.0_文華高中(文心路),西屯區,文心路三段187號(對側人行道),94,7,87,2026-08-21 16:06:03,24.17114,120.65995,1,"7,0",2026-08-21 16:07:30.645343
500606037,YouBike2.0_中仁公園,西屯區,寧夏路89巷38號(對側人行道),28,1,27,2026-08-21 16:05:17,24.16561,120.66077,1,"0,1",2026-08-21 16:07:30.645343
500606038,YouBike2.0_重慶公園(天水西六街),西屯區,天水西六街7號(對側人行道),37,2,35,2026-08-21 15:50:03,24.16586,120.65553,1,"2,0",2026-08-21 16:07:30.645343
500606039,YouBike2.0_臺灣大道國際街口,西屯區,臺灣大道四段/國際街口(東南側),14,0,14,2026-08-21 15:46:17,24.18313,120.59352,1,"0,0",2026-08-21 16:07:30.645343
500606040,YouBike2.0_朝馬運動中心,西屯區,朝貴路/朝馬二街口(西南側),15,10,5,2026-08-21 16:06:03,24.168111,120.634139,1,"9,1",2026-08-21 16:07:30.645343
500606041,YouBike2.0_文修公園(西苑路),西屯區,西苑路/福吉街口(東南側),18,0,18,2026-08-21 15:53:17,24.184324,120.641479,1,"0,0",2026-08-21 16:07:30.645343
500606042,YouBike2.0_文修公園(烈美街),西屯區,烈美街/福星北三街口(西南側),20,0,20,2026-08-21 15:44:16,24.18429,120.642413,1,"0,0",2026-08-21 16:07:30.645343
500606043,YouBike2.0_同心停車場,西屯區,黎明路三段/福科路口(東南側),17,5,11,2026-08-21 16:06:03,24.178866,120.63749,1,"5,0",2026-08-21 16:07:30.645343
500606044,YouBike2.0_上安公園(南側),西屯區,上仁街/上安路口(西南側),45,10,35,2026-08-21 16:03:03,24.170154,120.640555,1,"9,1",2026-08-21 16:07:30.645343
500606045,YouBike2.0_西大墩公園(福科路),西屯區,福科路/福科二路口(西南側),18,6,12,2026-08-21 13:15:04,24.179126,120.635924,1,"5,1",2026-08-21 16:07:30.645343
500606046,YouBike2.0_龍門公園,西屯區,龍門路/龍門二街口(東北側),10,3,7,2026-08-21 15:40:03,24.164015,120.631762,1,"3,0",2026-08-21 16:07:30.645343
500606047,YouBike2.0_環中朝馬路口,西屯區,環中路三段/朝馬路口(東南側),10,4,6,2026-08-21 15:56:03,24.169936,120.632564,1,"4,0",2026-08-21 16:07:30.645343
500606048,YouBike2.0_朝富環河路口,西屯區,朝富路/環河路口(西北側),15,9,6,2026-08-21 16:03:03,24.16593,120.6371,1,"9,0",2026-08-21 16:07:30.645343
500606049,YouBike2.0_至善青海路二段口,西屯區,至善路/青海路二段口(西南側),15,4,11,2026-08-21 16:06:03,24.173315,120.641065,1,"2,2",2026-08-21 16:07:30.645343
500606050,YouBike2.0_文輝公園,西屯區,上明三街/上仁街124巷口(東北側公園內),16,2,14,2026-08-21 15:40:03,24.1715194228316,120.64273308314056,1,"2,0",2026-08-21 16:07:30.645343
500606052,YouBike2.0_青海公園(四川東街),西屯區,四川東街55號(對側人行道),33,7,26,2026-08-21 16:06:03,24.16441,120.65334,1,"7,0",2026-08-21 16:07:30.645343
500606053,YouBike2.0_大鵬國小(中平路),西屯區,中平路/大鵬路口(東南側),15,4,11,2026-08-21 16:02:02,24.17793,120.66484,1,"4,0",2026-08-21 16:07:30.645343
500606054,YouBike2.0_逢大大鵬路口,西屯區,逢大路98號前,28,5,23,2026-08-21 15:58:02,24.17843,120.65047,1,"5,0",2026-08-21 16:07:30.645343
500606055,YouBike2.0_河南公園,西屯區,內江街5號(對側人行道),20,0,20,2026-08-21 16:02:18,24.1708,120.66298,1,"0,0",2026-08-21 16:07:30.645343
500606056,YouBike2.0_黎明中清路口,西屯區,黎明路三段/中清路二段口(西南側),16,1,15,2026-08-21 15:53:03,24.19658,120.65725,1,"1,0",2026-08-21 16:07:30.645343
500606057,YouBike2.0_大鵬臨停停車場,西屯區,中清西二街/中清西二街92巷口(西北側),15,6,9,2026-08-21 15:59:03,24.17569,120.66549,1,"5,1",2026-08-21 16:07:30.645343
500606058,YouBike2.0_捷運文華高中站,西屯區,文心路三段/河南路二段口(西北側),30,9,21,2026-08-21 15:49:02,24.171695,120.660816,1,"9,0",2026-08-21 16:07:30.645343
500606059,YouBike2.0_惠誠公園(市政南一路),西屯區,市政南一路/惠文七街(東南側),13,4,9,2026-08-21 16:04:03,24.158196,120.637742,1,"4,0",2026-08-21 16:07:30.645343
500606060,YouBike2.0_臺灣大道福安路口(西北側),西屯區,台灣大道四段/福安路口(西北側),10,3,7,2026-08-21 14:15:04,24.180186,120.621505,1,"3,0",2026-08-21 16:07:30.645343
500606061,YouBike2.0_臺灣大道安和路口(西北側),西屯區,臺灣大道四段/安和路口(西北側),13,6,7,2026-08-21 15:29:03,24.179566,120.622796,1,"6,0",2026-08-21 16:07:30.645343
500606062,YouBike2.0_福順停車場,西屯區,福順路/福元路(西南側),16,6,10,2026-08-21 16:00:03,24.180058,120.627221,1,"6,0",2026-08-21 16:07:30.645343
500606063,YouBike2.0_福科永福路口,西屯區,福科路/永福路口(西北側),12,3,9,2026-08-21 16:05:02,24.184159,120.620425,1,"3,0",2026-08-21 16:07:30.645343
500606064,YouBike2.0_福安公園,西屯區,福裕路/福泰東路(東北側),15,5,10,2026-08-21 15:37:03,24.182856,120.627591,1,"5,0",2026-08-21 16:07:30.645343
500606065,YouBike2.0_西苑高中代管籃球場,西屯區,安和路/安和路189巷(東南側),20,16,4,2026-08-21 14:23:03,24.18568,120.626651,1,"16,0",2026-08-21 16:07:30.645343
500606066,YouBike2.0_福科福康路口,西屯區,福科路/福康路口(西北側),16,8,8,2026-08-21 16:04:03,24.185521,120.617429,1,"8,0",2026-08-21 16:07:30.645343
500606067,YouBike2.0_漢翔福星北路口,西屯區,漢翔路/福星北路口(北側),45,0,44,2026-08-21 16:06:19,24.18521,120.64442,1,"0,0",2026-08-21 16:07:30.645343
500606068,YouBike2.0_漢口國中(漢口路),西屯區,漢口路一段54-1號前,17,0,17,2026-08-21 16:06:19,24.16137,120.65684,1,"0,0",2026-08-21 16:07:30.645343
500606069,YouBike2.0_河南停車場,西屯區,河南路一段122號,12,2,10,2026-08-21 15:53:03,24.16975,120.66217,1,"2,0",2026-08-21 16:07:30.645343
500606070,YouBike2.0_福星公園,西屯區,寶慶街50巷/河南路二段301巷(東側),34,5,29,2026-08-21 16:06:03,24.17242,120.6481,1,"5,0",2026-08-21 16:07:30.645343
500606071,YouBike2.0_大鵬國小,西屯區,大鵬路/大鵬路59巷口(西南側),34,1,33,2026-08-21 14:57:18,24.17811,120.66567,1,"1,0",2026-08-21 16:07:30.645343
500606072,YouBike2.0_臺灣大道玉門路口,西屯區,臺灣大道四段/玉門路口(西南側),50,27,23,2026-08-21 16:02:02,24.18425,120.60975,1,"27,0",2026-08-21 16:07:30.645343
500606073,YouBike2.0_臺灣大道福林路口,西屯區,臺灣大道四段/福林路口(西南側),28,8,20,2026-08-21 15:42:04,24.18361,120.61377,1,"8,0",2026-08-21 16:07:30.645343
500606074,YouBike2.0_安和國中,西屯區,天助街/中工三路口(西南側),30,10,20,2026-08-21 16:00:03,24.17396,120.61723,1,"10,0",2026-08-21 16:07:30.645343
500606075,YouBike2.0_秋紅谷,西屯區,朝富路/朝馬路口(東北側),99,12,87,2026-08-21 16:06:03,24.16858,120.63904,1,"12,0",2026-08-21 16:07:30.645343
500606076,YouBike2.0_櫻花棒球場,西屯區,櫻花路/洛陽路口(西側),53,6,47,2026-08-21 15:33:03,24.16867,120.6531,1,"6,0",2026-08-21 16:07:30.645343
500606077,YouBike2.0_頂何厝,西屯區,臺灣大道二段/東興路三段路口(西北側),28,9,19,2026-08-21 16:04:03,24.15924,120.65532,1,"9,0",2026-08-21 16:07:30.645343
500606078,YouBike2.0_新光/遠百,西屯區,臺灣大道三段/惠來路二段(西北側),85,52,6,2026-08-21 16:03:03,24.16614,120.64292,1,"51,1",2026-08-21 16:07:30.645343
500606079,YouBike2.0_市政府(文心樓),西屯區,文心路二段/大墩二十街口(西南側),64,18,46,2026-08-21 16:04:03,24.16143,120.6487,1,"18,0",2026-08-21 16:07:30.645343
500606080,YouBike2.0_青海逢甲路口,西屯區,青海路二段/逢甲路口(西北側),18,5,13,2026-08-21 15:56:03,24.17465,120.63923,1,"5,0",2026-08-21 16:07:30.645343
500606081,YouBike2.0_上石公園,西屯區,西屯路二段/上石北五巷口(西南側),30,0,30,2026-08-21 15:38:15,24.17284,120.64493,1,"0,0",2026-08-21 16:07:30.645343
500606082,YouBike2.0_市政公園停車場,西屯區,市政北五路/惠中路一段口(東南側),38,23,15,2026-08-21 16:05:02,24.16099,120.64453,1,"23,0",2026-08-21 16:07:30.645343
500606083,YouBike2.0_大隆東興路口,西屯區,大隆路40號前,48,0,38,2026-07-12 00:01:03,24.15573,120.65409,0,"0,0",2026-08-21 16:07:30.645343
500606084,YouBike2.0_臺中國家歌劇院,西屯區,惠民路/市政北六路口(西南側),61,32,29,2026-08-21 15:54:02,24.16407,120.64012,1,"31,1",2026-08-21 16:07:30.645343
500606085,YouBike2.0_協和停車場,西屯區,安和西路/福玄路口(西側),24,9,15,2026-08-21 15:46:17,24.17754,120.62188,1,"9,0",2026-08-21 16:07:30.645343
500606086,YouBike2.0_西大墩公園,西屯區,福科一街/福科二路口(西北側),26,13,13,2026-08-21 15:56:03,24.17692,120.63577,1,"13,0",2026-08-21 16:07:30.645343
500606087,YouBike2.0_福科國民中學,西屯區,西屯路三段/玉門路370巷口(東南側),28,6,22,2026-08-21 16:02:02,24.18972,120.61381,1,"6,0",2026-08-21 16:07:30.645343
500606088,YouBike2.0_潮洋環保公園,西屯區,朝貴路/朝馬七街(西南側),27,2,25,2026-08-21 16:01:03,24.16591,120.63341,1,"2,0",2026-08-21 16:07:30.645343
500606089,YouBike2.0_世斌公園,西屯區,永福路/福安路22巷口(東北側),26,16,10,2026-08-21 15:48:02,24.18219,120.61962,1,"16,0",2026-08-21 16:07:30.645343
500606090,YouBike2.0_大仁公園,西屯區,甘肅路一段/甘州六街口(西側),22,2,20,2026-08-21 16:04:03,24.16569,120.65929,1,"2,0",2026-08-21 16:07:30.645343
500606091,YouBike2.0_國安一號公園,西屯區,國安一路51號,30,3,27,2026-08-21 16:01:03,24.19061,120.61472,1,"3,0",2026-08-21 16:07:30.645343
500606092,YouBike2.0_三信公園,西屯區,漢口路二段182號(對側人行道),24,7,17,2026-08-21 15:58:02,24.16623,120.66372,1,"7,0",2026-08-21 16:07:30.645343
500606093,YouBike2.0_經貿七中清路口,西屯區,經貿七路12號(對側道路旁),20,9,11,2026-08-21 15:56:03,24.19278,120.65929,1,"8,1",2026-08-21 16:07:30.645343
500606094,YouBike2.0_國安國小,西屯區,東大路一段555號(對側人行道),32,1,31,2026-08-21 15:45:18,24.19398,120.60709,1,"1,0",2026-08-21 16:07:30.645343
500606095,YouBike2.0_上德公園,西屯區,上石路73號,24,5,18,2026-08-21 15:52:04,24.16931,120.64451,1,"5,0",2026-08-21 16:07:30.645343
500606096,YouBike2.0_文修公園,西屯區,福星路114號(對側人行道),22,2,20,2026-08-21 16:03:03,24.18234,120.642,1,"1,1",2026-08-21 16:07:30.645343
500606097,YouBike2.0_臺中市議會,西屯區,市政北一路56號(對側人行道),45,13,32,2026-08-21 16:04:03,24.15805,120.64403,1,"13,0",2026-08-21 16:07:30.645343
500606098,YouBike2.0_臺中至善公園,西屯區,至善路/逢甲路101巷口(西南側),28,9,19,2026-08-21 16:06:03,24.17492,120.64209,1,"9,0",2026-08-21 16:07:30.645343
500606099,YouBike2.0_高登公園,西屯區,重慶路431-433號(對側人行道),28,4,24,2026-08-21 16:06:03,24.17106,120.66571,1,"4,0",2026-08-21 16:07:30.645343
500606100,YouBike2.0_何厝公園,西屯區,四川路89號(對側人行道),30,3,27,2026-08-21 15:58:02,24.16061,120.65492,1,"3,0",2026-08-21 16:07:30.645343
500606101,YouBike2.0_大弘公園,西屯區,太原路一段204號(對側人行道),30,2,28,2026-08-21 15:43:02,24.1628,120.66128,1,"2,0",2026-08-21 16:07:30.645343
500606102,YouBike2.0_惠來停車場,西屯區,惠來路二段/市政北一路口(西南側),41,28,13,2026-08-21 16:03:03,24.15999,120.63964,1,"26,2",2026-08-21 16:07:30.645343
500606103,YouBike2.0_中科管理局,西屯區,中科路2號,24,11,13,2026-08-21 11:50:04,24.20889,120.6178,1,"11,0",2026-08-21 16:07:30.645343
500606104,YouBike2.0_巨大集團總部,西屯區,東大路一段999號(前人行道),22,4,18,2026-08-21 16:04:03,24.20865,120.61154,1,"4,0",2026-08-21 16:07:30.645343
500606105,YouBike2.0_臺灣大道福林路口(東北側),西屯區,臺灣大道四段/福林路口(東北側),18,2,16,2026-08-21 15:48:02,24.183812,120.614265,1,"1,1",2026-08-21 16:07:30.645343
500606106,YouBike2.0_福恩停車場,西屯區,工業區一路2巷/工業區一路口(西北側),18,0,18,2026-08-21 16:06:19,24.182439,120.615023,1,"0,0",2026-08-21 16:07:30.645343
500606107,YouBike2.0_工業區一路工業區一路58巷口,西屯區,工業區一路/工業區一路58巷口(西南側),22,0,22,2026-08-21 16:05:17,24.17958,120.614687,1,"0,0",2026-08-21 16:07:30.645343
500606108,YouBike2.0_工業區一路工業區一路72巷口,西屯區,工業區一路/工業區一路72巷口(西南側),16,1,15,2026-08-21 15:59:18,24.17712,120.614316,1,"1,0",2026-08-21 16:07:30.645343
500606109,YouBike2.0_工業區一路98巷口,西屯區,工業區一路98巷/工業區一路口(西南側),25,8,17,2026-08-21 16:05:02,24.17313,120.613429,1,"7,1",2026-08-21 16:07:30.645343
500606112,YouBike2.0_臺灣大道中工三路口(西北側),西屯區,臺灣大道四段/中工三路口(西北側),17,0,17,2026-08-21 15:56:18,24.18093,120.61911,1,"0,0",2026-08-21 16:07:30.645343
500606113,YouBike2.0_中工二路福中十街口,西屯區,中工二路/福中十街口(東南側),28,8,20,2026-08-21 15:57:03,24.17692,120.61593,1,"7,1",2026-08-21 16:07:30.645343
500606114,YouBike2.0_臺灣大道工業區一路口(東南側),西屯區,臺灣大道四段/工業區一路口(東南側),24,16,8,2026-08-21 16:06:03,24.18258,120.61566,1,"15,1",2026-08-21 16:07:30.645343
500606115,YouBike2.0_中工公園,西屯區,順和一街1號(對側人行道),16,14,2,2026-08-21 15:50:04,24.175597,120.589586,1,"14,0",2026-08-21 16:07:30.645343
500606116,YouBike2.0_協和公園,西屯區,玉成路/玉寶路口(西南側),16,5,11,2026-08-21 15:00:05,24.176782,120.620096,1,"5,0",2026-08-21 16:07:30.645343
500606117,YouBike2.0_臺灣大道安和路口(西南側),西屯區,臺灣大道四段/安和路口(西南側),15,9,6,2026-08-21 16:02:02,24.179134,120.622873,1,"9,0",2026-08-21 16:07:30.645343
500606118,YouBike2.0_協仁公園,西屯區,福元路/福玄路口(東南側),20,10,10,2026-08-21 16:04:03,24.175336,120.625631,1,"10,0",2026-08-21 16:07:30.645343
500606119,YouBike2.0_環中福星西路口,西屯區,環中路二段1129號前,15,3,12,2026-08-21 15:24:04,24.182771,120.636213,1,"3,0",2026-08-21 16:07:30.645343
500606120,YouBike2.0_福聯兒童公園,西屯區,福科路961巷/福瑞街27巷口(西北側),14,0,14,2026-08-21 15:39:19,24.18674,120.60545,1,"0,0",2026-08-21 16:07:30.645343
500606121,YouBike2.0_東大附中,西屯區,臺灣大道四段/東海路口(東側),26,14,12,2026-08-21 15:50:04,24.18355,120.60679,1,"13,1",2026-08-21 16:07:30.645343
500606122,YouBike2.0_臺灣大道約農路口,西屯區,臺灣大道四段/約農路口(東南側),45,11,34,2026-08-21 15:47:04,24.18269,120.60287,1,"10,1",2026-08-21 16:07:30.645343
500606123,YouBike2.0_福強街福科路900巷口,西屯區,福強街/福科路900巷口(東北側),20,1,19,2026-08-21 15:45:03,24.18915,120.60741,1,"0,1",2026-08-21 16:07:30.645343
500606124,YouBike2.0_福瑞里社區停車場,西屯區,福瑞街七十五巷/東大路一段口(東南側),17,3,14,2026-08-21 15:14:04,24.18835,120.6056,1,"3,0",2026-08-21 16:07:30.645343
500606125,YouBike2.0_五龍公園,西屯區,東大路一段/福瑞街七十五巷口(西側),10,1,9,2026-08-21 15:11:03,24.18847,120.60514,1,"1,0",2026-08-21 16:07:30.645343
500606126,YouBike2.0_成都公園,西屯區,成都路222號(旁公園),15,3,12,2026-08-21 15:11:03,24.169,120.66485,1,"3,0",2026-08-21 16:07:30.645343
500606127,YouBike2.0_國豐停車場,西屯區,國安一路128號(北側),15,7,7,2026-08-21 15:46:03,24.191838,120.613279,1,"7,0",2026-08-21 16:07:30.645343
500606128,YouBike2.0_東大西屯路三段口,西屯區,東大路一段/西屯路三段口(東南側),15,3,12,2026-08-21 15:11:03,24.19253,120.606514,1,"3,0",2026-08-21 16:07:30.645343
500606129,YouBike2.0_玉門西屯路三段口,西屯區,玉門路/西屯路三段口(東南側),22,17,5,2026-08-21 16:06:03,24.190807,120.610831,1,"17,0",2026-08-21 16:07:30.645343
500606130,YouBike2.0_福科國中(福林路),西屯區,福林路/西屯路三段口(西南側),19,7,12,2026-08-21 15:57:03,24.188139,120.615031,1,"7,0",2026-08-21 16:07:30.645343
500606131,YouBike2.0_上石國小(湳子巷),西屯區,湳子巷8之20號(對側人行道),20,2,18,2026-08-21 16:04:03,24.17343,120.64296,1,"2,0",2026-08-21 16:07:30.645343
500606132,YouBike2.0_上石國小(湳子巷8弄),西屯區,湳子巷/湳子巷8弄(東側),20,0,20,2026-08-21 16:00:19,24.17256,120.64328,1,"0,0",2026-08-21 16:07:30.645343
500606133,YouBike2.0_龍潭里活動中心,西屯區,龍德路二段366號前,14,8,5,2026-08-21 15:58:02,24.157639,120.626955,1,"8,0",2026-08-21 16:07:30.645343
500606134,YouBike2.0_宏恩公園,西屯區,西屯路三段宏恩一巷35弄13號(對側),16,11,5,2026-08-21 16:00:03,24.189588,120.61751,1,"11,0",2026-08-21 16:07:30.645343
500606135,YouBike2.0_港尾里守望相助隊,西屯區,中康二街/中康街口(西北側),15,0,15,2026-08-21 15:41:19,24.19807,120.6598,1,"0,0",2026-08-21 16:07:30.645343
500606136,YouBike2.0_廣興宮,西屯區,廣福路230號(對側廣場),12,3,9,2026-08-21 15:24:04,24.19864,120.64269,1,"3,0",2026-08-21 16:07:30.645343
500606137,YouBike2.0_國家中山科學研究院臺中院區,西屯區,西安街277巷300-2號(東側路旁),17,1,16,2026-08-21 15:39:19,24.18803,120.6462,1,"1,0",2026-08-21 16:07:30.645343
500606138,YouBike2.0_國安二號公園,西屯區,西屯路三段/玉門路口(東側),21,1,20,2026-08-21 15:01:20,24.19078,120.61159,1,"1,0",2026-08-21 16:07:30.645343
500606139,YouBike2.0_文華路86巷文華路口,西屯區,文華路86巷/文華路口(東南側),15,4,11,2026-08-21 15:56:03,24.176476,120.647166,1,"4,0",2026-08-21 16:07:30.645343
500606140,YouBike2.0_惠民公園,西屯區,西屯路二段200號(對側),24,8,16,2026-08-21 16:04:03,24.167846,120.649484,1,"8,0",2026-08-21 16:07:30.645343
500606143,YouBike2.0_泰安國小,西屯區,環中路二段/同志巷口(西南側),12,3,9,2026-08-21 15:07:05,24.197705,120.650182,1,"3,0",2026-08-21 16:07:30.645343
500606144,YouBike2.0_漢翔上墩路口,西屯區,漢翔路/上墩路口(西南側),20,11,9,2026-08-21 15:15:03,24.185221,120.638921,1,"11,0",2026-08-21 16:07:30.645343
500606145,YouBike2.0_宏福一巷宏福三巷口,西屯區,宏福一巷/宏福三巷口(西側),12,4,8,2026-08-21 16:02:02,24.187536,120.616197,1,"4,0",2026-08-21 16:07:30.645343
500606146,YouBike2.0_中央公園(福上巷),西屯區,福上巷/河南路二段口,23,6,17,2026-08-21 15:19:02,24.17594,120.6533,1,"6,0",2026-08-21 16:07:30.645343
500606147,YouBike2.0_西屯張廖家廟,西屯區,福星北路/文華路138巷口(東南側),16,4,12,2026-08-21 16:04:03,24.182742,120.644986,1,"3,1",2026-08-21 16:07:30.645343
500606148,YouBike2.0_朝馬停車場,西屯區,上安路199號旁,20,7,13,2026-08-21 15:59:03,24.17368,120.63619,1,"7,0",2026-08-21 16:07:30.645343
500606149,YouBike2.0_漢翔福星北路口(東北側),西屯區,漢翔路37號(對側人行道),22,1,21,2026-08-21 15:55:18,24.18516,120.64546,1,"0,1",2026-08-21 16:07:30.645343
500606150,YouBike2.0_經貿五僑大路口,西屯區,經貿五路/僑大路口(東側),20,1,19,2026-08-21 12:14:02,24.19069,120.64441,1,"1,0",2026-08-21 16:07:30.645343
500606151,YouBike2.0_港尾萬魂祠,西屯區,環中路一段/中清路二段口(東側),12,0,12,2026-08-21 15:56:18,24.19985,120.65671,1,"0,0",2026-08-21 16:07:30.645343
500606152,YouBike2.0_中工三路天佑街口,西屯區,中工三路/天佑街口(西南側),10,1,9,2026-08-21 14:39:02,24.17893,120.61879,1,"0,1",2026-08-21 16:07:30.645343
500606153,YouBike2.0_西安街277巷6弄口(北側),西屯區,西安街277巷59號(對側),11,0,11,2026-08-21 14:51:17,24.18372,120.64824,1,"0,0",2026-08-21 16:07:30.645343
500606154,YouBike2.0_惠來公園,西屯區,市政南二路/惠文五街(西南側),25,0,25,2026-08-21 15:40:19,24.15571,120.639,1,"0,0",2026-08-21 16:07:30.645343
500606155,YouBike2.0_中山國中,西屯區,寧夏路198號(對側人行道),20,9,11,2026-08-21 15:56:03,24.16794,120.66064,1,"7,2",2026-08-21 16:07:30.645343
500606156,YouBike2.0_朝貴公園,西屯區,朝貴一街96號(東南側),12,1,11,2026-08-21 16:01:36,24.170587,120.635093,1,"1,0",2026-08-21 16:07:30.645343
500606157,YouBike2.0_三角埔(福雅路),西屯區,福雅路/西林巷口(東北側),26,16,8,2026-08-21 14:53:02,24.201713,120.627808,1,"16,0",2026-08-21 16:07:30.645343
500606158,YouBike2.0_中科福雅路口,西屯區,中科路/福雅路口(西南側),20,6,14,2026-08-21 16:04:03,24.205873,120.628681,1,"5,1",2026-08-21 16:07:30.645343
500606159,YouBike2.0_中清廣興巷口,西屯區,中清路/廣興巷口(西北側),13,4,9,2026-08-21 14:17:03,24.203724,120.653146,1,"4,0",2026-08-21 16:07:30.645343
500606160,YouBike2.0_惠順公園,西屯區,政和路/惠文二街口(東南側),12,7,5,2026-08-21 15:54:02,24.15585,120.64202,1,"7,0",2026-08-21 16:07:30.645343
500606161,YouBike2.0_文心市政北一路口,西屯區,文心路二段/市政北一路口,14,6,8,2026-08-21 16:05:02,24.15665,120.64666,1,"6,0",2026-08-21 16:07:30.645343
500606162,YouBike2.0_惠中市政路口(東北側),西屯區,惠中路二段/市政路口(東北側),18,5,13,2026-08-21 16:01:03,24.15764,120.64211,1,"5,0",2026-08-21 16:07:30.645343
500606163,YouBike2.0_臺灣大道四川五街口,西屯區,台灣大道二段/四川五街口(西北側),12,1,11,2026-08-21 16:03:19,24.16165,120.65185,1,"1,0",2026-08-21 16:07:30.645343
500606164,YouBike2.0_華美公園,西屯區,寧漢二街36號(對側人行道),14,5,9,2026-08-21 15:56:03,24.16462,120.663968,1,"5,0",2026-08-21 16:07:30.645343
500606165,YouBike2.0_大鵬新城,西屯區,逢大路/凱旋一路口(西北側),18,1,17,2026-08-21 15:39:19,24.177437,120.650269,1,"1,0",2026-08-21 16:07:30.645343
500606166,YouBike2.0_八張犁淨水廠,西屯區,廣福路165號(東北側),13,4,8,2026-08-21 15:51:02,24.197472,120.642284,1,"4,0",2026-08-21 16:07:30.645343
500606167,YouBike2.0_西屯永興宮,西屯區,安林路29號(東側),12,7,5,2026-08-21 16:04:03,24.198141,120.623678,1,"7,0",2026-08-21 16:07:30.645343
500606168,YouBike2.0_何安里活動中心,西屯區,四川路126號(北側),16,3,13,2026-08-21 16:05:02,24.162574,120.653654,1,"3,0",2026-08-21 16:07:30.645343
500606169,YouBike2.0_上石惠來路口,西屯區,惠來路三段/上石路口(西北側),25,13,12,2026-08-21 16:06:03,24.16644,120.64412,1,"11,2",2026-08-21 16:07:30.645343
500606170,YouBike2.0_安和公園,西屯區,安和路/安和二街口(西南側),15,12,3,2026-08-21 15:35:04,24.17565,120.62288,1,"11,1",2026-08-21 16:07:30.645343
500606171,YouBike2.0_經貿五僑大八街口,西屯區,經貿五路/僑大八街口(東南側),20,11,9,2026-08-21 15:17:04,24.19104,120.65226,1,"11,0",2026-08-21 16:07:30.645343
500606173,YouBike2.0_惠中路停車場,西屯區,惠中路/惠中路148巷口(北側),20,11,9,2026-08-21 15:35:04,24.16523,120.64673,1,"11,0",2026-08-21 16:07:30.645343
500606174,YouBike2.0_馬龍潭停車場,西屯區,龍富路五段396號(東北側),15,8,7,2026-08-21 15:24:04,24.1598,120.62986,1,"8,0",2026-08-21 16:07:30.645343
500606175,YouBike2.0_環中市政南一路口(西北側),西屯區,環中路三段/市政南一路口(西北側),16,2,14,2026-08-21 14:57:02,24.16012,120.627,1,"1,1",2026-08-21 16:07:30.645343
500606176,YouBike2.0_大仁國小,西屯區,重慶路/甘肅路一段口(東南側),25,6,19,2026-08-21 16:01:03,24.16783,120.65778,1,"6,0",2026-08-21 16:07:30.645343
500606177,YouBike2.0_安和國中(水尾巷),西屯區,水尾巷/中工二路口(東北側),20,6,14,2026-08-21 15:18:02,24.172,120.61525,1,"6,0",2026-08-21 16:07:30.645343
500606179,YouBike2.0_福科路福科路658巷口,西屯區,福科路/福科路658巷口(西北側及東北側),11,7,4,2026-08-21 15:20:04,24.18707,120.61154,1,"7,0",2026-08-21 16:07:30.645343
500606180,YouBike2.0_福林國安二路口(東北側),西屯區,福林路/國安二路口(東北側),15,2,13,2026-08-21 15:56:03,24.19104,120.61665,1,"2,0",2026-08-21 16:07:30.645343
500606181,YouBike2.0_東海大學_語文館,西屯區,力行路側(男宿21棟前),22,16,6,2026-08-21 16:05:02,24.18098,120.59938,1,"16,0",2026-08-21 16:07:30.645343
500606182,YouBike2.0_東海大學_男生宿舍,西屯區,力行路/約農路口(西北側),30,14,16,2026-08-21 16:06:03,24.18055,120.60094,1,"14,0",2026-08-21 16:07:30.645343
500606183,YouBike2.0_東海大學_路思義教堂,西屯區,德耀路/約農路口(西南側),15,10,5,2026-08-21 15:52:04,24.17943,120.60011,1,"1,9",2026-08-21 16:07:30.645343
500606184,YouBike2.0_東海大學_基礎科學館,西屯區,科技路/求真路口(西南側),27,14,13,2026-08-21 15:43:02,24.17761,120.59946,1,"14,0",2026-08-21 16:07:30.645343
500606185,YouBike2.0_東海大學_女生宿舍,西屯區,篤信路/銘賢路口(南側),20,15,5,2026-08-21 15:42:04,24.17864,120.60199,1,"13,2",2026-08-21 16:07:30.645343
500606186,YouBike2.0_東海大學_乳品小棧,西屯區,東海路51號(東北側),30,11,19,2026-08-21 15:28:03,24.1795,120.6062,1,"10,1",2026-08-21 16:07:30.645343
500606187,YouBike2.0_東海大學_管理學院,西屯區,管理學院停車場內(力行路側),23,7,16,2026-08-21 16:06:03,24.18298,120.61223,1,"7,0",2026-08-21 16:07:30.645343
500606188,YouBike2.0_東海大學_二校宿舍,西屯區,力行路/湖東路(東北側),25,5,20,2026-08-21 15:36:03,24.17986,120.61161,1,"5,0",2026-08-21 16:07:30.645343
500606189,YouBike2.0_東海大學_鹿舍食加廠,西屯區,力行路停車場內(西北側),25,10,15,2026-08-21 13:45:02,24.18239,120.60984,1,"10,0",2026-08-21 16:07:30.645343
500606190,YouBike2.0_臺中都會公園,西屯區,都會園路/都會園路1215巷口(東北側),15,2,13,2026-08-21 16:02:02,24.20761,120.59945,1,"1,1",2026-08-21 16:07:30.645343
500606191,YouBike2.0_安和協和南巷口,西屯區,安和路/協和南巷口(西南側),15,6,9,2026-08-21 15:13:02,24.16372,120.61829,1,"6,0",2026-08-21 16:07:30.645343
500606192,YouBike2.0_福星路654巷口,西屯區,福星路/福星路654巷口(東南側),14,2,12,2026-08-21 16:06:03,24.17347,120.64872,1,"1,1",2026-08-21 16:07:30.645343
500606193,YouBike2.0_廣福路橋下籃球場,西屯區,中科路/廣福路156巷口(西北側),12,3,9,2026-08-21 15:51:02,24.20056,120.647,1,"3,0",2026-08-21 16:07:30.645343
500606195,YouBike2.0_協和國小,西屯區,安和路99號(西南側),13,6,7,2026-08-21 15:29:03,24.16944,120.61963,1,"6,0",2026-08-21 16:07:30.645343
500606196,YouBike2.0_大鵬公園,西屯區,長安路二段71巷/長安路二段71巷5弄口(西北側),15,2,13,2026-08-21 15:58:02,24.17367,120.66308,1,"1,1",2026-08-21 16:07:30.645343
500606197,YouBike2.0_銀聯三村停車場,西屯區,何安二巷16號(東側),15,6,9,2026-08-21 15:31:04,24.16597,120.65775,1,"5,1",2026-08-21 16:07:30.645343
500606198,YouBike2.0_福雅福雅路252巷口,西屯區,福雅路/福雅路252巷口(西南側),16,3,13,2026-08-21 14:47:04,24.19079,120.621627,1,"3,0",2026-08-21 16:07:30.645343
500606199,YouBike2.0_協仁虹揚橋口,西屯區,協仁街/虹揚橋口(東北側),15,13,2,2026-08-21 16:05:02,24.173422,120.624911,1,"13,0",2026-08-21 16:07:30.645343
500606200,YouBike2.0_漢口國中(忠義街),西屯區,忠義街/大有街口(西北側),18,0,18,2026-08-21 15:41:19,24.161846,120.65856,1,"0,0",2026-08-21 16:07:30.645343
500606201,YouBike2.0_上安路青海南街口,西屯區,青海南街191號旁,16,3,13,2026-08-21 14:33:05,24.17435,120.63498,1,"2,1",2026-08-21 16:07:30.645343
500606203,YouBike2.0_福壽兒童公園,西屯區,甘州街19號對側,18,0,18,2026-08-21 16:06:19,24.16434,120.65634,1,"0,0",2026-08-21 16:07:30.645343
500606204,YouBike2.0_臺灣大道新興路口,西屯區,臺灣大道四段2147號,46,12,34,2026-08-21 16:03:03,24.18262,120.59347,1,"12,0",2026-08-21 16:07:30.645343
500606205,YouBike2.0_漢翔黎明路口(東北側),西屯區,漢翔路/黎明路三段口(東北側),11,2,9,2026-08-21 15:11:03,24.185216,120.640276,1,"2,0",2026-08-21 16:07:30.645343
500606206,YouBike2.0_大容東大墩十九街口,西屯區,大容東街182號(對側人行道),17,5,12,2026-08-21 15:44:02,24.15929,120.65044,1,"5,0",2026-08-21 16:07:30.645343
500606207,YouBike2.0_大墩公園,西屯區,大墩十九街193號對側,17,13,4,2026-08-21 15:58:02,24.15858,120.6515,1,"13,0",2026-08-21 16:07:30.645343
500606208,YouBike2.0_環中臺灣大道四段三巷口,西屯區,環中路三段/臺灣大道四段三巷口,15,9,6,2026-08-21 08:07:02,24.17242,120.63284,1,"9,0",2026-08-21 16:07:30.645343
500606209,YouBike2.0_福雅安林路口,西屯區,福雅路/安林路口,10,3,7,2026-08-21 15:54:03,24.19447,120.62412,1,"3,0",2026-08-21 16:07:30.645343
500606210,YouBike2.0_大漁池文化公園,西屯區,烈美街57號對側,16,4,12,2026-08-21 15:56:03,24.17879,120.64213,1,"4,0",2026-08-21 16:07:30.645343
500606211,YouBike2.0_臺灣大道福聯街口,西屯區,臺灣大道四段1448號,11,7,4,2026-08-21 16:02:02,24.18425,120.60806,1,"7,0",2026-08-21 16:07:30.645343
500606212,YouBike2.0_福科玉門路口,西屯區,福科路/玉門路口(東北側),23,6,17,2026-08-21 16:03:03,24.187196,120.610396,1,"6,0",2026-08-21 16:07:30.645343
500606213,YouBike2.0_大安公園,西屯區,大安街43號對側,21,4,16,2026-08-21 16:04:03,24.15803,120.65431,1,"4,0",2026-08-21 16:07:30.645343
500606214,YouBike2.0_大聖公園,西屯區,大聖街509號,10,1,9,2026-08-21 15:55:04,24.15866,120.65292,1,"1,0",2026-08-21 16:07:30.645343
500606215,YouBike2.0_何仁里活動中心(洛陽公園),西屯區,洛陽路125巷21號,17,3,14,2026-08-21 15:39:04,24.16827,120.65107,1,"3,0",2026-08-21 16:07:30.645343
500606216,YouBike2.0_大容東大墩十八街口,西屯區,大容東街/大墩十八街口,15,6,9,2026-08-21 16:04:03,24.15751,120.64833,1,"6,0",2026-08-21 16:07:30.645343
500606217,YouBike2.0_僑光科技大學,西屯區,福星北路194-1號,43,1,41,2026-08-21 16:06:03,24.18726,120.64393,1,"1,0",2026-08-21 16:07:30.645343
500606218,YouBike2.0_CBD時代廣場,西屯區,朝富路213號,12,8,4,2026-08-21 15:46:03,24.16265,120.63525,1,"8,0",2026-08-21 16:07:30.645343
500606219,YouBike2.0_逢甲大學體育館,西屯區,西安街279號(對側人行道),58,11,47,2026-08-21 15:24:04,24.18189,120.64869,1,"11,0",2026-08-21 16:07:30.645343
500606220,YouBike2.0_臺中綠美圖,西屯區,中科路/黎明路三段口,50,10,40,2026-08-21 16:04:03,24.19406,120.65419,1,"10,0",2026-08-21 16:07:30.645343
500606221,YouBike2.0_水堀頭黃昏市場,西屯區,福雅路/西屯路三段口(東北側),18,0,18,2026-08-21 15:52:19,24.187894,120.620564,1,"0,0",2026-08-21 16:07:30.645343
500606222,YouBike2.0_洛陽青海路口,西屯區,青海路二段41號(東南側),20,5,15,2026-08-21 16:04:03,24.1663,120.65055,1,"5,0",2026-08-21 16:07:30.645343
500606223,YouBike2.0_大聖大墩二十街口,西屯區,大聖街/大墩二十街口(西南側),11,2,9,2026-08-21 16:01:03,24.15915,120.6532,1,"2,0",2026-08-21 16:07:30.645343
500606224,YouBike2.0_臺灣大道二段777巷口,西屯區,臺灣大道二段/臺灣大道二段777巷口,17,2,15,2026-08-21 16:06:04,24.15996,120.65416,1,"2,0",2026-08-21 16:07:30.645343
500606226,YouBike2.0_逢甲福星路口(二),西屯區,逢甲路/福星路口(西南側),60,10,50,2026-08-21 15:58:02,24.17864,120.64464,1,"10,0",2026-08-21 16:07:30.645343
500606227,YouBike2.0_臺中流行影音中心,西屯區,經貿路一段299號,33,5,28,2026-08-21 14:26:03,24.18150,120.65804,1,"5,0",2026-08-21 16:07:30.645343
500606228,YouBike2.0_水湳轉運中心(經貿路),西屯區,經貿路二段/經貿九路口,50,2,48,2026-08-21 15:47:04,24.19646,120.65449,1,"2,0",2026-08-21 16:07:30.645343
500606230,YouBike2.0_臺灣大道太原路口,西屯區,臺灣大道二段622號,21,2,19,2026-08-21 16:03:03,24.15859,120.65734,1,"2,0",2026-08-21 16:07:30.645343
500606231,YouBike2.0_永安國小(福祥街),西屯區,福祥街/西屯路三段口,18,6,12,2026-08-21 15:26:02,24.18515,120.62383,1,"6,0",2026-08-21 16:07:30.645343
500606232,YouBike2.0_臺灣大道黎明路口,西屯區,臺灣大道三段/黎明路三段口,27,12,15,2026-08-21 15:36:03,24.17085,120.63687,1,"12,0",2026-08-21 16:07:30.645343
500606233,YouBike2.0_福上新城,西屯區,莒光三巷/福上巷口(南側),19,5,14,2026-08-21 15:46:03,24.17539,120.66029,1,"4,1",2026-08-21 16:07:30.645343
500606235,YouBike2.0_水湳轉運中心(中科路),西屯區,中科路/經貿九路口,50,5,44,2026-08-21 14:41:03,24.19600,120.65327,1,"5,0",2026-08-21 16:07:30.645343
500607001,YouBike2.0_捷運水安宮站,南屯區,文心路一段/水安街口(北側),37,20,17,2026-08-21 16:06:03,24.15324,120.64652,1,"20,0",2026-08-21 16:07:30.645343
500607002,YouBike2.0_楓安公園,南屯區,楓和路/永春東二路(東南側),15,7,8,2026-08-21 15:57:03,24.11755,120.63062,1,"7,0",2026-08-21 16:07:30.645343
500607003,YouBike2.0_公益黎明路口(西南側),南屯區,公益路二段/黎明路二段口(西南側),19,1,18,2026-08-21 15:46:03,24.15108,120.63510,1,"1,0",2026-08-21 16:07:30.645343
500607004,YouBike2.0_公益永春東七路口(東南側),南屯區,公益路二段/永春東七路口(東南側),15,2,13,2026-08-21 16:03:19,24.15092,120.63357,1,"2,0",2026-08-21 16:07:30.645343
500607005,YouBike2.0_公益河南路口(東南側),南屯區,公益路二段497號前,18,5,13,2026-08-21 16:01:03,24.15133,120.63752,1,"4,1",2026-08-21 16:07:30.645343
500607006,YouBike2.0_惠智公園,南屯區,大墩十一街510巷2號(對側人行道),17,1,16,2026-08-21 16:02:18,24.14919,120.63918,1,"1,0",2026-08-21 16:07:30.645343
500607007,YouBike2.0_公益大進街口(東北側),南屯區,公益路二段42號(旁人行道),14,9,5,2026-08-21 16:00:03,24.15102,120.65150,1,"9,0",2026-08-21 16:07:30.645343
500607008,YouBike2.0_文心公益路口(東南側),南屯區,文心路一段430號,24,4,20,2026-08-21 15:56:03,24.15068,120.64692,1,"4,0",2026-08-21 16:07:30.645343
500607009,YouBike2.0_黎明大業路口,南屯區,黎明路二段497號,19,13,6,2026-08-21 16:04:03,24.15357,120.63477,1,"13,0",2026-08-21 16:07:30.645343
500607010,YouBike2.0_文心南文心南七路口(西南側),南屯區,文心南路/文心南七路口(西南側),22,4,18,2026-08-21 16:00:03,24.12946,120.64628,1,"4,0",2026-08-21 16:07:30.645343
500607011,YouBike2.0_豐樂雕塑公園(永春東一路),南屯區,永春東一路/豐功路口(東南側),20,5,15,2026-08-21 15:16:03,24.13071,120.64140,1,"5,0",2026-08-21 16:07:30.645343
500607012,YouBike2.0_大進公園,南屯區,東興路二段81號,30,5,25,2026-08-21 16:06:03,24.13885,120.65283,1,"4,1",2026-08-21 16:07:30.645343
500607013,YouBike2.0_正心兒童公園(大墩南路),南屯區,大墩南路/文心南二路(東南側),25,13,11,2026-08-21 16:02:02,24.13578,120.65008,1,"13,0",2026-08-21 16:07:30.645343
500607014,YouBike2.0_捷運南屯站,南屯區,五權西路二段328號,20,0,0,2026-07-12 00:01:03,24.14017,120.64704,0,"0,0",2026-08-21 16:07:30.645343
500607015,YouBike2.0_南屯國民運動中心,南屯區,黎明路一段998號,13,11,2,2026-08-21 16:06:03,24.13798,120.63752,1,"9,2",2026-08-21 16:07:30.645343
500607016,YouBike2.0_文心森林公園(文心路),南屯區,文心路一段/向上路二段口(西南側),71,23,48,2026-08-21 16:01:03,24.14664,120.64651,1,"23,0",2026-08-21 16:07:30.645343
500607017,YouBike2.0_惠義公園,南屯區,大墩十二街361號,14,5,9,2026-08-21 16:04:03,24.1498,120.64541,1,"5,0",2026-08-21 16:07:30.645343
500607018,YouBike2.0_惠文高中(公益路),南屯區,公益路二段/惠中路三段口(西北側),32,0,32,2026-08-21 15:52:19,24.15138,120.64039,1,"0,0",2026-08-21 16:07:30.645343
500607019,YouBike2.0_惠文高中(大業路),南屯區,大業路/惠中路二段(西南側),65,2,63,2026-08-21 15:39:04,24.15364,120.63993,1,"2,0",2026-08-21 16:07:30.645343
500607020,YouBike2.0_南苑公園(文心南五路),南屯區,文心南五路一段283號(對側人行道),66,8,57,2026-08-21 16:00:03,24.13211,120.64761,1,"8,0",2026-08-21 16:07:30.645343
500607021,YouBike2.0_文心森林公園(惠文路),南屯區,惠文路361號對側,25,17,8,2026-08-21 16:01:03,24.14429,120.64329,1,"17,0",2026-08-21 16:07:30.645343
500607022,YouBike2.0_豐富公園(東興三民西路口),南屯區,東興路一段/三民西路口(東北側),15,11,4,2026-08-21 16:01:03,24.12898,120.65335,1,"11,0",2026-08-21 16:07:30.645343
500607023,YouBike2.0_萬和國中(文心南三路),南屯區,文心南三路843號(對側人行道),34,6,28,2026-08-21 15:58:02,24.1336,120.6397,1,"6,0",2026-08-21 16:07:30.645343
500607024,YouBike2.0_豐樂雕塑公園(向心南路),南屯區,向心南路/文心南五路一段口(西南側),44,5,39,2026-08-21 16:01:03,24.13189,120.64384,1,"5,0",2026-08-21 16:07:30.645343
500607025,YouBike2.0_向心南文心南七路口,南屯區,向心南路/文心南七路口(西南側),15,11,4,2026-08-21 15:51:02,24.12939,120.64389,1,"11,0",2026-08-21 16:07:30.645343
500607026,YouBike2.0_文心南九向心南路口,南屯區,文心南九路/向心南路口(兩側人行道),13,5,8,2026-08-21 16:05:02,24.12784,120.64366,1,"5,0",2026-08-21 16:07:30.645343
500607027,YouBike2.0_文心南六文心南六路171巷口,南屯區,文心南六路/文心南六路171巷口(西北側),32,5,26,2026-08-21 15:55:04,24.1308,120.64913,1,"5,0",2026-08-21 16:07:30.645343
500607028,YouBike2.0_文心南五大墩南路口(西南側),南屯區,文心南五路/大墩南路口(西南側),14,7,7,2026-08-21 16:05:02,24.13191,120.64967,1,"5,2",2026-08-21 16:07:30.645343
500607029,YouBike2.0_永春國小(永春東路360巷),南屯區,永春東路/永春東路360巷口(東北側),10,2,8,2026-08-21 16:06:03,24.13488,120.64733,1,"2,0",2026-08-21 16:07:30.645343
500607030,YouBike2.0_臺中特殊教育學校,南屯區,大觀路/公益路二段口(西南側),50,6,44,2026-08-21 15:46:03,24.15139,120.6426,1,"6,0",2026-08-21 16:07:30.645343
500607031,YouBike2.0_鎮平公園(楓樹西街366巷),南屯區,楓樹西街366巷/黎明路一段口(東側人行道),22,2,20,2026-08-21 15:58:02,24.12057,120.62915,1,"2,0",2026-08-21 16:07:30.645343
500607032,YouBike2.0_南屯公園(大墩七街),南屯區,大墩七街/惠中路三段口(西南側),55,9,46,2026-08-21 16:03:03,24.1442369,120.6401852,1,"9,0",2026-08-21 16:07:30.645343
500607033,YouBike2.0_旌旗教會,南屯區,文心南五路三段160號,16,5,11,2026-08-21 15:53:03,24.1442996,120.6309,1,"5,0",2026-08-21 16:07:30.645343
500607034,YouBike2.0_佛教正德醫院,南屯區,文心南五路三段100號,15,1,14,2026-08-21 15:58:02,24.1429027,120.6308554,1,"1,0",2026-08-21 16:07:30.645343
500607035,YouBike2.0_三塊厝公有停車場,南屯區,大墩十一街/江和街口(西南側),15,6,9,2026-08-21 15:39:04,24.148109,120.632465,1,"6,0",2026-08-21 16:07:30.645343
500607036,YouBike2.0_黎明公園,南屯區,懷德街/干城街口(西南側),18,2,16,2026-08-21 16:05:02,24.15529,120.629923,1,"2,0",2026-08-21 16:07:30.645343
500607037,YouBike2.0_兒三公園,南屯區,大同十街/大同九街口(西北側),8,6,2,2026-08-21 16:01:03,24.112997,120.627915,1,"5,1",2026-08-21 16:07:30.645343
500607038,YouBike2.0_鄰公七公園,南屯區,大同九街/大同十街口(東南側),10,6,4,2026-08-21 16:03:03,24.112579,120.628574,1,"6,0",2026-08-21 16:07:30.645343
500607039,YouBike2.0_楓香公園(楓樹南街),南屯區,楓樹南街243號(對側人行道),26,1,25,2026-08-21 16:04:03,24.11569,120.6289,1,"1,0",2026-08-21 16:07:30.645343
500607040,YouBike2.0_文昌兒童公園,南屯區,文昌街/文昌街225巷口(東南側),17,5,10,2026-08-21 16:01:03,24.138501,120.63583,1,"5,0",2026-08-21 16:07:30.645343
500607041,YouBike2.0_田心公園,南屯區,惠弘街/惠德街口(西南側),17,3,14,2026-08-21 16:00:03,24.139972,120.642972,1,"3,0",2026-08-21 16:07:30.645343
500607043,YouBike2.0_文心森林公園(惠文向上路口),南屯區,惠文路/向上路二段口(東南側),20,12,8,2026-08-21 16:04:03,24.14675,120.643847,1,"12,0",2026-08-21 16:07:30.645343
500607044,YouBike2.0_豐功停車場,南屯區,文心南三路/向心南路口(東北側),12,1,11,2026-08-21 15:51:19,24.133454,120.644307,1,"1,0",2026-08-21 16:07:30.645343
500607045,YouBike2.0_黎明國中,南屯區,黎明路二段658號前,50,9,41,2026-08-21 15:51:02,24.15649,120.63439,1,"9,0",2026-08-21 16:07:30.645343
500607046,YouBike2.0_向心兒童公園,南屯區,文心南二路/向心南路口(東南側),46,4,42,2026-08-21 16:06:03,24.13593,120.64462,1,"4,0",2026-08-21 16:07:30.645343
500607047,YouBike2.0_大興公園,南屯區,南屯路二段/精誠南路口(西南側),32,2,30,2026-08-21 16:00:03,24.13526,120.65436,1,"2,0",2026-08-21 16:07:30.645343
500607048,YouBike2.0_五權西文心路口,南屯區,五權西路二段/文心路一段路口(東南側),42,26,15,2026-08-21 16:06:03,24.13993,120.64688,1,"14,12",2026-08-21 16:07:30.645343
500607049,YouBike2.0_大業公園,南屯區,大業路/大進街口(西北側),38,1,37,2026-08-21 15:58:02,24.15369,120.65128,1,"1,0",2026-08-21 16:07:30.645343
500607050,YouBike2.0_公益大英街口,南屯區,公益路二段131號前,34,5,29,2026-08-21 16:06:03,24.15081,120.64848,1,"5,0",2026-08-21 16:07:30.645343
500607051,YouBike2.0_公益惠文路口,南屯區,公益路二段/惠文路口(東南側),15,0,15,2026-08-21 16:00:19,24.150873,120.644278,1,"0,0",2026-08-21 16:07:30.645343
500607052,YouBike2.0_禮惠公園(大墩六街),南屯區,大墩六街/大墩六街350巷口(西南側),14,5,9,2026-08-21 15:52:04,24.14282,120.644419,1,"5,0",2026-08-21 16:07:30.645343
500607053,YouBike2.0_豐富公園,南屯區,東興路一段/文心南五路一段口(東南側),19,4,15,2026-08-21 16:03:03,24.13166,120.65325,1,"4,0",2026-08-21 16:07:30.645343
500607054,YouBike2.0_萬和宮,南屯區,萬和路一段/文昌街口(西側),40,0,40,2026-08-21 15:44:16,24.1377,120.639,1,"0,0",2026-08-21 16:07:30.645343
500607055,YouBike2.0_黎光公園,南屯區,干城街/懷德街口(南側),34,1,33,2026-08-21 15:51:02,24.15187,120.63052,1,"1,0",2026-08-21 16:07:30.645343
500607056,YouBike2.0_保安公園,南屯區,文山五街/保安五街口（西北側）,48,11,36,2026-08-21 16:06:03,24.14725,120.6122,1,"11,0",2026-08-21 16:07:30.645343
500607057,YouBike2.0_春社公園,南屯區,永春路/嶺東路80巷口(東南側),36,10,26,2026-08-21 16:03:03,24.14051,120.61049,1,"10,0",2026-08-21 16:07:30.645343
500607058,YouBike2.0_南屯區公所,南屯區,永春東路679號前,32,6,26,2026-08-21 16:01:03,24.13467,120.64454,1,"6,0",2026-08-21 16:07:30.645343
500607059,YouBike2.0_犁頭店公園,南屯區,惠中路三段/大墩四街口(西南側),40,6,34,2026-08-21 16:01:03,24.14234,120.64057,1,"5,1",2026-08-21 16:07:30.645343
500607060,YouBike2.0_春安國小,南屯區,春安路/春安一街口(西北側),10,5,5,2026-08-21 15:33:03,24.13454,120.60872,1,"5,0",2026-08-21 16:07:30.645343
500607061,YouBike2.0_水安公園,南屯區,文心路一段/大業路口(西北側),50,24,26,2026-08-21 15:56:03,24.15393,120.64658,1,"24,0",2026-08-21 16:07:30.645343
500607062,YouBike2.0_南屯親子館/環保局環境檢驗科,南屯區,南屯路二段409號前,19,4,15,2026-08-21 16:01:03,24.13832,120.64284,1,"3,1",2026-08-21 16:07:30.645343
500607063,YouBike2.0_南屯區福德公園,南屯區,干城街/干城街202巷口(西南側),13,3,10,2026-08-21 15:54:02,24.152823,120.628839,1,"3,0",2026-08-21 16:07:30.645343
500607064,YouBike2.0_李科永紀念圖書館,南屯區,龍富路五段1號前,15,5,10,2026-08-21 16:06:03,24.151886,120.626384,1,"5,0",2026-08-21 16:07:30.645343
500607065,YouBike2.0_新富小公園,南屯區,新富路/龍富十五路口(西北側),15,2,13,2026-08-21 15:35:04,24.143118,120.624913,1,"2,0",2026-08-21 16:07:30.645343
500607066,YouBike2.0_臺中市環保局南屯清潔隊,南屯區,東興路一段/永春東路口(東南側),22,13,9,2026-08-21 15:59:03,24.134676,120.653126,1,"11,2",2026-08-21 16:07:30.645343
500607067,YouBike2.0_精密園區勞工聯合服務中心,南屯區,精科路26號前,15,9,6,2026-08-21 16:05:02,24.14768,120.60624,1,"9,0",2026-08-21 16:07:30.645343
500607068,YouBike2.0_精科公園(文山路),南屯區,文山路/保安八街口(北側),15,6,9,2026-08-21 14:28:02,24.14511,120.60833,1,"6,0",2026-08-21 16:07:30.645343
500607069,YouBike2.0_精科公園(文山三街),南屯區,文山三街/保安八街口(南側),15,12,3,2026-08-21 15:48:02,24.1463,120.60873,1,"12,0",2026-08-21 16:07:30.645343
500607070,YouBike2.0_文山公園,南屯區,文山九街78號(對側人行道),20,6,14,2026-08-21 15:57:03,24.15024,120.61408,1,"6,0",2026-08-21 16:07:30.645343
500607071,YouBike2.0_嶺東科技大學(春安校區),南屯區,嶺東路1號,33,8,25,2026-08-21 16:04:03,24.13821,120.6095,1,"8,0",2026-08-21 16:07:30.645343
500607072,YouBike2.0_嶺東科技大學(寶文校區),南屯區,中台路7號旁停車場內,30,26,4,2026-08-21 15:52:04,24.13564,120.60254,1,"25,1",2026-08-21 16:07:30.645343
500607073,YouBike2.0_精科五精科南路口,南屯區,精科五路/精科南路口,10,8,2,2026-08-21 13:33:03,24.14768,120.59485,1,"8,0",2026-08-21 16:07:30.645343
500607074,YouBike2.0_春安停車場,南屯區,春安三街/春安二街口(東北側),14,3,11,2026-08-21 15:23:02,24.13575,120.60751,1,"3,0",2026-08-21 16:07:30.645343
500607075,YouBike2.0_精科精科中路口,南屯區,精科路/精科中路口(西側),14,11,2,2026-08-21 14:03:03,24.14311,120.60079,1,"11,0",2026-08-21 16:07:30.645343
500607076,YouBike2.0_下牛埔仔公園,南屯區,南光路91巷/黎明路一段37巷口(西南側),15,2,13,2026-08-21 16:02:02,24.113641,120.622589,1,"2,0",2026-08-21 16:07:30.645343
500607077,YouBike2.0_壹善堂(旁公園),南屯區,忠勇路/忠勇路65巷口(南側),18,6,12,2026-08-21 16:01:03,24.14489,120.61471,1,"6,0",2026-08-21 16:07:30.645343
500607078,YouBike2.0_向上益豐路(東北側),南屯區,向上路三段/益豐路四段口(東北側),16,1,15,2026-08-21 15:53:17,24.1451,120.6286,1,"1,0",2026-08-21 16:07:30.645343
500607079,YouBike2.0_向上五權西路口,南屯區,五權西路二段/向上路三段口(西側),15,4,11,2026-08-21 15:02:02,24.145639,120.632052,1,"4,0",2026-08-21 16:07:30.645343
500607080,YouBike2.0_大墩十一大通街口,南屯區,大墩十一街/大通街口(東南側),14,7,7,2026-08-21 16:03:03,24.148685,120.641758,1,"7,0",2026-08-21 16:07:30.645343
500607081,YouBike2.0_文心森林公園(大墩七街),南屯區,大墩七街/文心路一段口(西北側),34,7,27,2026-08-21 16:06:03,24.143863,120.646447,1,"7,0",2026-08-21 16:07:30.645343
500607082,YouBike2.0_彩虹眷村,南屯區,春社西巷28號(對側停車場),17,7,10,2026-08-21 16:02:02,24.134417,120.610244,1,"7,0",2026-08-21 16:07:30.645343
500607083,YouBike2.0_臺中精密園區標準廠房,南屯區,精科南路/精科南一街口(西南側),12,10,2,2026-08-21 14:52:03,24.148632,120.587854,1,"10,0",2026-08-21 16:07:30.645343
500607084,YouBike2.0_三采公園,南屯區,永春東七路/大墩十二街口(東北側),11,1,10,2026-08-21 15:55:04,24.149881,120.633477,1,"1,0",2026-08-21 16:07:30.645343
500607085,YouBike2.0_南苑公園(文心南三路),南屯區,文心南三路/豐富路299巷口(西南側),15,4,11,2026-08-21 16:03:03,24.133297,120.647208,1,"4,0",2026-08-21 16:07:30.645343
500607086,YouBike2.0_益文二街永春路口,南屯區,益文二街/永春路口(西南側),10,3,7,2026-08-21 15:45:03,24.141176,120.632216,1,"3,0",2026-08-21 16:07:30.645343
500607087,YouBike2.0_大墩十二街公有停車場,南屯區,大墩十二街/益豐西街口(東南側),20,3,17,2026-08-21 15:58:02,24.14949,120.62763,1,"3,0",2026-08-21 16:07:30.645343
500607090,YouBike2.0_懷德街籃球場,南屯區,懷德街/干城街116巷3弄口(東北側),15,5,10,2026-08-21 16:03:03,24.15662,120.63013,1,"5,0",2026-08-21 16:07:30.645343
500607091,YouBike2.0_博愛街大業路口(西南側),南屯區,博愛街/大業路口(西南側),20,0,20,2026-08-21 16:04:21,24.15331,120.63184,1,"0,0",2026-08-21 16:07:30.645343
500607092,YouBike2.0_干城街115巷3弄口,南屯區,博愛街/干城街115巷3弄口,20,6,14,2026-08-21 16:06:03,24.15466,120.63157,1,"6,0",2026-08-21 16:07:30.645343
500607093,YouBike2.0_新富二街公園,南屯區,新富二街63號(東南側),11,6,5,2026-08-21 15:31:04,24.13744,120.62686,1,"6,0",2026-08-21 16:07:30.645343
500607094,YouBike2.0_豐富公園(精誠南文心南五路口),南屯區,精誠南路/文心南五路口(西南側),15,4,11,2026-08-21 15:54:02,24.1319,120.6545,1,"4,0",2026-08-21 16:07:30.645343
500607095,YouBike2.0_文心南九永春東一路口,南屯區,文心南九路/永春東一路口(東南側),15,4,11,2026-08-21 15:59:03,24.12823,120.64139,1,"4,0",2026-08-21 16:07:30.645343
500607096,YouBike2.0_黎新公園(龍富二十路),南屯區,龍富二十路/龍德路二段口(東南側),12,4,8,2026-08-21 15:26:02,24.15443,120.62544,1,"4,0",2026-08-21 16:07:30.645343
500607097,YouBike2.0_筏子溪門戶迎賓水岸廊道(南端),南屯區,筏子東街一段59號(西南端),14,4,10,2026-08-21 15:13:02,24.12364,120.61912,1,"4,0",2026-08-21 16:07:30.645343
500607098,YouBike2.0_向上環中路口(東北側),南屯區,向上路三段/環中路四段口(東北側),13,7,6,2026-08-21 14:20:05,24.14524,120.62375,1,"7,0",2026-08-21 16:07:30.645343
500607099,YouBike2.0_龍富十七文心南五路口,南屯區,文心南五路三段239號(對側),12,3,9,2026-08-21 15:45:03,24.14563,120.63066,1,"3,0",2026-08-21 16:07:30.645343
500607100,YouBike2.0_五權西文心南五路口,南屯區,五權西路二段/文心南五路三段口,11,1,10,2026-08-20 20:50:03,24.14637,120.63093,1,"1,0",2026-08-21 16:07:30.645343
500607102,YouBike2.0_永春新富路口(南側),南屯區,永春路/新富路口(南側),11,3,8,2026-08-21 13:46:02,24.14059,120.62495,1,"3,0",2026-08-21 16:07:30.645343
500607103,YouBike2.0_臺中魚市場,南屯區,環中路四段2號前,27,6,21,2026-08-21 16:02:02,24.14817,120.62301,1,"6,0",2026-08-21 16:07:30.645343
500607104,YouBike2.0_寶山里活動中心(西側),南屯區,忠勇路127-20號(西北側),26,4,22,2026-08-21 15:58:02,24.156012,120.616874,1,"4,0",2026-08-21 16:07:30.645343
500607105,YouBike2.0_永春東三永順路口,南屯區,永春東三路/永順路口(南側),15,2,13,2026-08-21 16:03:03,24.13021,120.63704,1,"2,0",2026-08-21 16:07:30.645343
500607107,YouBike2.0_高鐵新市鎮生態公園(龍富九路),南屯區,龍富九路/龍富路三段口(東南側),14,5,9,2026-08-21 10:21:03,24.134995,120.626869,1,"5,0",2026-08-21 16:07:30.645343
500607108,YouBike2.0_高鐵新市鎮生態公園(龍富七路),南屯區,龍富七路/龍富路三段口(東北側),15,7,8,2026-08-21 15:50:04,24.1323,120.62885,1,"7,0",2026-08-21 16:07:30.645343
500607109,YouBike2.0_五權西南屯路二段870巷口(西南側),南屯區,五權西路二段/南屯路二段870巷口(西南側),14,6,8,2026-08-21 15:52:04,24.14337,120.63539,1,"5,1",2026-08-21 16:07:30.645343
500607110,YouBike2.0_五權西三厝街口(西北側),南屯區,五權西路二段/三厝街口(西北側),11,3,8,2026-08-21 15:35:04,24.14349,120.63565,1,"3,0",2026-08-21 16:07:30.645343
500607111,YouBike2.0_五權西南屯路二段870巷口(東南側),南屯區,五權西路二段/南屯路二段870巷口(東南側),11,4,7,2026-08-21 15:39:04,24.1429,120.63607,1,"4,0",2026-08-21 16:07:30.645343
500607112,YouBike2.0_黎新公園(龍富路),南屯區,龍富路五段25號(前),15,9,6,2026-08-21 15:52:04,24.15302,120.6268,1,"9,0",2026-08-21 16:07:30.645343
500607113,YouBike2.0_三義兒童公園,南屯區,河南路四段150-2號,14,1,13,2026-08-21 15:17:18,24.1567,120.63594,1,"1,0",2026-08-21 16:07:30.645343
500607115,YouBike2.0_大墩路大墩十一街口(西北側),南屯區,大墩路531號、大墩路533號前人行道,16,2,14,2026-08-21 15:53:03,24.14895,120.64974,1,"2,0",2026-08-21 16:07:30.645343
500607116,YouBike2.0_筏子東街永春路口(西南側),南屯區,筏子東街一段/永春路口(西南側),15,4,11,2026-08-21 11:09:02,24.139598,120.620656,1,"4,0",2026-08-21 16:07:30.645343
500607117,YouBike2.0_環中路新民巷口,南屯區,環中路四段/新民巷口(西北側),13,5,8,2026-08-21 14:23:03,24.12956,120.6271,1,"5,0",2026-08-21 16:07:30.645343
500607118,YouBike2.0_環中永春東三路口,南屯區,環中路五段/永春東三路口(西北側),15,4,11,2026-08-21 13:46:03,24.12425,120.63252,1,"4,0",2026-08-21 16:07:30.645343
500607119,YouBike2.0_大進停車場,南屯區,大墩路/大墩五街(東北側)、大墩五街/大進西街(西北側),16,9,7,2026-08-21 15:59:03,24.1419,120.65004,1,"9,0",2026-08-21 16:07:30.645343
500607120,YouBike2.0_永春東二楓平路口,南屯區,永春東二路/楓平路口(西南側),15,6,9,2026-08-21 15:34:02,24.12109,120.63133,1,"6,0",2026-08-21 16:07:30.645343
500607121,YouBike2.0_黎明路三和街口(東南側),南屯區,黎明路二段68號前,13,1,12,2026-08-21 16:05:02,24.144268,120.637196,1,"1,0",2026-08-21 16:07:30.645343
500607122,YouBike2.0_惠中網球場,南屯區,大墩十街/大正街口(東南側),35,4,31,2026-08-21 15:58:02,24.147691,120.645817,1,"4,0",2026-08-21 16:07:30.645343
500607123,YouBike2.0_文心路大墩十一街口(東南側),南屯區,文心路一段/大墩十一街口(東南側),18,4,14,2026-08-21 16:06:03,24.14819,120.64688,1,"4,0",2026-08-21 16:07:30.645343
500607124,YouBike2.0_中和公園,南屯區,中和北一巷2弄17號,20,3,17,2026-08-21 16:03:03,24.11929,120.62734,1,"2,1",2026-08-21 16:07:30.645343
500607125,YouBike2.0_筏子溪門戶迎賓水岸廊道,南屯區,筏子東街一段/東西向快速公路下,15,3,12,2026-08-21 14:26:03,24.119832,120.619429,1,"3,0",2026-08-21 16:07:30.645343
500607126,YouBike2.0_向上五權西路口(北側),南屯區,向上路三段/五權西路二段口(北側),15,12,3,2026-08-21 15:55:04,24.14571,120.63261,1,"12,0",2026-08-21 16:07:30.645343
500607127,YouBike2.0_益豐龍富十五路口,南屯區,益豐路/龍富十五路(東南側),15,4,11,2026-08-21 15:44:02,24.142664,120.62855,1,"4,0",2026-08-21 16:07:30.645343
500607128,YouBike2.0_永順黎明路口,南屯區,永順路/黎明路一段口(西北側),32,5,27,2026-08-21 15:46:03,24.13174,120.63502,1,"5,0",2026-08-21 16:07:30.645343
500607129,YouBike2.0_環中三民西路口(東側),南屯區,環中路五段/三民西路二段口(東側),15,6,9,2026-08-21 15:58:02,24.11964,120.63798,1,"6,0",2026-08-21 16:07:30.645343
500607130,YouBike2.0_樂田公園,南屯區,龍富路二段/龍富三街口,15,5,10,2026-08-21 15:40:03,24.12076,120.6398,1,"4,1",2026-08-21 16:07:30.645343
500607131,YouBike2.0_南屯筏子溪堤頂,南屯區,筏子東街二段/五權西路口(西南側),15,7,8,2026-08-20 18:38:04,24.148979,120.621586,1,"7,0",2026-08-21 16:07:30.645343
500607133,YouBike2.0_寶山東二街忠勇路口,南屯區,寶山東二街/忠勇路口,20,1,19,2026-08-21 16:05:03,24.15265,120.61642,1,"1,0",2026-08-21 16:07:30.645343
500607134,YouBike2.0_永春東三楓樹西街336巷口,南屯區,永春東三路/楓樹西街336巷口,20,0,20,2026-08-21 16:05:17,24.11953,120.63116,1,"0,0",2026-08-21 16:07:30.645343
500607135,YouBike2.0_惠中向上路口,南屯區,惠中路三段/向上路二段口,30,2,28,2026-08-21 15:50:04,24.14651,120.64082,1,"2,0",2026-08-21 16:07:30.645343
500607136,YouBike2.0_文山停車場,南屯區,文山六街/嶺東路口(西南側),30,2,28,2026-08-21 15:26:02,24.14898,120.61171,1,"2,0",2026-08-21 16:07:30.645343
500608001,YouBike2.0_捷運舊社站,北屯區,松竹路一段/敦富路(西北側),25,3,22,2026-08-21 15:57:03,24.18246,120.70738,1,"3,0",2026-08-21 16:07:30.645343
500608002,YouBike2.0_捷運四維國小站,北屯區,文心路四段/ 天津路四段口(西南側),45,23,22,2026-08-21 15:52:04,24.17111,120.69300,1,"20,3",2026-08-21 16:07:30.645343
500608003,YouBike2.0_松榮平面停車場,北屯區,松竹路一段797號旁,15,1,14,2026-08-21 15:59:18,24.18218,120.71756,1,"1,0",2026-08-21 16:07:30.645343
500608004,YouBike2.0_捷運北屯總站,北屯區,敦富東街100號(北側人行道),42,28,14,2026-08-21 16:06:03,24.18912,120.70828,1,"28,0",2026-08-21 16:07:30.645343
500608005,YouBike2.0_景美公園(軍福十八路),北屯區,軍福十八路328號(對側人行道),45,0,45,2026-08-21 14:54:16,24.17816,120.71083,1,"0,0",2026-08-21 16:07:30.645343
500608006,YouBike2.0_北屯兒童公園棒球場,北屯區,文昌東十二街/北屯路291巷口(西南側),20,0,20,2026-07-12 00:01:03,24.16792,120.69507,0,"0,0",2026-08-21 16:07:30.645343
500608007,YouBike2.0_文心昌平路口,北屯區,文心路四段753號東側,21,10,11,2026-08-21 16:05:02,24.17167,120.69070,1,"10,0",2026-08-21 16:07:30.645343
500608009,YouBike2.0_文心崇德路口(西北側),北屯區,文心路四段603號前,12,1,11,2026-08-21 16:05:02,24.17231,120.68512,1,"0,1",2026-08-21 16:07:30.645343
500608010,YouBike2.0_水湳派出所,北屯區,中清路二段299號前,20,4,16,2026-08-21 16:06:03,24.17834,120.66837,1,"2,2",2026-08-21 16:07:30.645343
500608012,YouBike2.0_中國醫藥大學水湳校區,北屯區,大鵬路/信平路口(西北側),20,13,7,2026-08-21 16:01:03,24.17911,120.66178,1,"13,0",2026-08-21 16:07:30.645343
500608013,YouBike2.0_捷運文心崇德站,北屯區,文心路四段528號,20,0,20,2026-07-12 00:01:03,24.17173,120.68526,0,"0,0",2026-08-21 16:07:30.645343
500608014,YouBike2.0_捷運松竹站,北屯區,北屯路443號旁,55,22,33,2026-08-21 16:06:03,24.18109,120.70143,1,"17,5",2026-08-21 16:07:30.645343
500608015,YouBike2.0_清平公園,北屯區,四平路27號旁公園,16,3,13,2026-08-21 15:50:03,24.1780487,120.6701962,1,"3,0",2026-08-21 16:07:30.645343
500608016,YouBike2.0_天津停車場,北屯區,文昌東三街27號(對側人行道),15,5,10,2026-08-21 16:00:03,24.16989,120.68046,1,"5,0",2026-08-21 16:07:30.645343
500608017,YouBike2.0_太原車站,北屯區,東光路710號(對側人行道),98,20,78,2026-08-21 16:06:03,24.16529,120.70004,1,"20,0",2026-08-21 16:07:30.645343
500608018,YouBike2.0_松竹車站,北屯區,松竹路一段1473巷100號旁,80,34,45,2026-08-21 16:05:02,24.18004,120.70179,1,"34,0",2026-08-21 16:07:30.645343
500608019,YouBike2.0_籃球運動中心,北屯區,景賢路/景賢六路口,34,17,17,2026-08-21 16:03:03,24.16634,120.71188,1,"15,2",2026-08-21 16:07:30.645343
500608020,YouBike2.0_九甲公園,北屯區,遼寧路二段/松竹路二段160巷3弄口(西北側),21,1,20,2026-08-21 15:58:02,24.18433,120.69619,1,"1,0",2026-08-21 16:07:30.645343
500608021,YouBike2.0_文心山西路口(東北側),北屯區,文心路四段201號(旁人行道),13,4,9,2026-08-21 15:54:02,24.1735,120.67673,1,"4,0",2026-08-21 16:07:30.645343
500608022,YouBike2.0_仁愛公園,北屯區,平德路18巷33弄18號,30,27,3,2026-08-21 15:41:03,24.18162,120.6738,1,"27,0",2026-08-21 16:07:30.645343
500608023,YouBike2.0_陳平公園,北屯區,陳平路65巷4號(對側人行道),16,6,10,2026-08-21 16:01:03,24.18541,120.66741,1,"6,0",2026-08-21 16:07:30.645343
500608024,YouBike2.0_松勇公園,北屯區,松明街9巷12號,30,0,30,2026-08-21 16:02:18,24.18532,120.70163,1,"0,0",2026-08-21 16:07:30.645343
500608025,YouBike2.0_瀋陽公園,北屯區,瀋陽北路21號,29,2,10,2026-08-21 16:01:03,24.17654,120.6725,1,"2,0",2026-08-21 16:07:30.645343
500608026,YouBike2.0_旱溪西東山路一段146巷口,北屯區,東山路一段146-22號,17,4,13,2026-08-21 15:52:04,24.16903,120.70502,1,"3,1",2026-08-21 16:07:30.645343
500608027,YouBike2.0_民俗公園(大連路),北屯區,大連路二段215號(對側人行道),57,10,46,2026-08-21 16:06:03,24.17555,120.68799,1,"10,0",2026-08-21 16:07:30.645343
500608028,YouBike2.0_臺中地區農會北屯辦事處,北屯區,北屯路104號,13,4,9,2026-08-21 14:19:03,24.16367,120.69363,1,"3,1",2026-08-21 16:07:30.645343
500608029,YouBike2.0_南京東天祥街口,北屯區,南京東路/天祥街口(東北側),20,1,19,2026-08-21 16:05:17,24.16063,120.69911,1,"1,0",2026-08-21 16:07:30.645343
500608030,YouBike2.0_天祥停車場(天祥街13巷),北屯區,天祥街13巷/天祥街口(東北側),41,8,33,2026-08-21 16:03:03,24.16138,120.69467,1,"7,1",2026-08-21 16:07:30.645343
500608031,YouBike2.0_豐田公園(大連路),北屯區,大連路三段203號,45,13,32,2026-08-21 16:05:02,24.17424,120.69641,1,"13,0",2026-08-21 16:07:30.645343
500608032,YouBike2.0_松竹國小(崇德六路),北屯區,崇德六路一段207號(對側人行道),40,9,31,2026-08-21 16:06:03,24.18049,120.69022,1,"9,0",2026-08-21 16:07:30.645343
500608033,YouBike2.0_大買家北屯店,北屯區,北屯路370號,17,3,14,2026-08-21 16:06:03,24.17675,120.69984,1,"3,0",2026-08-21 16:07:30.645343
500608034,YouBike2.0_三光國中(三光北一街),北屯區,三光北一街100號(對側人行道),17,2,15,2026-08-21 16:04:21,24.16808,120.6984,1,"2,0",2026-08-21 16:07:30.645343
500608035,YouBike2.0_天闊民眾活動中心,北屯區,旱溪西路三段258巷/旱溪西路三段口(東北側),17,2,15,2026-08-21 15:41:03,24.17374,120.70745,1,"2,0",2026-08-21 16:07:30.645343
500608036,YouBike2.0_南興公園(南興東路),北屯區,南興東路/南興三路口(東北側),16,0,16,2026-08-21 16:05:17,24.1785,120.7059,1,"0,0",2026-08-21 16:07:30.645343
500608037,YouBike2.0_細廣兼停2停車場,北屯區,松竹路一段/南興園路口(西南側),15,8,6,2026-08-21 15:58:02,24.18208,120.70637,1,"8,0",2026-08-21 16:07:30.645343
500608038,YouBike2.0_軍功公園(松竹路),北屯區,松竹路一段/軍功路二段口(東南側),27,2,25,2026-08-21 16:03:03,24.18195,120.71978,1,"2,0",2026-08-21 16:07:30.645343
500608039,YouBike2.0_建功公園,北屯區,軍和街95巷91-3號旁公園,17,5,12,2026-08-21 16:04:03,24.17705,120.71742,1,"4,1",2026-08-21 16:07:30.645343
500608040,YouBike2.0_建功國小(軍和街),北屯區,軍和街43號,22,8,14,2026-08-21 16:04:03,24.17559,120.71567,1,"8,0",2026-08-21 16:07:30.645343
500608041,YouBike2.0_軍功國小(軍功路),北屯區,軍功路一段513號(對側人行道),38,5,33,2026-08-21 16:06:03,24.1732,120.71902,1,"5,0",2026-08-21 16:07:30.645343
500608042,YouBike2.0_松竹公園(崇德六路),北屯區,崇德六路/崇德五路146巷口(東南側),13,3,10,2026-08-21 16:06:03,24.18005,120.68758,1,"3,0",2026-08-21 16:07:30.645343
500608043,YouBike2.0_三分埔公園(崇德五路),北屯區,崇德五路/河北東街(西北側),39,0,37,2026-08-21 16:04:21,24.17921,120.68482,1,"0,0",2026-08-21 16:07:30.645343
500608044,YouBike2.0_臺中市極限運動場,北屯區,崇德八路一段/崇德路三段口(東南側),16,13,3,2026-08-21 15:50:04,24.18361,120.68643,1,"13,0",2026-08-21 16:07:30.645343
500608045,YouBike2.0_仁和公園(崇德九路),北屯區,崇德九路/崇德路三段口(東南側),21,6,15,2026-08-21 15:43:02,24.18684,120.68651,1,"6,0",2026-08-21 16:07:30.645343
500608046,YouBike2.0_仁和廣福公園,北屯區,四平路238巷388號(南側),14,5,9,2026-08-21 15:55:04,24.19033,120.68324,1,"5,0",2026-08-21 16:07:30.645343
500608047,YouBike2.0_仁美公園(崇德十二路),北屯區,崇德十二路431號(對側人行道),35,7,28,2026-08-21 16:01:03,24.19045,120.68567,1,"7,0",2026-08-21 16:07:30.645343
500608048,YouBike2.0_仁德停車場,北屯區,崇德十二路436號(對側人行道),17,8,9,2026-08-21 14:12:04,24.19043,120.68835,1,"7,1",2026-08-21 16:07:30.645343
500608049,YouBike2.0_823紀念公園(崇德九路),北屯區,崇德九路303號(對側人行道),12,7,5,2026-08-21 14:52:03,24.18691,120.68951,1,"7,0",2026-08-21 16:07:30.645343
500608050,YouBike2.0_文心崇德路口,北屯區,文心路四段/崇德路二段口(東南側),42,14,28,2026-08-21 16:05:02,24.17192,120.68567,1,"14,0",2026-08-21 16:07:30.645343
500608051,YouBike2.0_三甲公園(旱溪東路),北屯區,旱溪東路三段/景賢南一路口,45,14,31,2026-08-21 15:33:03,24.16629,120.70655,1,"14,0",2026-08-21 16:07:30.645343
500608052,YouBike2.0_新興國小(新興路7巷),北屯區,新興路20號(對側停車場),27,5,22,2026-08-21 15:35:04,24.19454,120.66211,1,"5,0",2026-08-21 16:07:30.645343
500608053,YouBike2.0_同順公園,北屯區,同榮路86號(對側人行道),13,8,5,2026-08-21 16:04:03,24.194,120.66082,1,"8,0",2026-08-21 16:07:30.645343
500608054,YouBike2.0_仁和公園(山西路),北屯區,山西路三段/崇德路三段口(東北側),18,1,17,2026-08-21 16:02:18,24.18557,120.68665,1,"1,0",2026-08-21 16:07:30.645343
500608056,YouBike2.0_四平公園,北屯區,后庄路1046巷/后庄路1068巷口(西北側),20,3,17,2026-08-21 15:25:02,24.19207,120.68019,1,"3,0",2026-08-21 16:07:30.645343
500608057,YouBike2.0_雷虎公園,北屯區,雷中街19巷34弄37號(對側公園),12,7,5,2026-08-21 15:30:03,24.18231,120.66735,1,"7,0",2026-08-21 16:07:30.645343
500608058,YouBike2.0_敦化公園(后庄七街),北屯區,后庄七街76號(對側人行道),40,6,34,2026-08-21 15:36:03,24.18865,120.66702,1,"6,0",2026-08-21 16:07:30.645343
500608059,YouBike2.0_中清經貿五路口,北屯區,中清路二段/經貿五路口(西南側),20,4,16,2026-08-21 15:54:02,24.191267,120.660662,1,"3,1",2026-08-21 16:07:30.645343
500608060,YouBike2.0_老樹公園(經貿一路),北屯區,經貿一路/順平路(西側),36,12,24,2026-08-21 15:49:02,24.182571,120.662381,1,"12,0",2026-08-21 16:07:30.645343
500608061,YouBike2.0_軍福公園(軍福十九路),北屯區,軍福十九路/松竹三路口(西南側),28,3,25,2026-08-21 15:42:04,24.18006,120.71534,1,"2,1",2026-08-21 16:07:30.645343
500608062,YouBike2.0_洲際棒球場(環中路),北屯區,環中路一段980號(對側人行道),45,7,38,2026-08-21 15:40:03,24.20077,120.68406,1,"7,0",2026-08-21 16:07:30.645343
500608063,YouBike2.0_洲際棒球場(崇德十九路),北屯區,崇德十九路/四平路口(東南側),35,5,30,2026-08-21 16:00:03,24.19795,120.68357,1,"5,0",2026-08-21 16:07:30.645343
500608064,YouBike2.0_崇德十四平路口,北屯區,崇德十路二段/四平路口(南側),15,3,12,2026-08-21 15:52:04,24.1888,120.68022,1,"3,0",2026-08-21 16:07:30.645343
500608065,YouBike2.0_后庄公園,北屯區,后庄三街 205 巷/庄美街(東南側),15,2,13,2026-08-21 15:57:03,24.19141,120.66219,1,"2,0",2026-08-21 16:07:30.645343
500608066,YouBike2.0_生態淨水體驗公園,北屯區,敦富路/南興北三路口(東側),13,0,13,2026-08-21 15:43:18,24.19735,120.70763,1,"0,0",2026-08-21 16:07:30.645343
500608067,YouBike2.0_綠空廊道(東山路),北屯區,東山路一段50之3號旁,15,1,14,2026-08-21 16:05:02,24.17002,120.70049,1,"1,0",2026-08-21 16:07:30.645343
500608068,YouBike2.0_大德公園,北屯區,平德路/平德路1巷口(西北側),24,5,19,2026-08-21 16:00:03,24.18161,120.67207,1,"4,1",2026-08-21 16:07:30.645343
500608069,YouBike2.0_蓬勃運動中心,北屯區,山西路二段/安順北一街口(西北側),30,6,24,2026-08-21 15:51:02,24.1764,120.67659,1,"6,0",2026-08-21 16:07:30.645343
500608070,YouBike2.0_北屯國小,北屯區,國校巷/北興街口(東北側),26,9,17,2026-08-21 16:05:02,24.16416,120.69081,1,"9,0",2026-08-21 16:07:30.645343
500608071,YouBike2.0_北屯兒童公園,北屯區,北平路四段/興安路一段口(東南側),30,11,19,2026-08-21 16:05:02,24.17018,120.69426,1,"11,0",2026-08-21 16:07:30.645343
500608072,YouBike2.0_北屯區文昌國小,北屯區,興安路一段/青島路四段口(東北側),30,7,23,2026-08-21 15:57:03,24.16712,120.69152,1,"4,3",2026-08-21 16:07:30.645343
500608073,YouBike2.0_三光太原路口,北屯區,三光巷/太原路三段口(東南側),28,14,14,2026-08-21 16:04:03,24.16474,120.6967,1,"13,1",2026-08-21 16:07:30.645343
500608074,YouBike2.0_東光國小,北屯區,東山路一段91巷/東山路一段123巷31弄口(西北側),24,1,22,2026-08-21 15:57:03,24.17178,120.70236,1,"1,0",2026-08-21 16:07:30.645343
500608075,YouBike2.0_北屯區公所,北屯區,崇德路三段10號,28,3,25,2026-08-21 15:45:03,24.18299,120.68631,1,"3,0",2026-08-21 16:07:30.645343
500608076,YouBike2.0_四張犁農村公園,北屯區,四平路/豐樂路二段口(北側),30,2,28,2026-08-21 16:06:03,24.19446,120.68216,1,"2,0",2026-08-21 16:07:30.645343
500608077,YouBike2.0_四張犁圖書館,北屯區,豐樂路二段/豐樂一街口(西北側),30,5,25,2026-08-21 16:05:17,24.1947,120.68049,1,"5,0",2026-08-21 16:07:30.645343
500608078,YouBike2.0_新都生態公園,北屯區,軍福十五路20號(對側人行道),28,1,27,2026-08-21 16:02:18,24.1738,120.73008,1,"0,1",2026-08-21 16:07:30.645343
500608079,YouBike2.0_舊社公園,北屯區,松竹路二段/北屯路口(西側),39,1,38,2026-08-21 15:20:04,24.18206,120.7014,1,"1,0",2026-08-21 16:07:30.645343
500608080,YouBike2.0_太原停車場,北屯區,太原路三段/建和路一段路口(西側),28,8,20,2026-08-21 16:01:03,24.16264,120.72146,1,"8,0",2026-08-21 16:07:30.645343
500608081,YouBike2.0_和福公園,北屯區,軍福十路/和福路口(西北側),30,1,29,2026-08-21 15:10:05,24.17032,120.72337,1,"0,1",2026-08-21 16:07:30.645343
500608082,YouBike2.0_經補庫停車場,北屯區,東山路一段381-42號對面,28,2,25,2026-08-21 15:18:02,24.176861,120.732743,1,"2,0",2026-08-21 16:07:30.645343
500608083,YouBike2.0_一德公園,北屯區,昌平路一段21巷/昌平路一段21巷4弄口(西南側),14,4,10,2026-08-21 16:01:03,24.166088,120.693634,1,"4,0",2026-08-21 16:07:30.645343
500608084,YouBike2.0_永和巷公園,北屯區,山西路二段/永和巷口(西北側),17,2,15,2026-08-21 15:29:03,24.177555,120.676693,1,"2,0",2026-08-21 16:07:30.645343
500608085,YouBike2.0_水湳生態公園,北屯區,安順東二街/崇德二路二段口(西北側),10,6,4,2026-08-21 16:05:02,24.1788662,120.6791003,1,"6,0",2026-08-21 16:07:30.645343
500608086,YouBike2.0_仁和福德公園,北屯區,榮德路/仁平街口(東南側),11,4,7,2026-08-21 16:06:03,24.182242,120.678732,1,"4,0",2026-08-21 16:07:30.645343
500608087,YouBike2.0_和順公園,北屯區,軍和街/和順路458巷口(西北側),13,0,12,2026-08-21 16:04:21,24.177865,120.723157,1,"0,0",2026-08-21 16:07:30.645343
500608088,YouBike2.0_文心國小,北屯區,綏遠路二段/文心路四段口(東南側),34,6,28,2026-08-21 16:06:03,24.1732,120.68178,1,"6,0",2026-08-21 16:07:30.645343
500608089,YouBike2.0_廍興公園,北屯區,樹孝路/太順路口(西北側),28,1,27,2026-08-21 16:06:03,24.15934,120.72069,1,"1,0",2026-08-21 16:07:30.645343
500608090,YouBike2.0_823紀念公園,北屯區,崇德九路/昌平東二路口(東北側),36,2,34,2026-08-21 15:56:03,24.18695,120.68786,1,"2,0",2026-08-21 16:07:30.645343
500608091,YouBike2.0_祥和公園,北屯區,軍福七路/建和路一段口(西南側),28,2,26,2026-08-21 16:06:03,24.16547,120.72322,1,"1,1",2026-08-21 16:07:30.645343
500608092,YouBike2.0_北新國中,北屯區,遼寧路一段/僑孝街110巷口(東北側),30,13,17,2026-08-21 16:02:02,24.17888,120.69668,1,"12,1",2026-08-21 16:07:30.645343
500608093,YouBike2.0_潮春公園,北屯區,崇德十六路/環美路口(南側),16,2,14,2026-08-21 16:05:02,24.19486,120.6883,1,"2,0",2026-08-21 16:07:30.645343
500608094,YouBike2.0_陸光公園,北屯區,豐樂路三巷/豐樂路口(東北側),15,2,13,2026-08-21 14:56:02,24.19379,120.68376,1,"2,0",2026-08-21 16:07:30.645343
500608095,YouBike2.0_中臺科技大學(東北側),北屯區,廍子路666號前,20,4,15,2026-08-21 12:35:03,24.17539,120.73614,1,"4,0",2026-08-21 16:07:30.645343
500608096,YouBike2.0_太原六號橋,北屯區,太原路三段/祥順東路一段口(西北側),20,9,11,2026-08-21 16:05:02,24.16108,120.72849,1,"9,0",2026-08-21 16:07:30.645343
500608097,YouBike2.0_昌盛公園,北屯區,太和三街/太和路二段口(東南側),18,0,18,2026-08-21 14:33:18,24.16399,120.72538,1,"0,0",2026-08-21 16:07:30.645343
500608098,YouBike2.0_廍子公園,北屯區,景賢路/太祥路口(東北側),20,1,19,2026-08-21 15:44:02,24.16678,120.73107,1,"1,0",2026-08-21 16:07:30.645343
500608099,YouBike2.0_明道普霖斯頓小學,北屯區,崇德二路二段/河北東街口(西南側),10,5,5,2026-08-21 15:48:02,24.177502,120.684839,1,"4,1",2026-08-21 16:07:30.645343
500608100,YouBike2.0_南興敦富七街口,北屯區,南興路/敦富七街口(東北側),20,4,16,2026-08-21 15:54:02,24.18937,120.70524,1,"2,2",2026-08-21 16:07:30.645343
500608101,YouBike2.0_綠空廊道(北屯路471巷),北屯區,北屯路471巷/北屯路口(東北側),15,0,15,2026-08-21 16:05:17,24.18452,120.70253,1,"0,0",2026-08-21 16:07:30.645343
500608102,YouBike2.0_綠空廊道(三光北一街),北屯區,南京東路三段/三光北一街口(東北側),38,1,37,2026-08-21 16:01:36,24.16761,120.70001,1,"1,0",2026-08-21 16:07:30.645343
500608103,YouBike2.0_中臺科技大學(西南側),北屯區,廍子路435號旁,16,2,14,2026-08-21 13:51:02,24.17469,120.73512,1,"2,0",2026-08-21 16:07:30.645343
500608104,YouBike2.0_環中東東山路口,北屯區,環中東路二段/東山路一段口(東南側),12,8,4,2026-08-21 15:38:02,24.1757,120.72107,1,"8,0",2026-08-21 16:07:30.645343
500608105,YouBike2.0_和祥公園,北屯區,祥順路二段/軍福九路口(西北側),15,6,9,2026-08-21 15:48:03,24.16984,120.72744,1,"6,0",2026-08-21 16:07:30.645343
500608106,YouBike2.0_臺中市網球中心,北屯區,祥順二路/太祥路口(西北側),15,2,13,2026-08-21 10:01:03,24.16453,120.73003,1,"2,0",2026-08-21 16:07:30.645343
500608107,YouBike2.0_景福公園,北屯區,東山路一段220巷/軍福十一路口(東北側),12,5,7,2026-08-21 15:50:04,24.17177,120.71596,1,"5,0",2026-08-21 16:07:30.645343
500608108,YouBike2.0_敦富敦富十街口,北屯區,敦富路/敦富十街口(西側),16,5,11,2026-08-21 15:57:03,24.19374,120.70695,1,"4,1",2026-08-21 16:07:30.645343
500608109,YouBike2.0_南興南興北一路口,北屯區,南興路/南興北一路口(東北側),12,5,7,2026-08-21 16:03:03,24.18651,120.70453,1,"5,0",2026-08-21 16:07:30.645343
500608110,YouBike2.0_旅順公園,北屯區,旅順路二段/柳陽西街(西南側),21,8,12,2026-08-21 15:51:02,24.17369,120.69222,1,"8,0",2026-08-21 16:07:30.645343
500608111,YouBike2.0_東新公園,北屯區,梅川東路四段/旅順路一段(東北側),15,4,11,2026-08-21 15:53:03,24.17515,120.68034,1,"4,0",2026-08-21 16:07:30.645343
500608112,YouBike2.0_新平公園,北屯區,中平路876號(對側人行道)(西南側),15,3,12,2026-08-21 15:56:03,24.18666,120.66249,1,"3,0",2026-08-21 16:07:30.645343
500608113,YouBike2.0_祥順太順路口,北屯區,祥順路一段/太順路口(西南側),10,1,9,2026-08-21 12:49:16,24.15871,120.72753,1,"1,0",2026-08-21 16:07:30.645343
500608114,YouBike2.0_自然感官公園,北屯區,南興路925號(東北側),30,4,25,2026-08-21 15:55:04,24.19383,120.70611,1,"3,1",2026-08-21 16:07:30.645343
500608115,YouBike2.0_同榮公園,北屯區,同榮路318巷16號(對側人行道),19,3,16,2026-08-21 15:58:02,24.19746,120.66303,1,"3,0",2026-08-21 16:07:30.645343
500608116,YouBike2.0_太順太順三街口,北屯區,太順路/太順三街口(西南側),16,3,13,2026-08-21 10:45:04,24.15851,120.72393,1,"1,2",2026-08-21 16:07:30.645343
500608117,YouBike2.0_四張犁國中,北屯區,后庄路/崇德十路二段(北側),16,3,12,2026-08-21 15:58:02,24.19351,120.67634,1,"3,0",2026-08-21 16:07:30.645343
500608119,YouBike2.0_信平順平二街口,北屯區,信平路/順平二街口(東南側),43,26,17,2026-08-21 16:06:03,24.178761,120.662056,1,"26,0",2026-08-21 16:07:30.645343
500608120,YouBike2.0_生態室外教育公園,北屯區,南興北三路/南興路口(西北側),20,3,17,2026-08-21 15:47:04,24.1976,120.70597,1,"3,0",2026-08-21 16:07:30.645343
500608121,YouBike2.0_廣兼停8停車場,北屯區,松竹五路一段/南興東路(西南側),20,3,17,2026-08-21 16:02:02,24.17445,120.70548,1,"3,0",2026-08-21 16:07:30.645343
500608122,YouBike2.0_環中東太原路口,北屯區,環中東路三段/太原路三段口(東側),18,2,16,2026-08-21 15:45:03,24.16334,120.71974,1,"2,0",2026-08-21 16:07:30.645343
500608123,YouBike2.0_原住民主題公園,北屯區,景賢二路292號(對側人行道),16,1,15,2026-08-21 16:06:03,24.1675,120.71653,1,"1,0",2026-08-21 16:07:30.645343
500608124,YouBike2.0_景賢公園,北屯區,景和街39號旁,15,3,12,2026-08-21 15:23:02,24.16824,120.71282,1,"3,0",2026-08-21 16:07:30.645343
500608125,YouBike2.0_南興停車場,北屯區,軍福十九路/長順街口(南側),18,0,18,2026-08-21 16:06:03,24.18,120.70891,1,"0,0",2026-08-21 16:07:30.645343
500608126,YouBike2.0_松竹五水景街口,北屯區,松竹五路二段22號前,16,8,8,2026-08-21 15:31:04,24.1748,120.71108,1,"8,0",2026-08-21 16:07:30.645343
500608127,YouBike2.0_祥順太順路口(東側),北屯區,祥順路一段/太順路口(東側),16,4,12,2026-08-21 16:01:03,24.159534,120.727877,1,"4,0",2026-08-21 16:07:30.645343
500608128,YouBike2.0_廍子國小,北屯區,景賢路290號前,19,2,17,2026-08-21 15:24:04,24.166999,120.722141,1,"2,0",2026-08-21 16:07:30.645343
500608129,YouBike2.0_水景公園,北屯區,東山路一段207巷38弄9號(對側公園),15,2,13,2026-08-21 14:57:02,24.174257,120.712712,1,"2,0",2026-08-21 16:07:30.645343
500608130,YouBike2.0_松竹里守望相助隊,北屯區,松竹路二段/昌平路二段口(西側),15,2,13,2026-08-21 15:07:05,24.182072,120.68764,1,"1,1",2026-08-21 16:07:30.645343
500608131,YouBike2.0_松竹北一街松竹路三段口,北屯區,松竹路三段８號前,14,2,12,2026-08-21 15:15:03,24.181883,120.683266,1,"2,0",2026-08-21 16:07:30.645343
500608132,YouBike2.0_建和東山路口,北屯區,建和路二段301號(對側人行道),13,3,10,2026-08-21 15:43:02,24.17599,120.72473,1,"3,0",2026-08-21 16:07:30.645343
500608133,YouBike2.0_新都生態公園(和祥五街),北屯區,和祥五街188號(對側人行道),15,2,13,2026-08-21 15:31:04,24.17317,120.72707,1,"2,0",2026-08-21 16:07:30.645343
500608134,YouBike2.0_博愛公園,北屯區,祥順二路/廍子路口(西北側),13,4,8,2026-08-21 15:41:03,24.16444,120.7331,1,"4,0",2026-08-21 16:07:30.645343
500608135,YouBike2.0_祥順軍福七路口,北屯區,祥順路二段/軍福七路口(東北側),15,5,9,2026-08-21 15:49:02,24.16542,120.72747,1,"5,0",2026-08-21 16:07:30.645343
500608136,YouBike2.0_三光停車場,北屯區,北屯路222之2號(對側人行道),17,0,16,2026-08-21 16:02:18,24.168523,120.696344,1,"0,0",2026-08-21 16:07:30.645343
500608137,YouBike2.0_崇德八路梅川東路口,北屯區,崇德八路一段/梅川東路五段口(東北側),13,3,10,2026-08-21 15:31:04,24.18374,120.68239,1,"3,0",2026-08-21 16:07:30.645343
500608140,YouBike2.0_水湳公園,北屯區,麻園西街/大連路一段口,17,1,16,2026-08-21 14:54:02,24.17683,120.67597,1,"0,1",2026-08-21 16:07:30.645343
500608141,YouBike2.0_文心熱河路口,北屯區,文心路四段679號旁,21,11,10,2026-08-21 16:05:02,24.17196,120.68812,1,"11,0",2026-08-21 16:07:30.645343
500608142,YouBike2.0_崇德公園,北屯區,文昌東五街/天津路三段口(西南側),10,1,9,2026-08-21 15:56:18,24.169477,120.68402,1,"1,0",2026-08-21 16:07:30.645343
500608143,YouBike2.0_崇德青島路口(東南側),北屯區,崇德路一段/青島路四段口(東南側),8,5,3,2026-08-21 16:00:03,24.16828,120.68534,1,"5,0",2026-08-21 16:07:30.645343
500608144,YouBike2.0_崇德北平路口(西南側),北屯區,崇德路二段/北平路三段口(西南側),21,3,18,2026-08-21 15:58:02,24.170702,120.685231,1,"3,0",2026-08-21 16:07:30.645343
500608145,YouBike2.0_舊社公園(北屯路439-17巷),北屯區,北屯路439-17巷/松竹路二段67巷59弄口,12,1,11,2026-08-21 15:16:17,24.18091,120.69929,1,"1,0",2026-08-21 16:07:30.645343
500608146,YouBike2.0_二分埔生態公園(山西路),北屯區,山西路二段/大連路一段口(東北側),13,4,9,2026-08-21 15:56:03,24.1773,120.67696,1,"4,0",2026-08-21 16:07:30.645343
500608147,YouBike2.0_太順太和路口,北屯區,太順路112號,9,6,3,2026-08-21 15:52:04,24.158606,120.724701,1,"6,0",2026-08-21 16:07:30.645343
500608148,YouBike2.0_環中東軍福十八路口,北屯區,環中東路二段/軍福十八路口(西北側),15,4,11,2026-08-21 15:49:02,24.17833,120.72099,1,"4,0",2026-08-21 16:07:30.645343
500608149,YouBike2.0_軍福公園(軍福十八路),北屯區,軍福十八路/軍榮五街口(東北側),20,4,16,2026-08-21 16:03:03,24.17826,120.715,1,"4,0",2026-08-21 16:07:30.645343
500608150,YouBike2.0_東山路中興巷口,北屯區,東山路二段51-11號(對側),26,10,16,2026-08-21 14:57:02,24.17997,120.74118,1,"10,0",2026-08-21 16:07:30.645343
500608151,YouBike2.0_東山機車停車場,北屯區,東山路一段384巷/經補路口(東南側),11,10,1,2026-08-21 14:23:16,24.17668,120.73371,1,"10,0",2026-08-21 16:07:30.645343
500608152,YouBike2.0_豐樂路停車場,北屯區,豐樂路26巷/豐美二街口(東北側),13,1,12,2026-08-21 15:32:03,24.194382,120.689923,1,"1,0",2026-08-21 16:07:30.645343
500608153,YouBike2.0_環中豐樂路口(東南側),北屯區,環中路一段421號前,13,6,7,2026-08-21 15:29:03,24.200839,120.694197,1,"6,0",2026-08-21 16:07:30.645343
500608154,YouBike2.0_太原廍子路口(東南側),北屯區,太原路三段/廍子路口(東南側),10,4,6,2026-08-21 15:08:02,24.16091,120.73343,1,"4,0",2026-08-21 16:07:30.645343
500608155,YouBike2.0_太和六街建和路口,北屯區,太和六街/建和路二段口(西南側),15,3,12,2026-08-21 15:07:05,24.16749,120.72442,1,"3,0",2026-08-21 16:07:30.645343
500608156,YouBike2.0_三光童玩公園,北屯區,九龍東街/北屯路200巷口(西南側),18,4,14,2026-08-21 16:00:03,24.16651,120.69636,1,"4,0",2026-08-21 16:07:30.645343
500608157,YouBike2.0_水景玫瑰公園,北屯區,東山路一段147巷122號對側,20,3,17,2026-08-21 15:10:05,24.1722,120.70754,1,"3,0",2026-08-21 16:07:30.645343
500608158,YouBike2.0_兒45綠地,北屯區,平德路/平德路122巷口(東南側),15,7,8,2026-08-21 16:02:02,24.18484,120.67038,1,"7,0",2026-08-21 16:07:30.645343
500608159,YouBike2.0_文心北屯路口(西北側),北屯區,文心路四段/北屯路口(西北側),20,6,14,2026-08-21 16:00:03,24.17061,120.69769,1,"6,0",2026-08-21 16:07:30.645343
500608160,YouBike2.0_麻園東瀋陽路口,北屯區,麻園東街/瀋陽路一段口(東北側),20,4,10,2026-08-21 15:57:03,24.17498,120.67449,1,"4,0",2026-08-21 16:07:30.645343
500608161,YouBike2.0_太原足球場,北屯區,建和路一段/建軍一街口(西南側),17,4,13,2026-08-21 15:45:03,24.16093,120.72033,1,"4,0",2026-08-21 16:07:30.645343
500608163,YouBike2.0_敦富六街南興路口,北屯區,敦富六街/南興路口(西側),14,0,14,2026-08-21 16:02:18,24.187816,120.704201,1,"0,0",2026-08-21 16:07:30.645343
500608164,YouBike2.0_北屯南興北一路口(東北側),北屯區,北屯路/南興北一路口(東北側),16,3,13,2026-08-21 16:06:03,24.18664,120.70262,1,"3,0",2026-08-21 16:07:30.645343
500608165,YouBike2.0_北屯南興北一路口(東南側),北屯區,北屯路/南興北一路口(東南側),17,6,11,2026-08-21 15:59:03,24.18631,120.70261,1,"6,0",2026-08-21 16:07:30.645343
500608166,YouBike2.0_敦富一街敦富路口(西南側),北屯區,敦富一街/敦富路口(西南側),18,4,14,2026-08-21 15:56:03,24.18378,120.70697,1,"4,0",2026-08-21 16:07:30.645343
500608167,YouBike2.0_建和軍福十一路口,北屯區,建和路二段108號前,12,0,12,2026-08-21 13:43:18,24.17019,120.72462,1,"0,0",2026-08-21 16:07:30.645343
500608168,YouBike2.0_823紀念公園(崇德十路),北屯區,崇德十路一段/昌平東三路口(南側),17,1,16,2026-08-21 15:47:18,24.188158,120.68911,1,"1,0",2026-08-21 16:07:30.645343
500608169,YouBike2.0_松竹旱溪東路口(西南側),北屯區,松竹路一段/旱溪東路三段口(西南側),15,4,11,2026-08-21 15:43:02,24.18217,120.71168,1,"4,0",2026-08-21 16:07:30.645343
500608170,YouBike2.0_公園2-3,北屯區,長生巷/陸光四巷(東北側),16,1,15,2026-08-21 15:35:04,24.19632,120.68503,1,"1,0",2026-08-21 16:07:30.645343
500608171,YouBike2.0_補鼎仔公園,北屯區,南興北二路/旱溪西路四段口(西北側),21,0,21,2026-08-21 14:56:17,24.192708,120.710439,1,"0,0",2026-08-21 16:07:30.645343
500608172,YouBike2.0_旱溪西南興二路口(東側),北屯區,旱溪西路三段/南興二路口(東側),15,9,6,2026-08-21 16:03:03,24.17607,120.70968,1,"9,0",2026-08-21 16:07:30.645343
500608173,YouBike2.0_南興二南興路口(東南側),北屯區,南興二路/南興路口(東南側),30,1,28,2026-08-21 16:04:21,24.17592,120.70432,1,"1,0",2026-08-21 16:07:30.645343
500608174,YouBike2.0_景福公園(景賢二路),北屯區,景賢二路/軍福十三路口(西南側),15,1,14,2026-08-21 15:09:04,24.17223,120.71728,1,"1,0",2026-08-21 16:07:30.645343
500608175,YouBike2.0_松竹五路軍榮五街口,北屯區,松竹五路二段130號(西北側),15,0,15,2026-08-21 13:43:18,24.17625,120.712933,1,"0,0",2026-08-21 16:07:30.645343
500608176,YouBike2.0_勝麗方程市,北屯區,敦富路886號前人行道,21,1,20,2026-08-21 15:51:02,24.19673,120.7075,1,"0,1",2026-08-21 16:07:30.645343
500608177,YouBike2.0_平安公園,北屯區,柳陽西街/天津路四段口(西南側),15,2,13,2026-08-21 15:53:03,24.16864,120.68909,1,"2,0",2026-08-21 16:07:30.645343
500608178,YouBike2.0_南興南興北二路口(西南側),北屯區,南興路/南興北二路口(西南側),25,3,22,2026-08-21 16:05:03,24.19241,120.70568,1,"3,0",2026-08-21 16:07:30.645343
500608179,YouBike2.0_北屯松竹路口(東南側),北屯區,北屯路/松竹路一段口(東南側),29,4,25,2026-08-21 16:01:03,24.18154,120.70193,1,"4,0",2026-08-21 16:07:30.645343
500608180,YouBike2.0_北新國中(僑孝街),北屯區,僑孝街63號(西北側),25,0,25,2026-08-21 15:48:16,24.1791,120.69865,1,"0,0",2026-08-21 16:07:30.645343
500608181,YouBike2.0_軍福十三廍子路口,北屯區,廍子路351號(南側),12,10,2,2026-08-21 15:54:03,24.170235,120.733231,1,"10,0",2026-08-21 16:07:30.645343
500608182,YouBike2.0_北屯旅順路口,北屯區,北屯路/旅順路二段口(西北側),17,5,12,2026-08-21 15:59:03,24.17298,120.69819,1,"5,0",2026-08-21 16:07:30.645343
500608183,YouBike2.0_后庄路洲際五街口,北屯區,后庄路/洲際五街口(東側),20,2,18,2026-08-21 14:14:03,24.19318,120.6724,1,"2,0",2026-08-21 16:07:30.645343
500608185,YouBike2.0_榮德榮德一路口,北屯區,榮德路/榮德一路口,17,8,9,2026-08-21 15:30:03,24.18615,120.67388,1,"8,0",2026-08-21 16:07:30.645343
500608186,YouBike2.0_太和太順路口,北屯區,太順路103號,16,1,15,2026-08-21 16:06:03,24.15847,120.72486,1,"1,0",2026-08-21 16:07:30.645343
500608187,YouBike2.0_和福停車場,北屯區,和福路175號,34,5,29,2026-08-21 15:48:03,24.17333,120.72358,1,"5,0",2026-08-21 16:07:30.645343
500608189,YouBike2.0_崇德國中(河北路),北屯區,河北路二段/旅順路一段口(東北側),21,7,14,2026-08-21 16:01:03,24.17491,120.68369,1,"7,0",2026-08-21 16:07:30.645343
500608191,YouBike2.0_南興路敦富二街口,北屯區,南興路/敦富二街口,35,4,31,2026-08-21 15:48:03,24.18446,120.7043,1,"3,1",2026-08-21 16:07:30.645343
500608192,YouBike2.0_松竹敦化路口,北屯區,敦化路一段227號,27,4,23,2026-08-21 15:51:02,24.19017,120.67328,1,"4,0",2026-08-21 16:07:30.645343
500608193,YouBike2.0_柳陽西街崇德二路一段口,北屯區,柳陽西街118號對側,24,3,21,2026-08-21 16:01:03,24.17664,120.69365,1,"3,0",2026-08-21 16:07:30.645343
500608194,YouBike2.0_仁美里(環中路),北屯區,環中路一段416號,15,3,12,2026-08-21 14:20:05,24.20135,120.69547,1,"3,0",2026-08-21 16:07:30.645343
500608195,YouBike2.0_太原太和路口,北屯區,太原路三段1190號,23,6,17,2026-08-21 15:48:03,24.16133,120.72522,1,"6,0",2026-08-21 16:07:30.645343
500608196,YouBike2.0_山西昌平東七路口,北屯區,山西路三段/昌平東七路口,22,2,20,2026-08-21 16:01:03,24.18541,120.69385,1,"2,0",2026-08-21 16:07:30.645343
500608197,YouBike2.0_東山竹坑巷口,北屯區,東山路二段151之2號,18,6,12,2026-08-21 14:39:02,24.19904,120.76409,1,"6,0",2026-08-21 16:07:30.645343
500608199,YouBike2.0_興安興安路二段142巷口,北屯區,興安路二段/興安路二段142巷口,25,5,20,2026-08-21 15:46:03,24.17749,120.69490,1,"5,0",2026-08-21 16:07:30.645343
500608200,YouBike2.0_葳格高中,北屯區,軍福十九路329號,26,3,23,2026-08-21 15:28:03,24.18005,120.71279,1,"2,1",2026-08-21 16:07:30.645343
500608202,YouBike2.0_松竹敦富路口,北屯區,松竹路一段/敦富路口,46,21,25,2026-08-21 16:03:03,24.18247,120.70793,1,"21,0",2026-08-21 16:07:30.645343
500608203,YouBike2.0_昌平五街昌平東六路口,北屯區,昌平五街/昌平東六路口,36,2,34,2026-08-21 16:01:03,24.19161,120.69069,1,"1,1",2026-08-21 16:07:30.645343
500608204,YouBike2.0_東山風雨籃球場,北屯區,景賢路458號,77,24,48,2026-08-21 15:58:02,24.16719,120.71081,1,"24,0",2026-08-21 16:07:30.645343
500608205,YouBike2.0_旱溪西南興一路口,北屯區,旱溪西路三段189號對側,51,1,50,2026-08-21 15:32:03,24.17197,120.70498,1,"1,0",2026-08-21 16:07:30.645343
500608206,YouBike2.0_旱溪西松竹五路口,北屯區,旱溪西路三段/松竹五路一段口,24,2,22,2026-08-21 14:10:02,24.17398,120.70936,1,"2,0",2026-08-21 16:07:30.645343
500608207,YouBike2.0_梅川東崇德六路口,北屯區,梅川東路五段/崇德六路口,23,4,19,2026-08-21 15:21:02,24.18011,120.6818,1,"4,0",2026-08-21 16:07:30.645343
500608208,YouBike2.0_安順東二街崇德六路口,北屯區,安順東二街/崇德六路口,20,2,18,2026-08-21 15:57:03,24.18063,120.67922,1,"1,1",2026-08-21 16:07:30.645343
500608209,YouBike2.0_崇德十九崇德路口,北屯區,崇德十九路/崇德路三段口,30,15,15,2026-08-21 15:53:03,24.19776,120.68619,1,"14,1",2026-08-21 16:07:30.645343
500608210,YouBike2.0_庄美街后庄北路口,北屯區,后庄北路209號,28,2,25,2026-08-21 15:47:18,24.19218,120.66667,1,"2,0",2026-08-21 16:07:30.645343
500608211,YouBike2.0_廍子國中(建和路),北屯區,建和路二段99號對側,32,2,30,2026-08-21 15:58:02,24.16919,120.72459,1,"2,0",2026-08-21 16:07:30.645343
500608212,YouBike2.0_敦富十二街南興路口,北屯區,敦富十二街/南興路口,27,4,23,2026-08-21 15:12:04,24.19520,120.70505,1,"4,0",2026-08-21 16:07:30.645343
500608214,YouBike2.0_仲信金鬱金香酒店,北屯區,后庄路306號,18,8,10,2026-08-21 12:39:03,24.19122,120.66721,1,"8,0",2026-08-21 16:07:30.645343
500608215,YouBike2.0_臺中市立圖書館溪東分館,北屯區,軍福九路499號,27,2,25,2026-08-21 16:06:04,24.16967,120.72211,1,"2,0",2026-08-21 16:07:30.645343
500608216,YouBike2.0_北屯崇德二路口,北屯區,北屯路433號前,20,5,15,2026-08-21 15:55:04,24.17678,120.69949,1,"5,0",2026-08-21 16:07:30.645343
500608217,YouBike2.0_昌平東八崇德九路口,北屯區,昌平東八路/崇德九路口,26,2,24,2026-08-21 15:47:04,24.18711,120.69657,1,"2,0",2026-08-21 16:07:30.645343
500608218,YouBike2.0_北屯國民暨兒童運動中心,北屯區,崇德八路一段206號(對側人行道),30,2,28,2026-08-21 16:05:03,24.18357,120.68578,1,"2,0",2026-08-21 16:07:30.645343
500608221,YouBike2.0_南興國中,北屯區,南興東路/南興三路口,43,4,39,2026-08-21 16:03:03,24.17784,120.70588,1,"4,0",2026-08-21 16:07:30.645343
500609001,YouBike2.0_豐原車站(豐勢路東側出口),豐原區,東仁街/明仁街口(西南側),55,23,32,2026-08-21 16:06:03,24.25528,120.72429,1,"22,1",2026-08-21 16:07:30.645343
500609002,YouBike2.0_豐陽國中,豐原區,富陽路/富陽路119巷口(西北側),15,3,12,2026-08-21 16:04:03,24.26221,120.74569,1,"3,0",2026-08-21 16:07:30.645343
500609003,YouBike2.0_豐村國小,豐原區,水源路341號,15,2,13,2026-08-21 16:04:03,24.25549,120.73601,1,"2,0",2026-08-21 16:07:30.645343
500609004,YouBike2.0_豐原監理站,豐原區,豐東街118巷/中陽街316巷口(南側),30,4,26,2026-08-21 15:54:02,24.24751,120.73032,1,"4,0",2026-08-21 16:07:30.645343
500609005,YouBike2.0_豐原高商,豐原區,圓環南路1-1號(對側人行道),46,9,35,2026-08-21 15:54:02,24.24529,120.71382,1,"8,1",2026-08-21 16:07:30.645343
500609006,YouBike2.0_豐原廟東夜市,豐原區,中正路212巷/信義街口(西南側),30,15,14,2026-08-21 15:54:02,24.25259,120.71864,1,"15,0",2026-08-21 16:07:30.645343
500609007,YouBike2.0_豐原車站,豐原區,三民路/三豐路一段口(南側),68,29,39,2026-08-21 16:06:03,24.25452,120.72265,1,"29,0",2026-08-21 16:07:30.645343
500609008,YouBike2.0_豐原地政事務所,豐原區,興安街/西安街口(西南側),30,18,12,2026-08-21 16:02:02,24.24903,120.71441,1,"18,0",2026-08-21 16:07:30.645343
500609009,YouBike2.0_豐原高中,豐原區,水源路/水源路129巷口(東北側),32,0,32,2026-08-21 15:48:16,24.25573,120.74168,1,"0,0",2026-08-21 16:07:30.645343
500609010,YouBike2.0_慈濟公園,豐原區,豐勢路一段/豐東路口(東南側),20,5,15,2026-08-21 15:36:03,24.25756,120.73322,1,"4,1",2026-08-21 16:07:30.645343
500609011,YouBike2.0_圓環北大昌街口,豐原區,圓環北路一段151號旁,22,11,11,2026-08-21 15:50:04,24.25659,120.71672,1,"11,0",2026-08-21 16:07:30.645343
500609012,YouBike2.0_豐原國中,豐原區,三豐路一段/三豐路438巷(西南側),26,1,25,2026-08-21 15:56:18,24.26046,120.71946,1,"1,0",2026-08-21 16:07:30.645343
500609013,YouBike2.0_豐原區公所,豐原區,市政路/育仁路口(東南側),22,12,10,2026-08-21 16:00:03,24.24243,120.71827,1,"12,0",2026-08-21 16:07:30.645343
500609014,YouBike2.0_圓環西中山路口,豐原區,圓環西路/中山路口(西北側),34,8,26,2026-08-21 15:47:04,24.25586,120.71263,1,"8,0",2026-08-21 16:07:30.645343
500609015,YouBike2.0_陽明大樓,豐原區,陽明街36號(對側人行道),39,33,6,2026-08-21 16:06:03,24.24698,120.7212,1,"33,0",2026-08-21 16:07:30.645343
500609016,YouBike2.0_消防公園,豐原區,仁洲街/豐原大道七段口(東側),26,10,16,2026-08-21 16:02:02,24.26208,120.71317,1,"10,0",2026-08-21 16:07:30.645343
500609017,YouBike2.0_南陽公園,豐原區,永康路209號,32,5,27,2026-08-21 16:06:03,24.24111,120.72528,1,"2,3",2026-08-21 16:07:30.645343
500609018,YouBike2.0_社皮公園,豐原區,西勢一街65號(對側人行道),32,12,18,2026-08-21 16:00:03,24.24451,120.70472,1,"11,1",2026-08-21 16:07:30.645343
500609019,YouBike2.0_富春國小,豐原區,豐西街/瑞安街口(東北側),20,10,10,2026-08-21 16:02:02,24.25164,120.71288,1,"10,0",2026-08-21 16:07:30.645343
500609020,YouBike2.0_福陽國小,豐原區,南陽路綠山巷/南陽路綠山巷81弄口(東北側),15,4,11,2026-08-21 15:27:02,24.24215,120.73557,1,"4,0",2026-08-21 16:07:30.645343
500609021,YouBike2.0_豐原大道南陽路口,豐原區,豐原大道三段/南陽路口(東北側),14,4,10,2026-08-21 15:47:18,24.24368,120.73018,1,"4,0",2026-08-21 16:07:30.645343
500609022,YouBike2.0_田心圓環東路口,豐原區,田心路二段/圓環東路口(西南側),15,3,12,2026-08-21 15:46:03,24.24321,120.71893,1,"2,1",2026-08-21 16:07:30.645343
500609023,YouBike2.0_豐田國小,豐原區,豐原大道二段/田心路二段272巷85弄口(東側),15,7,8,2026-08-21 13:16:02,24.23686,120.72045,1,"5,2",2026-08-21 16:07:30.645343
500609024,YouBike2.0_豐南國中,豐原區,育仁路/豐南街口(東北側),15,9,6,2026-08-21 15:54:02,24.23956,120.71645,1,"8,1",2026-08-21 16:07:30.645343
500609025,YouBike2.0_合作國小,豐原區,豐原大道一段602號(對側人行道),15,5,10,2026-08-21 15:07:05,24.23971,120.70342,1,"5,0",2026-08-21 16:07:30.645343
500609026,YouBike2.0_同心互助街口,豐原區,同心街/互助街口(西南側),15,2,12,2026-08-21 16:06:03,24.23773,120.70643,1,"2,0",2026-08-21 16:07:30.645343
500609027,YouBike2.0_圓環東安康路口,豐原區,圓環東路/安康路口(北側),15,2,13,2026-08-21 15:36:03,24.24496,120.72356,1,"1,1",2026-08-21 16:07:30.645343
500609028,YouBike2.0_地方稅務局豐原分局,豐原區,中山路/中山路223巷口(西南側),10,2,8,2026-08-21 15:39:04,24.24251,120.71311,1,"2,0",2026-08-21 16:07:30.645343
500609029,YouBike2.0_豐原區市立體育館,豐原區,西安街72之1號,14,3,11,2026-08-21 15:14:04,24.24914,120.71101,1,"3,0",2026-08-21 16:07:30.645343
500609030,YouBike2.0_忠勤公園,豐原區,中正路/豐原大道口(東北側),20,14,6,2026-08-21 15:54:02,24.24991,120.70462,1,"14,0",2026-08-21 16:07:30.645343
500609031,YouBike2.0_葫蘆墩親子館,豐原區,圓環北路一段/三豐路一段口(西南側),15,3,12,2026-08-21 16:03:03,24.25886,120.72019,1,"3,0",2026-08-21 16:07:30.645343
500609032,YouBike2.0_豐圳公園,豐原區,成功路/圓環西路87巷口(東北側),17,0,17,2026-07-12 00:01:03,24.25274,120.70577,0,"0,0",2026-08-21 16:07:30.645343
500609033,YouBike2.0_中正大社街口,豐原區,中正路/大社街口(東北側),16,5,11,2026-08-21 15:58:02,24.2494,120.70137,1,"4,1",2026-08-21 16:07:30.645343
500609034,YouBike2.0_義士祠,豐原區,豐原大道五段/南田街3巷(東南側),10,3,7,2026-08-21 14:26:03,24.26021,120.73631,1,"3,0",2026-08-21 16:07:30.645343
500609035,YouBike2.0_三豐新生北路口,豐原區,三豐路一段/新生北路口(西側),12,4,8,2026-08-21 16:06:03,24.25566,120.72248,1,"4,0",2026-08-21 16:07:30.645343
500609036,YouBike2.0_橫街尾停車場,豐原區,復興路/富春街口(東南側),20,7,12,2026-08-21 16:02:02,24.25043,120.71763,1,"7,0",2026-08-21 16:07:30.645343
500609037,YouBike2.0_圓環北大順街口,豐原區,圓環北路/大順街口(西南側),15,4,11,2026-08-21 15:55:04,24.26051,120.72357,1,"4,0",2026-08-21 16:07:30.645343
500609038,YouBike2.0_圳寮里活動中心,豐原區,圓環北路一段/豐洲路口(東北側),15,0,15,2026-08-21 15:59:18,24.25633,120.71542,1,"0,0",2026-08-21 16:07:30.645343
500609039,YouBike2.0_北陽公園,豐原區,中陽路/中陽路537巷口(東側),12,1,11,2026-08-21 16:04:03,24.2497,120.73643,1,"0,1",2026-08-21 16:07:30.645343
500609041,YouBike2.0_北陽路40巷北陽路口,豐原區,北陽路40巷/北陽路口(西南側),20,2,18,2026-08-21 15:56:03,24.25195,120.73053,1,"1,1",2026-08-21 16:07:30.645343
500609042,YouBike2.0_臺中市立豐原區體育場,豐原區,豐北街221號前,18,4,14,2026-08-21 16:01:03,24.26072,120.71703,1,"3,1",2026-08-21 16:07:30.645343
500609043,YouBike2.0_豐田國小(田心路),豐原區,田心路二段/田心路二段317巷口(西側),15,5,10,2026-08-21 15:45:03,24.237276,120.722308,1,"5,0",2026-08-21 16:07:30.645343
500609044,YouBike2.0_三陽運動公園,豐原區,北陽路/水源路473巷口(東側),14,13,1,2026-08-21 16:01:36,24.251917,120.731772,1,"12,1",2026-08-21 16:07:30.645343
500609045,YouBike2.0_豐原大道一心路口,豐原區,豐原大道一段/一心路口(東南側),12,5,7,2026-08-21 15:53:03,24.24626,120.70334,1,"5,0",2026-08-21 16:07:30.645343
500609047,YouBike2.0_育英停車場,豐原區,育英路154巷/育英路134巷16弄口,16,7,8,2026-08-21 15:55:04,24.240798,120.714519,1,"7,0",2026-08-21 16:07:30.645343
500609048,YouBike2.0_豐原武明山公園,豐原區,南陽路/綠山二街口(西南側),8,1,7,2026-08-21 16:00:03,24.238465,120.73378,1,"1,0",2026-08-21 16:07:30.645343
500609049,YouBike2.0_豐原大道豐科路口,豐原區,豐原大道六段650號(東側),12,7,5,2026-08-21 16:00:03,24.26418,120.72219,1,"7,0",2026-08-21 16:07:30.645343
500609050,YouBike2.0_豐原大道460巷口,豐原區,豐原大道六段468號(旁）,12,3,9,2026-08-21 11:55:03,24.26495,120.72675,1,"3,0",2026-08-21 16:07:30.645343
500609051,YouBike2.0_豐原中正公園(水源路),豐原區,水源路/水源中坑巷口(西側),12,1,11,2026-08-21 15:24:04,24.254467,120.748176,1,"1,0",2026-08-21 16:07:30.645343
500609052,YouBike2.0_豐原葫蘆墩郵局,豐原區,豐原大道七段25號前,10,3,7,2026-08-21 16:06:03,24.263934,120.719438,1,"3,0",2026-08-21 16:07:30.645343
500609053,YouBike2.0_圓環東綠空廊道口,豐原區,圓環東路29號(旁),20,0,20,2026-08-21 15:51:19,24.24458,120.71583,1,"0,0",2026-08-21 16:07:30.645343
500609054,YouBike2.0_豐原萬年宮,豐原區,豐年路168號旁,12,6,6,2026-08-21 15:42:04,24.26502,120.73883,1,"6,0",2026-08-21 16:07:30.645343
500609055,YouBike2.0_豐勢萬年路口,豐原區,豐勢路二段185號前,12,5,6,2026-08-21 16:06:03,24.26242,120.73983,1,"5,0",2026-08-21 16:07:30.645343
500609056,YouBike2.0_翁子公園,豐原區,富翁街260巷139號(東側),15,2,13,2026-08-21 13:13:02,24.266841,120.751018,1,"2,0",2026-08-21 16:07:30.645343
500609058,YouBike2.0_鎌村祥和東路口,豐原區,祥和東路33號(北側),13,2,11,2026-08-21 16:03:03,24.229097,120.723745,1,"1,1",2026-08-21 16:07:30.645343
500609059,YouBike2.0_豐原中興公園,豐原區,大明路236巷/成功路133巷口(東北側),15,1,14,2026-08-21 16:02:02,24.24388,120.70927,1,"1,0",2026-08-21 16:07:30.645343
500609061,YouBike2.0_綠空廊道(田心路),豐原區,田心路一段/博愛街口(東南側),18,1,14,2026-08-21 16:06:03,24.245924,120.717384,1,"1,0",2026-08-21 16:07:30.645343
500609063,YouBike2.0_圓環西中正路口,豐原區,圓環西路1號前,25,2,23,2026-08-21 16:01:03,24.25058,120.70894,1,"2,0",2026-08-21 16:07:30.645343
500609064,YouBike2.0_綠空廊道(南陽路),豐原區,南陽路/博愛街口,21,6,15,2026-08-21 16:05:03,24.24927,120.72038,1,"6,0",2026-08-21 16:07:30.645343
500609065,YouBike2.0_綠空廊道(豐南街),豐原區,豐南街22號,16,5,10,2026-08-21 15:49:02,24.23954,120.71245,1,"5,0",2026-08-21 16:07:30.645343
500609066,YouBike2.0_綠空廊道(圓環東路),豐原區,圓環東路78號旁,17,6,11,2026-08-21 15:41:03,24.2444,120.71571,1,"6,0",2026-08-21 16:07:30.645343
500609067,YouBike2.0_東北街347號(南側),豐原區,東北街347號(南側),15,0,15,2026-07-12 00:01:03,24.26159,120.7304,0,"0,0",2026-08-21 16:07:30.645343
500609068,YouBike2.0_綠空廊道(向陽路),豐原區,向陽路55號旁,24,22,1,2026-08-21 16:05:03,24.25222,120.72235,1,"20,2",2026-08-21 16:07:30.645343
500609069,YouBike2.0_豐科三豐路二段272巷口(東北側),豐原區,豐科路/三豐路二段272巷口(東北側),15,1,14,2026-08-21 06:11:02,24.269732,120.723857,1,"1,0",2026-08-21 16:07:30.645343
500609070,YouBike2.0_豐科三豐路二段272巷口(西北側),豐原區,三豐路二段272巷75號旁,15,1,14,2026-08-21 12:57:04,24.269753,120.723619,1,"1,0",2026-08-21 16:07:30.645343
500609071,YouBike2.0_綠空廊道(東北圓環北路二段口),豐原區,圓環北路二段321號旁,21,9,9,2026-08-21 15:56:03,24.259245,120.727263,1,"9,0",2026-08-21 16:07:30.645343
500609072,YouBike2.0_豐原大道豐原大道四段303街口,豐原區,豐原大道四段289號(對側人行道),16,2,14,2026-08-21 16:00:03,24.246466,120.734703,1,"2,0",2026-08-21 16:07:30.645343
500609073,YouBike2.0_豐原中山停車場,豐原區,中山路508號旁,24,5,18,2026-08-21 16:01:03,24.25071,120.71461,1,"5,0",2026-08-21 16:07:30.645343
500609074,YouBike2.0_南嵩里活動中心,豐原區,水源路9巷133號,14,7,7,2026-08-21 15:42:04,24.25249,120.74258,1,"7,0",2026-08-21 16:07:30.645343
500609075,YouBike2.0_豐勢圓環北路口,豐原區,豐勢路一段432號,15,0,15,2026-08-21 15:06:17,24.25796,120.73098,1,"0,0",2026-08-21 16:07:30.645343
500609076,YouBike2.0_豐年路139巷豐年路口,豐原區,豐年路139巷/豐年路口,18,4,14,2026-08-21 15:40:03,24.26481,120.73776,1,"2,2",2026-08-21 16:07:30.645343
500609077,YouBike2.0_翁子國小,豐原區,豐勢路二段290巷3號,10,3,7,2026-08-21 16:01:03,24.26304,120.74263,1,"3,0",2026-08-21 16:07:30.645343
500609078,YouBike2.0_忠勤綠地,豐原區,中正路776號,12,5,7,2026-08-21 15:21:02,24.24962,120.7029,1,"5,0",2026-08-21 16:07:30.645343
500609079,YouBike2.0_永康公園,豐原區,豐原大道三段/豐原大道三段263巷口(東北側),17,11,6,2026-08-21 16:01:03,24.239335,120.72747,1,"11,0",2026-08-21 16:07:30.645343
500609080,YouBike2.0_豐原大道三段(朝陽橋),豐原區,豐原大道三段/豐原大道三段239巷口(東南側),18,6,12,2026-08-21 16:00:03,24.238224,120.726837,1,"5,1",2026-08-21 16:07:30.645343
500609081,YouBike2.0_豐原大道六段655巷口,豐原區,豐原大道六段677號旁,18,5,13,2026-08-21 11:09:02,24.26427,120.72457,1,"4,1",2026-08-21 16:07:30.645343
500609082,YouBike2.0_中陽公園,豐原區,自成街49巷/惠陽街口,21,0,21,2026-08-21 15:28:16,24.25151,120.72492,1,"0,0",2026-08-21 16:07:30.645343
500609083,YouBike2.0_圓環東向陽路口,豐原區,圓環東路617號,20,4,16,2026-08-21 15:56:03,24.25088,120.72841,1,"4,0",2026-08-21 16:07:30.645343
500609084,YouBike2.0_豐原大道中山路口,豐原區,豐原大道一段/中山路口,25,3,21,2026-08-21 15:43:02,24.23718,120.71026,1,"3,0",2026-08-21 16:07:30.645343
500609085,YouBike2.0_豐栗西勢路口,豐原區,豐栗路/西勢路口,16,3,13,2026-08-21 14:15:04,24.2349,120.70071,1,"3,0",2026-08-21 16:07:30.645343
500609086,YouBike2.0_豐原國民暨兒童運動中心,豐原區,豐裕路8號,36,5,31,2026-08-21 15:56:03,24.2478,120.70469,1,"5,0",2026-08-21 16:07:30.645343
500609087,YouBike2.0_西湳兒童公園,豐原區,葫蘆墩二街46號對側,24,7,17,2026-08-21 13:46:03,24.26285,120.71849,1,"7,0",2026-08-21 16:07:30.645343
500609088,YouBike2.0_國家教育研究院,豐原區,豐勢路二段794號前,18,8,9,2026-08-21 14:01:03,24.27092,120.75192,1,"4,4",2026-08-21 16:07:30.645343
500609089,YouBike2.0_東陽里活動中心,豐原區,東陽路306號前,15,5,9,2026-08-21 15:32:03,24.23444,120.74383,1,"3,2",2026-08-21 16:07:30.645343
500609090,YouBike2.0_國豐豐科路口,豐原區,國豐路二段/豐科路口,15,6,9,2026-08-21 15:25:03,24.27629,120.72806,1,"6,0",2026-08-21 16:07:30.645343
500609091,YouBike2.0_東龍家電公車站,豐原區,西勢路550號前,18,4,14,2026-08-21 14:57:02,24.23726,120.70063,1,"4,0",2026-08-21 16:07:30.645343
500609092,YouBike2.0_大明路208巷口,豐原區,大明路/大明路208巷口,16,4,12,2026-08-21 16:05:03,24.24291,120.70789,1,"4,0",2026-08-21 16:07:30.645343
500609198,YouBike2.0_三豐路二段441巷口,豐原區,三豐路二段/三豐路二段441巷口(西南側),10,3,7,2026-08-21 14:57:02,24.27414,120.72179,1,"3,0",2026-08-21 16:07:30.645343
500610001,YouBike2.0_永明公園,大里區,永明街/永隆三街口(西北側),15,5,10,2026-08-21 16:05:02,24.107972,120.675814,1,"5,0",2026-08-21 16:07:30.645343
500610002,YouBike2.0_永隆里活動中心,大里區,永隆六街/永隆六街32巷口(西南側),24,12,12,2026-08-21 15:28:03,24.112751,120.673681,1,"12,0",2026-08-21 16:07:30.645343
500610003,YouBike2.0_永隆永隆七街101巷口,大里區,永隆七街/永隆七街101巷口(西北側),35,0,35,2026-08-21 16:05:17,24.113568,120.675713,1,"0,0",2026-08-21 16:07:30.645343
500610004,YouBike2.0_大明兒童公園(大明路),大里區,大明路/大明路366巷口(西北側),22,7,15,2026-08-21 16:00:03,24.115046,120.678402,1,"7,0",2026-08-21 16:07:30.645343
500610005,YouBike2.0_國光公園(興大南街),大里區,興大南街/永隆路口(東北側),26,4,22,2026-08-21 16:04:03,24.116506,120.676302,1,"3,1",2026-08-21 16:07:30.645343
500610006,YouBike2.0_大里兒青館,大里區,新光路32號,12,7,5,2026-08-21 16:00:03,24.11036,120.69199,1,"7,0",2026-08-21 16:07:30.645343
500610007,YouBike2.0_環河爽文路口,大里區,環河路/爽文路口(西北側),13,9,4,2026-08-21 15:44:02,24.116395,120.674155,1,"9,0",2026-08-21 16:07:30.645343
500610008,YouBike2.0_國光花市停車場,大里區,德芳南路/德芳南三街口(西北側),28,10,18,2026-08-21 15:44:02,24.10377,120.68377,1,"10,0",2026-08-21 16:07:30.645343
500610009,YouBike2.0_德芳南路德芳南一街口,大里區,德芳南路/德芳南一街口(西北側),26,5,21,2026-08-21 15:57:03,24.10255,120.68722,1,"5,0",2026-08-21 16:07:30.645343
500610010,YouBike2.0_環保公園,大里區,德芳南路/永大街口(西南側),24,6,18,2026-08-21 15:59:03,24.10456,120.67967,1,"6,0",2026-08-21 16:07:30.645343
500610011,YouBike2.0_大里圖書館,大里區,中興路一段163號,38,2,35,2026-08-21 16:06:03,24.08778,120.69557,1,"2,0",2026-08-21 16:07:30.645343
500610012,YouBike2.0_臺中市纖維工藝博物館,大里區,勝利二路口/德芳南一街(西南側),36,5,31,2026-08-21 16:02:02,24.10036,120.68707,1,"4,1",2026-08-21 16:07:30.645343
500610013,YouBike2.0_長春兒童公園,大里區,長春路78巷/長春路78巷31弄口(西北側),29,2,27,2026-08-21 16:06:03,24.0898,120.69112,1,"2,0",2026-08-21 16:07:30.645343
500610014,YouBike2.0_內新國小(新仁路),大里區,新仁路二段57號(對側人行道),34,1,33,2026-08-21 14:17:03,24.11144,120.69509,1,"1,0",2026-08-21 16:07:30.645343
500610015,YouBike2.0_爽文公園,大里區,爽文路/永隆二街口(西南側),16,5,11,2026-08-21 15:45:03,24.10571,120.67477,1,"5,0",2026-08-21 16:07:30.645343
500610016,YouBike2.0_大里高中,大里區,國中路356號(對側人行道),47,0,47,2026-08-21 16:06:03,24.09461,120.67818,1,"0,0",2026-08-21 16:07:30.645343
500610017,YouBike2.0_大買家國光店,大里區,國光路二段710號,12,9,3,2026-08-21 16:05:02,24.115824,120.67951,1,"8,1",2026-08-21 16:07:30.645343
500610018,YouBike2.0_日新河濱公園,大里區,福大路/中興路二段日新二巷口(西側),15,1,14,2026-08-21 14:29:03,24.12057,120.69077,1,"1,0",2026-08-21 16:07:30.645343
500610019,YouBike2.0_日新社區公園,大里區,日新路383號旁公園,12,3,9,2026-08-21 16:01:03,24.11872,120.69236,1,"3,0",2026-08-21 16:07:30.645343
500610020,YouBike2.0_積善公園,大里區,興大路/大明路口(西北側),38,13,25,2026-08-21 15:46:03,24.1149,120.67153,1,"13,0",2026-08-21 16:07:30.645343
500610021,YouBike2.0_臺中市立圖書館大里大新分館,大里區,大新街36-1號,18,6,12,2026-08-21 16:05:02,24.09953,120.67845,1,"6,0",2026-08-21 16:07:30.645343
500610022,YouBike2.0_瑞城國小,大里區,瑞城一街/美村街口(東北側),24,6,15,2026-08-21 16:02:02,24.08611,120.70201,1,"6,0",2026-08-21 16:07:30.645343
500610023,YouBike2.0_塗城里活動中心,大里區,塗城路/塗成路33巷口(東北側),16,7,9,2026-08-21 15:30:03,24.08655,120.72201,1,"7,0",2026-08-21 16:07:30.645343
500610024,YouBike2.0_崇光國小,大里區,益民路二段/益民路二段371巷口(東側),30,0,30,2026-08-21 15:55:18,24.11477,120.68399,1,"0,0",2026-08-21 16:07:30.645343
500610025,YouBike2.0_祥興公園,大里區,中興路二段/祥興二巷56弄口(南側),15,6,9,2026-08-21 15:47:04,24.12003,120.68846,1,"6,0",2026-08-21 16:07:30.645343
500610026,YouBike2.0_內新市場,大里區,中興路二段/東榮路一段口(東北側),32,11,21,2026-08-21 16:01:03,24.11029,120.69004,1,"11,0",2026-08-21 16:07:30.645343
500610027,YouBike2.0_大里運動公園,大里區,國光路一段/大里路口(東南側),29,13,16,2026-08-21 16:03:03,24.10028,120.68267,1,"13,0",2026-08-21 16:07:30.645343
500610028,YouBike2.0_中興大學附屬高中,大里區,東榮路/益民路二段口(西側),41,0,41,2026-08-21 16:05:17,24.11008,120.68341,1,"0,0",2026-08-21 16:07:30.645343
500610029,YouBike2.0_立新國中,大里區,立新二街/自立路口(西北側),32,9,23,2026-08-21 16:05:02,24.10441,120.69877,1,"9,0",2026-08-21 16:07:30.645343
500610030,YouBike2.0_十九甲健康公園,大里區,立元路/甲園街口(西南側),26,8,18,2026-08-21 15:45:03,24.09988,120.69476,1,"7,1",2026-08-21 16:07:30.645343
500610031,YouBike2.0_廣停五停車場,大里區,德芳南路/現岱路(西側),15,5,10,2026-08-21 16:06:03,24.10113,120.68926,1,"5,0",2026-08-21 16:07:30.645343
500610032,YouBike2.0_進士公園,大里區,爽文路/德芳路三段口(東南側),26,7,19,2026-08-21 16:05:02,24.10247,120.67465,1,"7,0",2026-08-21 16:07:30.645343
500610033,YouBike2.0_青年公園,大里區,公園街/公園街421巷口(南側),28,8,20,2026-08-21 15:59:03,24.0847,120.69365,1,"8,0",2026-08-21 16:07:30.645343
500610034,YouBike2.0_益民國小,大里區,益民路二段/益民路二段81巷口(北側),30,0,30,2026-08-21 16:02:18,24.10674,120.68673,1,"0,0",2026-08-21 16:07:30.645343
500610035,YouBike2.0_文化公園,大里區,仁福街/文化街口(西北側),30,7,23,2026-08-21 16:06:03,24.09518,120.7004,1,"7,0",2026-08-21 16:07:30.645343
500610036,YouBike2.0_美群國小,大里區,美群路155巷/三民二街口(西南側),15,4,11,2026-08-21 14:12:04,24.08336,120.71228,1,"4,0",2026-08-21 16:07:30.645343
500610037,YouBike2.0_草湖國小,大里區,大峰路/西湖路口(東北側),15,5,10,2026-08-21 15:54:02,24.07826,120.68919,1,"5,0",2026-08-21 16:07:30.645343
500610038,YouBike2.0_立元停車場,大里區,立元路/自立路口(西北側),15,11,4,2026-08-21 15:55:04,24.10141,120.6983,1,"11,0",2026-08-21 16:07:30.645343
500610039,YouBike2.0_仁化公園,大里區,仁化路313號旁公園,15,8,7,2026-08-21 16:05:02,24.09421,120.70994,1,"7,1",2026-08-21 16:07:30.645343
500610040,YouBike2.0_草湖公園,大里區,仁化路/忠孝路口(西側),15,6,9,2026-08-21 12:31:02,24.0874,120.68844,1,"6,0",2026-08-21 16:07:30.645343
500610042,YouBike2.0_仁堤公園,大里區,仁堤路/仁堤一街口(東南側),15,7,8,2026-08-21 14:53:02,24.09876,120.698626,1,"7,0",2026-08-21 16:07:30.645343
500610043,YouBike2.0_大元三角公園,大里區,國光路一段/中興路口(東北側),15,13,2,2026-08-21 16:06:03,24.095561,120.686738,1,"13,0",2026-08-21 16:07:30.645343
500610044,YouBike2.0_大里社會住宅,大里區,仁化路/健民路口(西北側),12,4,8,2026-08-21 16:06:03,24.091547,120.729143,1,"4,0",2026-08-21 16:07:30.645343
500610045,YouBike2.0_大新兒童公園,大里區,大里二街/大里路口(東南側),17,7,10,2026-08-21 15:10:05,24.10226,120.68494,1,"7,0",2026-08-21 16:07:30.645343
500610046,YouBike2.0_瑞和公園,大里區,瑞和街120巷/瑞和街口(西南側),15,6,9,2026-08-21 15:43:02,24.0851,120.70511,1,"6,0",2026-08-21 16:07:30.645343
500610047,YouBike2.0_興大附中公有停車場,大里區,益民路二段174號(對側),20,0,20,2026-08-21 15:33:18,24.10842,120.68385,1,"0,0",2026-08-21 16:07:30.645343
500610048,YouBike2.0_中投西路東興路橋下公園,大里區,中投西路/東興路(橋下公園),12,8,4,2026-08-21 15:37:03,24.108021,120.671592,1,"8,0",2026-08-21 16:07:30.645343
500610049,YouBike2.0_新仁里活動中心,大里區,立新街71號,13,2,11,2026-08-21 16:03:03,24.108,120.70547,1,"2,0",2026-08-21 16:07:30.645343
500610050,YouBike2.0_德芳兒童公園,大里區,新芳路/德芳南三街口(東南側),15,3,12,2026-08-21 15:12:03,24.10462,120.68463,1,"3,0",2026-08-21 16:07:30.645343
500610051,YouBike2.0_立德社區公園,大里區,立仁五路/立仁一路口(東側),11,3,8,2026-08-21 14:16:03,24.102556,120.700203,1,"3,0",2026-08-21 16:07:30.645343
500610052,YouBike2.0_竹仔坑社區活動中心,大里區,校前路/校前路26巷口(南側),15,12,3,2026-08-21 14:54:02,24.0894,120.72933,1,"12,0",2026-08-21 16:07:30.645343
500610053,YouBike2.0_仁美社區公園,大里區,仁愛路160巷/仁愛路160巷71弄口(西南側),14,6,8,2026-08-21 15:56:03,24.097502,120.705732,1,"6,0",2026-08-21 16:07:30.645343
500610054,YouBike2.0_大智喬城路口(東南側),大里區,大智路615號前,13,2,11,2026-08-21 16:05:02,24.12212,120.690341,1,"1,1",2026-08-21 16:07:30.645343
500610055,YouBike2.0_甲堤六街公園,大里區,甲興路/甲堤六街口(東側),15,2,13,2026-08-21 16:00:03,24.1072,120.69827,1,"2,0",2026-08-21 16:07:30.645343
500610056,YouBike2.0_立元立仁路口,大里區,立仁路275號(對側人行道),15,2,12,2026-08-21 16:04:03,24.10495,120.70657,1,"2,0",2026-08-21 16:07:30.645343
500610057,YouBike2.0_台3線中興路一段2巷口,大里區,台3線/中興路一段2巷口(東北側),14,1,13,2026-08-21 15:07:05,24.07979,120.69899,1,"1,0",2026-08-21 16:07:30.645343
500610058,YouBike2.0_爽文國中(永隆路),大里區,永隆路/永隆二街口(東北側),20,4,16,2026-08-21 15:55:04,24.10659,120.67698,1,"4,0",2026-08-21 16:07:30.645343
500610059,YouBike2.0_力山美群,大里區,美群北路272號(東北側),20,10,10,2026-08-21 15:44:02,24.09143,120.71132,1,"10,0",2026-08-21 16:07:30.645343
500610060,YouBike2.0_東湖公園(科技路),大里區,科技路1號(對側公園),14,4,10,2026-08-21 16:01:03,24.085,120.69518,1,"4,0",2026-08-21 16:07:30.645343
500610062,YouBike2.0_東明公園(南側),大里區,東明路175巷7弄/東明路174巷口,12,1,11,2026-08-21 15:49:02,24.11286,120.68519,1,"1,0",2026-08-21 16:07:30.645343
500610063,YouBike2.0_祥興忠明南路1240巷口,大里區,祥興路551號(對側人行道),15,3,12,2026-08-21 15:48:03,24.11742,120.68111,1,"3,0",2026-08-21 16:07:30.645343
500610064,YouBike2.0_文心南路1316巷口(西北側),大里區,文心南路1310號前,11,3,8,2026-08-21 15:13:02,24.103852,120.669367,1,"3,0",2026-08-21 16:07:30.645343
500610066,YouBike2.0_日新橋(西南端),大里區,中興路二段/中興路二段747巷口(西側),15,3,12,2026-08-21 15:28:03,24.119288,120.689155,1,"3,0",2026-08-21 16:07:30.645343
500610067,YouBike2.0_天祐宮,大里區,樹王路405之3號(東側),40,7,33,2026-08-21 16:04:03,24.11018,120.6653,1,"7,0",2026-08-21 16:07:30.645343
500610068,YouBike2.0_瓦磘大里路口(西南側),大里區,瓦磘路18號旁,15,2,13,2026-08-21 15:17:04,24.09632,120.6688,1,"2,0",2026-08-21 16:07:30.645343
500610070,YouBike2.0_新忠公園,大里區,新忠路/益民路一段492巷口(東南側),27,15,12,2026-08-21 15:51:02,24.10712,120.69078,1,"15,0",2026-08-21 16:07:30.645343
500610071,YouBike2.0_瑞城公園,大里區,中興路一段26巷/美村路口(東北側),11,4,7,2026-08-21 14:32:04,24.08315,120.70425,1,"4,0",2026-08-21 16:07:30.645343
500610072,YouBike2.0_大里成功國中,大里區,至善路157號,18,0,18,2026-08-21 15:35:18,24.09416,120.69911,1,"0,0",2026-08-21 16:07:30.645343
500610073,YouBike2.0_大里仁愛醫院,大里區,國光路二段398號前,15,1,14,2026-08-21 16:03:03,24.109873,120.679796,1,"0,1",2026-08-21 16:07:30.645343
500610074,YouBike2.0_泰興公園,大里區,金城街/龍城街口(西北側),15,9,6,2026-08-21 15:04:04,24.087266,120.699627,1,"9,0",2026-08-21 16:07:30.645343
500610075,YouBike2.0_仁化工業區公園,大里區,仁化工二路58號,15,8,7,2026-08-21 15:08:03,24.0927,120.7254,1,"8,0",2026-08-21 16:07:30.645343
500610076,YouBike2.0_金城社區公園,大里區,上興街二段85號旁,18,3,15,2026-08-21 16:00:03,24.09179,120.69893,1,"3,0",2026-08-21 16:07:30.645343
500610078,YouBike2.0_三角運動公園,大里區,鳳凰路/工業七路口(東北側),20,10,10,2026-08-21 16:05:03,24.09604,120.71745,1,"10,0",2026-08-21 16:07:30.645343
500610079,YouBike2.0_祥興國光路口,大里區,祥興路/國光路口,22,1,21,2026-08-21 14:24:03,24.11761,120.68032,1,"1,0",2026-08-21 16:07:30.645343
500610080,YouBike2.0_清海化學公車站,大里區,文心南路1197號,17,7,10,2026-08-21 14:57:02,24.10685,120.66463,1,"7,0",2026-08-21 16:07:30.645343
500610081,YouBike2.0_大里健康社區,大里區,健民路/健康二街口(西北側),18,9,9,2026-08-21 11:12:04,24.09339,120.72923,1,"9,0",2026-08-21 16:07:30.645343
500610082,YouBike2.0_立仁路公教街209巷口,大里區,公教街188號對側,18,4,14,2026-08-21 14:30:04,24.10755,120.71033,1,"4,0",2026-08-21 16:07:30.645343
500611001,YouBike2.0_新光國小(新興路),太平區,新興路200號,51,18,33,2026-08-21 15:37:03,24.15938,120.70748,1,"17,1",2026-08-21 16:07:30.645343
500611002,YouBike2.0_祥順運動公園(環中東路),太平區,環中東路四段629號(南側),15,6,9,2026-08-21 16:01:03,24.13794,120.71059,1,"6,0",2026-08-21 16:07:30.645343
500611003,YouBike2.0_宜昌兒童公園(宜昌路),太平區,宜昌路/十甲路口(西南側),28,0,28,2026-08-21 15:02:20,24.14425,120.71342,1,"0,0",2026-08-21 16:07:30.645343
500611004,YouBike2.0_中山路28巷中山路口(東北側),太平區,中山路28巷/中山路四段口(東北側),20,5,15,2026-08-21 16:06:03,24.15006,120.71215,1,"5,0",2026-08-21 16:07:30.645343
500611005,YouBike2.0_新安兒童公園,太平區,新安街/新興一街口(東南側),15,6,9,2026-08-21 15:39:04,24.16009,120.71154,1,"6,0",2026-08-21 16:07:30.645343
500611006,YouBike2.0_新平立體停車場(樹孝路),太平區,中山路三段/樹孝路口(西北側),35,2,33,2026-08-21 15:51:02,24.148927,120.715953,1,"2,0",2026-08-21 16:07:30.645343
500611007,YouBike2.0_立文公園,太平區,立功路/育才路口(東南側),27,1,25,2026-08-21 15:54:02,24.156571,120.715336,1,"1,0",2026-08-21 16:07:30.645343
500611008,YouBike2.0_新高新光新興聯合里活動中心,太平區,立文街/立功路口(東南側),19,4,15,2026-08-21 15:54:02,24.159456,120.715793,1,"3,1",2026-08-21 16:07:30.645343
500611009,YouBike2.0_新福公園(旱溪東路),太平區,旱溪東路二段/中山路四段口(東北側),38,2,12,2026-08-21 14:59:03,24.15085,120.7013,1,"0,2",2026-08-21 16:07:30.645343
500611010,YouBike2.0_太平宜佳公園,太平區,宜佳街/宜佳街31巷口(西南側),15,2,13,2026-08-21 15:21:02,24.13975,120.71298,1,"2,0",2026-08-21 16:07:30.645343
500611011,YouBike2.0_育賢段社會住宅,太平區,育賢路/立文街口(東南側),18,1,17,2026-08-21 15:49:02,24.158647,120.716738,1,"1,0",2026-08-21 16:07:30.645343
500611012,YouBike2.0_祥順運動公園,太平區,宜昌路87巷/宜昌路口(西南側),30,2,28,2026-08-21 15:46:03,24.13747,120.71251,1,"2,0",2026-08-21 16:07:30.645343
500611013,YouBike2.0_新光國小(太順路),太平區,太順路/新興二街口(東南側),15,0,15,2026-08-21 16:06:03,24.16114,120.70594,1,"0,0",2026-08-21 16:07:30.645343
500611014,YouBike2.0_新平國小,太平區,育德路162巷/樹孝路274巷9弄口(東北側),30,3,27,2026-08-21 15:50:04,24.15436,120.71975,1,"2,1",2026-08-21 16:07:30.645343
500611015,YouBike2.0_一江橋,太平區,光興路/長龍路一段口(西南側),26,6,20,2026-08-21 15:52:04,24.13121,120.73726,1,"6,0",2026-08-21 16:07:30.645343
500611016,YouBike2.0_長億公園,太平區,永成北路/永成北路151巷口(西南側),30,9,21,2026-08-21 15:49:16,24.11776,120.71478,1,"9,0",2026-08-21 16:07:30.645343
500611017,YouBike2.0_太平區運動場,太平區,永平路一段/中興東路口(西北側),30,5,25,2026-08-21 16:00:03,24.13094,120.72047,1,"5,0",2026-08-21 16:07:30.645343
500611018,YouBike2.0_坪林森林公園,太平區,中山路二段401號旁(人行道),30,9,20,2026-08-21 15:32:03,24.15006,120.72839,1,"9,0",2026-08-21 16:07:30.645343
500611019,YouBike2.0_中平公園,太平區,太平路176號,22,7,15,2026-08-21 15:43:02,24.12079,120.7207,1,"6,1",2026-08-21 16:07:30.645343
500611020,YouBike2.0_屯區藝文中心,太平區,長安東路/長安路口(東南側),22,7,15,2026-08-21 15:54:02,24.15664,120.73372,1,"7,0",2026-08-21 16:07:30.645343
500611021,YouBike2.0_大源公園,太平區,大源十八街/環太東路口(東南側),30,7,23,2026-08-21 15:44:02,24.14222,120.72286,1,"7,0",2026-08-21 16:07:30.645343
500611022,YouBike2.0_中平國中,太平區,太平路/太平十三街口(北側),22,2,20,2026-08-21 15:59:03,24.12264,120.71838,1,"1,1",2026-08-21 16:07:30.645343
500611023,YouBike2.0_東村公園,太平區,東村八街13巷16號旁公園,12,2,10,2026-08-21 15:53:03,24.13703,120.72475,1,"2,0",2026-08-21 16:07:30.645343
500611024,YouBike2.0_太平國中,太平區,中山路二段116號,25,3,22,2026-08-21 16:05:02,24.14804,120.73432,1,"3,0",2026-08-21 16:07:30.645343
500611025,YouBike2.0_育賢停車場(育賢路),太平區,育賢路181號(對側人行道),20,5,15,2026-08-21 15:58:02,24.15801,120.71939,1,"4,1",2026-08-21 16:07:30.645343
500611026,YouBike2.0_育賢停車場(近環中東路),太平區,育賢路233號(對側人行道),20,4,16,2026-08-21 15:51:02,24.15834,120.71798,1,"4,0",2026-08-21 16:07:30.645343
500611027,YouBike2.0_豐年公園,太平區,環太東路/大源二街口(南側),14,2,12,2026-08-21 15:51:02,24.14477,120.72333,1,"2,0",2026-08-21 16:07:30.645343
500611028,YouBike2.0_宜富公園,太平區,祥順路一段/宜昌東路160巷口(西北側),15,5,10,2026-08-21 11:33:04,24.14435,120.72167,1,"5,0",2026-08-21 16:07:30.645343
500611029,YouBike2.0_華成曉園,太平區,長安十一街/長安街口(西北側),12,4,8,2026-08-21 15:36:03,24.15268,120.72636,1,"2,2",2026-08-21 16:07:30.645343
500611030,YouBike2.0_太平區福星公園,太平區,太平三街/長億九街口(西南側),17,1,16,2026-08-21 15:57:03,24.113689,120.716475,1,"0,1",2026-08-21 16:07:30.645343
500611031,YouBike2.0_臺中市立圖書館太平坪林分館,太平區,中山路一段213號,10,0,10,2026-08-21 14:16:16,24.141639,120.732547,1,"0,0",2026-08-21 16:07:30.645343
500611032,YouBike2.0_祥順新平路一段口,太平區,祥順路一段/新平路一段口(西南側),17,2,15,2026-08-21 15:58:02,24.13582,120.71546,1,"1,1",2026-08-21 16:07:30.645343
500611033,YouBike2.0_新坪里活動中心,太平區,新平路三段394巷1號前停車場,12,3,9,2026-08-21 14:47:04,24.15577,120.72609,1,"2,1",2026-08-21 16:07:30.645343
500611034,YouBike2.0_太平國小,太平區,中興路/新平路一段口(西南側),12,0,0,2026-07-12 00:01:03,24.128217,120.717186,0,"0,0",2026-08-21 16:07:30.645343
500611035,YouBike2.0_太平產業園區,太平區,光興路/園區路口(西北側),15,5,10,2026-08-21 14:31:03,24.09998,120.7288,1,"4,1",2026-08-21 16:07:30.645343
500611036,YouBike2.0_永福公園,太平區,太堤西路/長億十一街口(西南側),20,4,16,2026-08-21 15:51:02,24.11157,120.71575,1,"4,0",2026-08-21 16:07:30.645343
500611037,YouBike2.0_勤益科大(東側門),太平區,勤益大道/中山路一段215巷口(西北側),35,0,35,2026-08-21 16:03:19,24.14338,120.73244,1,"0,0",2026-08-21 16:07:30.645343
500611038,YouBike2.0_福平公園,太平區,建祥街/建功街口(東北側),11,3,8,2026-08-21 15:35:04,24.12615,120.72405,1,"3,0",2026-08-21 16:07:30.645343
500611039,YouBike2.0_吉祥公園,太平區,祥順路一段/坪林橋口(西北側),16,7,9,2026-08-21 15:27:02,24.14967,120.72318,1,"7,0",2026-08-21 16:07:30.645343
500611040,YouBike2.0_光隆國小,太平區,光興路487巷/光德路390巷口(東南側),18,3,15,2026-08-21 16:04:03,24.10507,120.72687,1,"3,0",2026-08-21 16:07:30.645343
500611041,YouBike2.0_新福振武路口,太平區,新福路/振武路口(北側),15,10,5,2026-08-21 15:40:03,24.154775,120.704152,1,"10,0",2026-08-21 16:07:30.645343
500611042,YouBike2.0_中山路二段大興路口,太平區,中山路二段/大興路口(西北側),12,6,5,2026-08-21 15:22:04,24.15062,120.73296,1,"6,0",2026-08-21 16:07:30.645343
500611043,YouBike2.0_麗園公園(環太東路),太平區,環太東路461號(西南側),30,0,0,2026-07-12 00:01:03,24.15707,120.72884,0,"0,0",2026-08-21 16:07:30.645343
500611045,YouBike2.0_建國公園,太平區,精美路240號(東側公園),15,4,11,2026-08-21 15:41:03,24.123436,120.724367,1,"4,0",2026-08-21 16:07:30.645343
500611046,YouBike2.0_太平里永豐公園,太平區,永豐路28巷/永豐路口(西北側),10,8,2,2026-08-21 14:33:05,24.124335,120.71274,1,"7,1",2026-08-21 16:07:30.645343
500611047,YouBike2.0_溪南公園,太平區,環太東路/太安一街口(東側),13,3,10,2026-08-21 15:46:03,24.15961,120.73815,1,"3,0",2026-08-21 16:07:30.645343
500611048,YouBike2.0_德興公園(新安街),太平區,新安街112號(對側人行道),13,2,9,2026-08-21 15:31:04,24.16015,120.70925,1,"2,0",2026-08-21 16:07:30.645343
500611049,YouBike2.0_宜欣公園,太平區,宜昌東路90巷/祥順路一段口,15,3,10,2026-08-21 15:19:02,24.13826,120.71905,1,"3,0",2026-08-21 16:07:30.645343
500611050,YouBike2.0_太平區廣1停車場,太平區,太興路27號(對側),15,3,12,2026-08-21 15:29:03,24.162523,120.706472,1,"3,0",2026-08-21 16:07:30.645343
500611051,YouBike2.0_長億高中,太平區,長億六街1號,35,0,0,2026-07-12 00:01:03,24.11356,120.72134,0,"0,0",2026-08-21 16:07:30.645343
500611052,YouBike2.0_光華高工,太平區,東平路23號(對側),19,5,14,2026-08-21 15:30:03,24.13392,120.7357,1,"4,1",2026-08-21 16:07:30.645343
500611053,YouBike2.0_綠1公園,太平區,成功東路/中興東路口(東北側),20,7,13,2026-08-21 15:33:04,24.1338,120.72594,1,"7,0",2026-08-21 16:07:30.645343
500611054,YouBike2.0_精美公園,太平區,正誠街460號(東南側),15,1,14,2026-08-21 15:57:03,24.125722,120.725481,1,"1,0",2026-08-21 16:07:30.645343
500611055,YouBike2.0_臺中市立圖書館太平分館,太平區,太平三街20號(南側),12,4,8,2026-08-21 15:54:03,24.118839,120.721573,1,"4,0",2026-08-21 16:07:30.645343
500611056,YouBike2.0_大興路大興十九街口,太平區,大興路/大興十九街口(東北側),15,1,14,2026-08-21 14:15:04,24.15747,120.74221,1,"1,0",2026-08-21 16:07:30.645343
500611057,YouBike2.0_馬卡龍公園(市民大道),太平區,市民大道/東英十七街口(東側),15,7,8,2026-08-21 14:23:03,24.14814,120.712,1,"7,0",2026-08-21 16:07:30.645343
500611058,YouBike2.0_馬卡龍公園(環中東路),太平區,環中東路四段/市民大道一段口(北側),15,8,7,2026-08-21 16:05:03,24.14606,120.71262,1,"8,0",2026-08-21 16:07:30.645343
500611059,YouBike2.0_甲堤公園,太平區,新仁路一段206巷23弄7號(西側),12,4,8,2026-08-21 15:14:04,24.11203,120.70151,1,"4,0",2026-08-21 16:07:30.645343
500611060,YouBike2.0_正誠公園,太平區,正誠街48號前,13,2,10,2026-08-21 15:49:02,24.129492,120.731408,1,"2,0",2026-08-21 16:07:30.645343
500611062,YouBike2.0_太平區921震災紀念公園,太平區,太平路12號(西南側),20,1,19,2026-08-21 16:05:03,24.1176,120.72363,1,"1,0",2026-08-21 16:07:30.645343
500611063,YouBike2.0_新光水資源回收中心,太平區,祥順路一段5號,15,3,12,2026-08-20 18:52:03,24.13556,120.7121,1,"3,0",2026-08-21 16:07:30.645343
500611065,YouBike2.0_光興光興路1352巷口,太平區,光興路/光興路1352巷口(南側),15,2,13,2026-08-21 15:45:03,24.116463,120.732769,1,"1,1",2026-08-21 16:07:30.645343
500611066,YouBike2.0_德明路428巷口,太平區,德明路400巷1弄35號旁,16,3,12,2026-08-21 15:42:04,24.10327,120.71989,1,"3,0",2026-08-21 16:07:30.645343
500611067,YouBike2.0_東平夜市,太平區,東平路501號,17,7,10,2026-08-21 15:39:04,24.13363,120.71907,1,"6,1",2026-08-21 16:07:30.645343
500611068,YouBike2.0_永義太平路口,太平區,永義路246號旁,16,5,11,2026-08-21 16:05:03,24.12707,120.71137,1,"5,0",2026-08-21 16:07:30.645343
500611070,YouBike2.0_光興光明路口,太平區,光興路/光明路口,18,7,11,2026-08-21 15:47:04,24.11009,120.73003,1,"7,0",2026-08-21 16:07:30.645343
500611071,YouBike2.0_宜欣仁和公園,太平區,仁和街4巷18號,24,3,21,2026-08-21 15:16:03,24.13706,120.71767,1,"3,0",2026-08-21 16:07:30.645343
500611073,YouBike2.0_環中東路樹德八街口,太平區,環中東路三段/樹德八街口(西北側),30,6,24,2026-08-21 16:02:02,24.15575,120.7169,1,"6,0",2026-08-21 16:07:30.645343
500611074,YouBike2.0_新高國小,太平區,立功路68號(西南側),28,3,25,2026-08-21 16:04:03,24.1505,120.71332,1,"3,0",2026-08-21 16:07:30.645343
500611075,YouBike2.0_八德公園,太平區,中山路三段2-8號,30,4,26,2026-08-21 15:56:03,24.14785,120.72255,1,"4,0",2026-08-21 16:07:30.645343
500611076,YouBike2.0_環中東樹孝路273巷口,太平區,環中東路三段305號前,35,9,26,2026-08-21 16:06:04,24.15445,120.71711,1,"9,0",2026-08-21 16:07:30.645343
500611077,YouBike2.0_太平長億好宅,太平區,永成北路33巷/長億路口,20,4,16,2026-08-21 16:06:04,24.11476,120.71500,1,"4,0",2026-08-21 16:07:30.645343
500611078,YouBike2.0_長億高中(長億八街),太平區,長億八街/永祥街口,45,9,36,2026-08-21 15:41:03,24.11272,120.71962,1,"8,1",2026-08-21 16:07:30.645343
500611080,YouBike2.0_大興路大興十五街口,太平區,大興路361號,18,3,15,2026-08-21 11:11:03,24.15712,120.73785,1,"2,1",2026-08-21 16:07:30.645343
500612001,YouBike2.0_清水牛罵頭停車場,清水區,光華路145號(對側人行道),24,8,16,2026-08-21 15:51:02,24.26851,120.5742,1,"8,0",2026-08-21 16:07:30.645343
500612002,YouBike2.0_臺中市港區藝術中心,清水區,鎮政路/忠貞路口(北側),16,6,10,2026-08-21 16:05:02,24.26935,120.55791,1,"6,0",2026-08-21 16:07:30.645343
500612003,YouBike2.0_清水運動場,清水區,五權二街/五權路口(東側),24,6,18,2026-08-21 07:30:03,24.27824,120.55876,1,"6,0",2026-08-21 16:07:30.645343
500612004,YouBike2.0_高美濕地第一停車場,清水區,高美路/美堤街口(東南側),50,8,42,2026-08-21 14:12:04,24.30252,120.54643,1,"8,0",2026-08-21 16:07:30.645343
500612005,YouBike2.0_高美濕地第二停車場,清水區,臨港路六段100號(北側),16,3,13,2026-08-20 19:00:21,24.2956,120.5441,1,"3,0",2026-08-21 16:07:30.645343
500612006,YouBike2.0_高美濕地,清水區,美堤街168號前,60,9,51,2026-08-21 16:05:02,24.31034,120.55019,1,"9,0",2026-08-21 16:07:30.645343
500612007,YouBike2.0_清水車站,清水區,中正街/中正街73巷口(南側),52,8,44,2026-08-21 15:51:02,24.26312,120.57032,1,"8,0",2026-08-21 16:07:30.645343
500612008,YouBike2.0_槺榔運動公園,清水區,港口路/中央路口(西南側),15,3,12,2026-08-21 14:30:21,24.265868,120.546131,1,"3,0",2026-08-21 16:07:30.645343
500612009,YouBike2.0_槺新公園,清水區,中央路38巷/鎮政二街99巷口(西南側),10,3,7,2026-08-21 12:21:03,24.268847,120.549175,1,"3,0",2026-08-21 16:07:30.645343
500612010,YouBike2.0_清水國中,清水區,鰲峰路245號(對側),20,14,6,2026-08-21 16:06:03,24.267703,120.562295,1,"14,0",2026-08-21 16:07:30.645343
500612011,YouBike2.0_牛埔仔運動公園,清水區,信義路115號(對側),15,3,12,2026-08-21 14:23:16,24.264749,120.55254,1,"3,0",2026-08-21 16:07:30.645343
500612012,YouBike2.0_清水高中,清水區,中山路/學園街口(東南側),23,16,7,2026-08-21 15:36:03,24.265751,120.574272,1,"16,0",2026-08-21 16:07:30.645343
500612013,YouBike2.0_牛罵頭停車場(中山路),清水區,中山路/鎮北街23巷口(西南側),8,7,1,2026-08-21 15:58:15,24.268155,120.575002,1,"7,0",2026-08-21 16:07:30.645343
500612014,YouBike2.0_四維港都路口,清水區,四維路二段/港都路口(北側),22,2,20,2026-08-21 15:57:03,24.268124,120.539768,1,"2,0",2026-08-21 16:07:30.645343
500612015,YouBike2.0_牛罵頭遺址,清水區,鰲海路/吳厝路口(西南側),13,1,12,2026-08-21 07:31:04,24.26796,120.58057,1,"1,0",2026-08-21 16:07:30.645343
500612016,YouBike2.0_鰲峰山公園,清水區,鰲海路100號(對側停車場),15,4,11,2026-08-21 15:26:02,24.27362,120.58488,1,"4,0",2026-08-21 16:07:30.645343
500612017,YouBike2.0_清水區公所,清水區,鎮政路/鎮政路55巷口(西側),30,7,23,2026-08-21 15:43:02,24.26848,120.55998,1,"7,0",2026-08-21 16:07:30.645343
500612018,YouBike2.0_清海國中,清水區,中央路/平等路口(西南側),15,8,7,2026-08-21 10:53:02,24.27648,120.55441,1,"8,0",2026-08-21 16:07:30.645343
500612019,YouBike2.0_甲桂林社區,清水區,忠誠路/中社路口(東南側),12,4,8,2026-08-21 06:27:03,24.274235,120.55004,1,"4,0",2026-08-21 16:07:30.645343
500612020,YouBike2.0_運五棒球場,清水區,南社路/中山路田尾巷口(東北側),12,4,7,2026-08-21 07:04:04,24.26336,120.56697,1,"4,0",2026-08-21 16:07:30.645343
500612021,YouBike2.0_海巡署中部分署,清水區,中社路900號,12,4,8,2026-08-21 14:32:04,24.27581,120.54225,1,"4,0",2026-08-21 16:07:30.645343
500612022,YouBike2.0_清水停八停車場,清水區,港都路/港都三路口(西北側),12,2,10,2026-08-21 14:28:02,24.26929,120.5363,1,"2,0",2026-08-21 16:07:30.645343
500612023,YouBike2.0_清水停二停車場,清水區,八德東路241號(對側人行道),30,5,25,2026-08-21 15:30:03,24.26788,120.53717,1,"5,0",2026-08-21 16:07:30.645343
500612024,YouBike2.0_和平新城,清水區,鎮政路27號前,28,9,19,2026-08-21 15:03:03,24.26531,120.56068,1,"9,0",2026-08-21 16:07:30.645343
500612025,YouBike2.0_中華中清路口,清水區,中華路/中清路八段口(東北側),12,3,9,2026-08-21 14:52:03,24.27032,120.5678,1,"3,0",2026-08-21 16:07:30.645343
500612026,YouBike2.0_石瀨頭公園,清水區,光明路62號(東南側),12,3,9,2026-08-21 14:42:02,24.273081,120.580028,1,"3,0",2026-08-21 16:07:30.645343
500612027,YouBike2.0_大楊油庫休憩公園,清水區,鰲海路/海風二街(西南側),10,4,6,2026-08-20 21:45:16,24.295837,120.611673,1,"4,0",2026-08-21 16:07:30.645343
500612028,YouBike2.0_航線休憩驛站,清水區,神清路59號之3前,9,4,5,2026-08-19 20:54:04,24.273993,120.630303,1,"4,0",2026-08-21 16:07:30.645343
500612029,YouBike2.0_吳厝國小,清水區,吳厝路35號,10,5,5,2026-08-21 14:07:02,24.267409,120.602975,1,"5,0",2026-08-21 16:07:30.645343
500612030,YouBike2.0_中山中興街口,清水區,中山路345號前,14,1,13,2026-08-21 16:05:02,24.271872,120.576446,1,"1,0",2026-08-21 16:07:30.645343
500612031,YouBike2.0_聖王宮,清水區,和睦路二段/和睦路二段26巷8弄口(西側),10,6,4,2026-08-21 07:38:02,24.29228,120.632397,1,"5,1",2026-08-21 16:07:30.645343
500612032,YouBike2.0_西寧國小(五權東路),清水區,五權東路/中華路584巷口(東側),13,4,9,2026-08-21 15:22:04,24.275535,120.574531,1,"4,0",2026-08-21 16:07:30.645343
500612033,YouBike2.0_橋頭社區活動中心,清水區,橋江南街68號(西側),13,2,11,2026-08-21 15:41:03,24.279202,120.571783,1,"2,0",2026-08-21 16:07:30.645343
500612034,YouBike2.0_五權路民享路口,清水區,五權路/民享路口(西南側),20,4,16,2026-08-21 15:55:04,24.27669,120.56817,1,"4,0",2026-08-21 16:07:30.645343
500612035,YouBike2.0_漁港海濱路口,清水區,漁港路117號(對側),11,4,7,2026-08-21 11:40:04,24.28701,120.54383,1,"4,0",2026-08-21 16:07:30.645343
500612036,YouBike2.0_漁港文興路口,清水區,漁港路/文興路口(東南側),10,4,6,2026-08-21 10:19:03,24.28829,120.54191,1,"4,0",2026-08-21 16:07:30.645343
500612037,YouBike2.0_五權南平等路口,清水區,五權南路/平等路口(西北側),10,4,6,2026-08-21 16:01:03,24.27454,120.55886,1,"4,0",2026-08-21 16:07:30.645343
500612038,YouBike2.0_五權五權南路口,清水區,五權路269號旁,15,4,11,2026-08-21 16:04:03,24.27722,120.56022,1,"4,0",2026-08-21 16:07:30.645343
500612039,YouBike2.0_牛埔仔運動公園(民權一街),清水區,民權一街178-17號(西北側),15,5,10,2026-08-21 14:22:04,24.26456,120.553838,1,"5,0",2026-08-21 16:07:30.645343
500612040,YouBike2.0_中山星河路口,清水區,中山路2-2號(北側),20,1,19,2026-08-21 14:58:02,24.2598,120.571395,1,"1,0",2026-08-21 16:07:30.645343
500612041,YouBike2.0_中華南華路口,清水區,中華路二段/南華路口(東南側),12,7,5,2026-08-21 07:03:02,24.267257,120.566341,1,"7,0",2026-08-21 16:07:30.645343
500612042,YouBike2.0_中華民族路口,清水區,中華路151-1號(東南側),12,6,6,2026-08-21 12:49:03,24.264166,120.56294,1,"6,0",2026-08-21 16:07:30.645343
500612043,YouBike2.0_中山中正街口,清水區,中山路79號(東北側),19,4,11,2026-08-21 16:03:03,24.262297,120.572531,1,"4,0",2026-08-21 16:07:30.645343
500612044,YouBike2.0_臺中市立圖書館清水分館,清水區,鎮政路50號(北側),12,6,6,2026-08-21 15:47:04,24.266712,120.561329,1,"6,0",2026-08-21 16:07:30.645343
500612045,YouBike2.0_甲南中山路口(西南側),清水區,甲南路/中山路口(西南側),15,6,9,2026-08-21 13:42:02,24.30466,120.60101,1,"6,0",2026-08-21 16:07:30.645343
500612047,YouBike2.0_仁愛民和路二段口,清水區,民和路二段222號(西南側),15,4,11,2026-08-21 15:55:04,24.260769,120.554265,1,"4,0",2026-08-21 16:07:30.645343
500612048,YouBike2.0_仁愛信義路口,清水區,信義路3號(東南側),15,6,9,2026-08-21 13:52:03,24.261709,120.551153,1,"6,0",2026-08-21 16:07:30.645343
500612049,YouBike2.0_中央鎮平路口,清水區,中央路118號(東南側),15,9,6,2026-08-21 15:57:03,24.291249,120.565047,1,"8,1",2026-08-21 16:07:30.645343
500612050,YouBike2.0_建國國小,清水區,建國路10號(東南側),13,6,6,2026-08-21 11:18:03,24.270029,120.563349,1,"6,0",2026-08-21 16:07:30.645343
500612051,YouBike2.0_槺榔社區活動中心,清水區,仁愛路223號(對側),10,3,7,2026-08-21 14:37:02,24.26315,120.54637,1,"3,0",2026-08-21 16:07:30.645343
500612052,YouBike2.0_清水民族民和路口,清水區,民族路二段/民和路二段口(西南側),15,3,12,2026-08-21 14:17:03,24.265425,120.555876,1,"3,0",2026-08-21 16:07:30.645343
500612053,YouBike2.0_橋江北街鎮平路口,清水區,橋江北街二段20號(西北側),10,3,7,2026-08-21 12:25:04,24.29185,120.554667,1,"3,0",2026-08-21 16:07:30.645343
500612055,YouBike2.0_清水車站(後站停車場),清水區,南社路/南新路口(東南側),25,8,17,2026-08-21 15:59:03,24.263967,120.568188,1,"8,0",2026-08-21 16:07:30.645343
500612056,YouBike2.0_中清路橋下籃球場,清水區,中清路八段720號(東側),15,11,4,2026-08-21 15:59:03,24.265886,120.571529,1,"11,0",2026-08-21 16:07:30.645343
500612058,YouBike2.0_清水停三停車場,清水區,港埠路三段209號(南側),20,7,13,2026-08-21 13:43:03,24.26672,120.54323,1,"7,0",2026-08-21 16:07:30.645343
500612059,YouBike2.0_臨港三順路口,清水區,臨港路六段/三順路口(北側),15,7,8,2026-08-20 21:43:03,24.295111,120.555292,1,"7,0",2026-08-21 16:07:30.645343
500612060,YouBike2.0_民安鰲峰路口,清水區,民安路368號對側,15,6,9,2026-08-21 15:49:02,24.26499,120.54941,1,"6,0",2026-08-21 16:07:30.645343
500612061,YouBike2.0_海風里活動中心,清水區,海風二街326巷26號,15,5,10,2026-08-18 20:43:02,24.29552,120.61534,1,"5,0",2026-08-21 16:07:30.645343
500612062,YouBike2.0_大楊國小,清水區,鰲海路325號,15,5,9,2026-08-20 21:48:02,24.29275,120.61049,1,"5,0",2026-08-21 16:07:30.645343
500612063,YouBike2.0_四維東大勇路口,清水區,四維東路472號,17,4,13,2026-08-21 15:40:03,24.26556,120.54094,1,"4,0",2026-08-21 16:07:30.645343
500612065,YouBike2.0_溪底(三美路),清水區,三美路147-2號對側,10,5,5,2026-08-21 13:58:04,24.29902,120.57789,1,"5,0",2026-08-21 16:07:30.645343
500612066,YouBike2.0_三美三田路口,清水區,三美路31-5號對側,15,6,9,2026-08-21 15:30:03,24.29075,120.57477,1,"6,0",2026-08-21 16:07:30.645343
500612067,YouBike2.0_高美中央北路口,清水區,三美路302-6號旁,15,6,9,2026-08-21 15:34:03,24.29065,120.57141,1,"6,0",2026-08-21 16:07:30.645343
500612068,YouBike2.0_大街中航路口,清水區,大街路/中航路三段口,15,2,13,2026-08-21 11:04:02,24.2644,120.57594,1,"2,0",2026-08-21 16:07:30.645343
500612069,YouBike2.0_大秀國小,清水區,中央路67-6號對側,20,2,18,2026-08-21 16:01:03,24.27966,120.55605,1,"2,0",2026-08-21 16:07:30.645343
500612070,YouBike2.0_臺中海洋生態館,清水區,北堤路50號(東南側),20,3,17,2026-08-21 16:05:03,24.295923,120.520487,1,"2,1",2026-08-21 16:07:30.645343
500612071,YouBike2.0_中社里步道,清水區,中社路97之62號(西南側),18,3,15,2026-08-21 10:30:04,24.273149,120.546922,1,"3,0",2026-08-21 16:07:30.645343
500612072,YouBike2.0_槺海公園,清水區,八德路三段300號(西南側),18,4,14,2026-08-21 15:51:02,24.27532,120.537711,1,"4,0",2026-08-21 16:07:30.645343
500612073,YouBike2.0_清水納骨塔服務中心,清水區,頂湳路101號對側,15,4,11,2026-08-21 08:47:02,24.30233,120.60036,1,"4,0",2026-08-21 16:07:30.645343
500612074,YouBike2.0_新興中山路口,清水區,新興路/中山路口(東側),18,2,16,2026-08-21 14:54:03,24.27369,120.57773,1,"2,0",2026-08-21 16:07:30.645343
500612075,YouBike2.0_高美社區公車站,清水區,高美路530號(西北側),12,5,7,2026-08-21 09:27:03,24.308405,120.562726,1,"5,0",2026-08-21 16:07:30.645343
500612077,YouBike2.0_高北加壓站園區,清水區,護岸路121號對側,15,4,11,2026-08-19 16:21:03,24.32401,120.56327,1,"4,0",2026-08-21 16:07:30.645343
500612078,YouBike2.0_中山路福圳街口,清水區,中山路/福圳街口(西南側),18,3,15,2026-08-21 16:03:03,24.27645,120.57780,1,"3,0",2026-08-21 16:07:30.645343
500612079,YouBike2.0_清水區親子公園,清水區,鰲峰路/鰲峰路141巷(東南側),15,5,10,2026-08-21 09:04:02,24.26816,120.57032,1,"5,0",2026-08-21 16:07:30.645343
500612080,YouBike2.0_忠孝路140巷口,清水區,忠孝路/忠孝路140巷口(東北側),15,0,15,2026-08-21 15:58:15,24.26211,120.55892,1,"0,0",2026-08-21 16:07:30.645343
500612081,YouBike2.0_清水國民暨兒童運動中心,清水區,鎮政路/中央路口(西北側),25,2,23,2026-08-21 15:43:02,24.27133,120.55011,1,"2,0",2026-08-21 16:07:30.645343
500612082,YouBike2.0_中央北三田路口,清水區,中央北路10之19號(西南側),13,3,10,2026-08-21 15:57:03,24.29227,120.5746,1,"3,0",2026-08-21 16:07:30.645343
500612084,YouBike2.0_菁埔庄公車站,清水區,中山路/中央北路口(西南側),15,4,11,2026-08-21 15:51:02,24.29609,120.59080,1,"4,0",2026-08-21 16:07:30.645343
500612085,YouBike2.0_和築鯨天下,清水區,民族路三段57號,21,2,19,2026-08-21 14:17:03,24.26876,120.54197,1,"2,0",2026-08-21 16:07:30.645343
500612087,YouBike2.0_鰲新路111巷口,清水區,鰲新路112號,17,4,13,2026-08-21 16:06:04,24.26736,120.55475,1,"3,1",2026-08-21 16:07:30.645343
500612089,YouBike2.0_民族大勇北路口,清水區,民族路三段/大勇北路口(西北側),18,3,15,2026-08-21 14:23:03,24.27193,120.53410,1,"3,0",2026-08-21 16:07:30.645343
500612090,YouBike2.0_清泉國中,清水區,臨海路27之2號(東側),20,7,13,2026-08-21 16:05:03,24.30547,120.59404,1,"7,0",2026-08-21 16:07:30.645343
500612094,YouBike2.0_橋江南街225巷口,清水區,橋江南街225巷口(光明橋旁),18,1,17,2026-08-21 13:13:16,24.28194,120.56500,1,"1,0",2026-08-21 16:07:30.645343
500612095,YouBike2.0_首園公車站,清水區,中社路/鰲峰路380巷口(西北側),18,5,13,2026-08-21 13:35:04,24.27285,120.55458,1,"5,0",2026-08-21 16:07:30.645343
500612096,YouBike2.0_三順路美堤街口,清水區,三順路/美堤街口(東南側),20,2,18,2026-08-21 11:53:03,24.29951,120.54676,1,"2,0",2026-08-21 16:07:30.645343
500612097,YouBike2.0_民族鎮政路口,清水區,民族路二段/鎮政路口(東側),18,6,12,2026-08-21 10:53:02,24.26751,120.54626,1,"6,0",2026-08-21 16:07:30.645343
500612098,YouBike2.0_大街路清水街口,清水區,大街路/清水街口,22,1,21,2026-08-21 16:06:04,24.26850,120.57817,1,"1,0",2026-08-21 16:07:30.645343
500613001,YouBike2.0_北勢國小,沙鹿區,過洋路/過洋路口(東南側),15,0,15,2026-08-21 16:03:19,24.217451,120.57138,1,"0,0",2026-08-21 16:07:30.645343
500613002,YouBike2.0_六福公園,沙鹿區,北勢東路/北勢東路265巷口(西北側),18,8,10,2026-08-21 15:58:02,24.215764,120.579808,1,"8,0",2026-08-21 16:07:30.645343
500613003,YouBike2.0_臺灣大道晉武路口,沙鹿區,臺灣大道七段/晉武路口(西北側),14,0,0,2026-07-12 00:01:03,24.221645,120.579195,0,"0,0",2026-08-21 16:07:30.645343
500613004,YouBike2.0_靜宜大學,沙鹿區,臺灣大道七段200號(南側人行道),28,16,12,2026-08-21 16:04:03,24.225434,120.577231,1,"15,1",2026-08-21 16:07:30.645343
500613005,YouBike2.0_沙鹿車站(中正街東側出口),沙鹿區,中正街94號(東側),20,2,18,2026-08-21 15:59:03,24.23686,120.55765,1,"2,0",2026-08-21 16:07:30.645343
500613006,YouBike2.0_鎮南沙田路口,沙鹿區,鎮南路二段/沙田路口(東北側),15,1,14,2026-08-21 14:57:02,24.23467,120.559418,1,"1,0",2026-08-21 16:07:30.645343
500613007,YouBike2.0_鹿鳴公園(賢義街),沙鹿區,賢義街/光華路口(東南側),25,5,20,2026-08-21 15:26:02,24.243432,120.566751,1,"5,0",2026-08-21 16:07:30.645343
500613008,YouBike2.0_鹿鳴公園(賢正街),沙鹿區,賢正街/賢正街口(西北側),25,6,19,2026-08-21 15:37:03,24.242816,120.568445,1,"6,0",2026-08-21 16:07:30.645343
500613009,YouBike2.0_鹿寮成衣商圈(中山路),沙鹿區,中山路/錦華街口(東北側),13,1,12,2026-08-21 15:52:04,24.249281,120.565039,1,"0,1",2026-08-21 16:07:30.645343
500613010,YouBike2.0_沙鹿區兒童公園,沙鹿區,北勢東路/北勢二街口(西南側),10,2,8,2026-08-21 15:49:02,24.229714,120.569901,1,"2,0",2026-08-21 16:07:30.645343
500613011,YouBike2.0_臺灣大道正英路口,沙鹿區,臺灣大道六段/正英路口(西北側),16,0,16,2026-08-21 16:06:19,24.210069,120.58112,1,"0,0",2026-08-21 16:07:30.645343
500613012,YouBike2.0_沙鹿車站(新站路西側出口),沙鹿區,新站三路/新站路口(西北側),39,12,27,2026-08-21 16:02:02,24.23752,120.55638,1,"12,0",2026-08-21 16:07:30.645343
500613013,YouBike2.0_沙鹿高工,沙鹿區,台灣大道七段/光華路口(東南側),28,11,17,2026-08-21 16:02:02,24.23888,120.56583,1,"11,0",2026-08-21 16:07:30.645343
500613014,YouBike2.0_沙鹿區公所,沙鹿區,鎮政路/鎮南路二段口(東北側),22,0,0,2026-07-22 01:34:02,24.23392,120.56586,0,"0,0",2026-08-21 16:07:30.645343
500613015,YouBike2.0_光大公園,沙鹿區,光大路/光華路口(東北側),30,12,18,2026-08-21 15:57:03,24.24384,120.56529,1,"12,0",2026-08-21 16:07:30.645343
500613016,YouBike2.0_中山光華路口,沙鹿區,中山路/光華路口(西北側),38,3,35,2026-08-21 15:52:04,24.23736,120.56425,1,"3,0",2026-08-21 16:07:30.645343
500613017,YouBike2.0_中山路四平街口,沙鹿區,中山路/四平街口(西南側),22,8,14,2026-08-21 16:05:02,24.23781,120.56093,1,"8,0",2026-08-21 16:07:30.645343
500613018,YouBike2.0_三鹿社區活動中心,沙鹿區,自強路/自強路291巷口(西北側),10,1,9,2026-08-21 16:03:03,24.201468,120.567989,1,"1,0",2026-08-21 16:07:30.645343
500613019,YouBike2.0_沙鹿區青年公園,沙鹿區,東晉路/東晉路六福巷口(東南側),13,4,9,2026-08-21 16:05:02,24.222319,120.573356,1,"4,0",2026-08-21 16:07:30.645343
500613020,YouBike2.0_弘光科技大學,沙鹿區,臺灣大道六段1018號(北側人行道),24,13,11,2026-08-21 15:45:03,24.217922,120.58057,1,"13,0",2026-08-21 16:07:30.645343
500613021,YouBike2.0_青山公園,沙鹿區,福至路/鎮南路二段口(西南側),20,2,18,2026-08-21 15:49:02,24.226272,120.567651,1,"2,0",2026-08-21 16:07:30.645343
500613022,YouBike2.0_臺中港區運動公園,沙鹿區,自強路301號(東側),15,2,13,2026-08-21 14:59:03,24.204026,120.564745,1,"2,0",2026-08-21 16:07:30.645343
500613023,YouBike2.0_沙鹿區勞工服務中心,沙鹿區,沙鹿區中山路658號前,15,0,15,2026-07-12 00:01:03,24.257691,120.570205,0,"0,0",2026-08-21 16:07:30.645343
500613024,YouBike2.0_三民七賢南路口,沙鹿區,三民路/七賢南路口(西南側),21,5,16,2026-08-21 12:13:02,24.241513,120.570703,1,"5,0",2026-08-21 16:07:30.645343
500613025,YouBike2.0_臺灣大道北勢東路658巷口,沙鹿區,臺灣大道七段/北勢東路658巷口(東南側),16,6,10,2026-08-21 15:52:04,24.23036,120.57357,1,"6,0",2026-08-21 16:07:30.645343
500613026,YouBike2.0_南勢溪公園,沙鹿區,南斗路/自由路口(南側),12,3,9,2026-08-21 15:30:03,24.216695,120.562927,1,"3,0",2026-08-21 16:07:30.645343
500613027,YouBike2.0_臺中市立圖書館沙鹿深波分館,沙鹿區,鎮南路二段500號(西南側機車停車棚),15,7,8,2026-08-21 15:50:04,24.233541,120.563636,1,"7,0",2026-08-21 16:07:30.645343
500613028,YouBike2.0_臺灣大道臺灣大道六段926巷口,沙鹿區,臺灣大道六段/臺灣大道六段926巷口(西南側),19,3,16,2026-08-21 06:45:03,24.214325,120.580575,1,"3,0",2026-08-21 16:07:30.645343
500613029,YouBike2.0_沙鹿區公館公園,沙鹿區,中清路六段161號(東南側),15,8,7,2026-08-21 15:48:03,24.24525,120.61105,1,"8,0",2026-08-21 16:07:30.645343
500613030,YouBike2.0_鹿峰公園,沙鹿區,星河路604號(對側),15,2,13,2026-08-21 06:01:02,24.25923,120.57417,1,"2,0",2026-08-21 16:07:30.645343
500613031,YouBike2.0_鹿峰國小(星河路),沙鹿區,星河路255號(對側),12,0,12,2026-07-12 00:01:03,24.25616,120.5713,0,"0,0",2026-08-21 16:07:30.645343
500613032,YouBike2.0_臺中市立公明國民中學,沙鹿區,中清路六段567號,20,7,12,2026-08-21 15:46:03,24.24971,120.59866,1,"7,0",2026-08-21 16:07:30.645343
500613033,YouBike2.0_向上路七段太平路口(西南側),沙鹿區,太平路112號(西北側),15,5,10,2026-08-21 14:21:03,24.217419,120.547859,1,"5,0",2026-08-21 16:07:30.645343
500613034,YouBike2.0_清泉社區活動中心,沙鹿區,東大路二段1577號(南側),14,5,9,2026-08-21 14:20:05,24.241504,120.614668,1,"5,0",2026-08-21 16:07:30.645343
500613035,YouBike2.0_明秀公園,沙鹿區,正順路/正義路107巷口(東南側),27,4,23,2026-08-21 16:00:03,24.204865,120.572616,1,"4,0",2026-08-21 16:07:30.645343
500613036,YouBike2.0_斗抵社區活動中心,沙鹿區,斗潭路/斗潭路195巷口(西南側),26,2,24,2026-08-21 16:04:03,24.22542,120.55431,1,"2,0",2026-08-21 16:07:30.645343
500613037,YouBike2.0_沙田天仁街口,沙鹿區,沙田路/天仁街口(東北側),15,2,13,2026-08-21 15:41:03,24.22298,120.55704,1,"2,0",2026-08-21 16:07:30.645343
500613038,YouBike2.0_公明國小,沙鹿區,忠貞路213號,10,6,4,2026-08-21 12:24:02,24.24367,120.60837,1,"6,0",2026-08-21 16:07:30.645343
500613039,YouBike2.0_南斗宮,沙鹿區,南陽路三角巷3-1號,14,2,12,2026-08-21 13:42:02,24.21741,120.56791,1,"2,0",2026-08-21 16:07:30.645343
500613040,YouBike2.0_南勢溪口,沙鹿區,南昌路/南斗路(西南側),15,2,13,2026-08-21 15:55:04,24.2154,120.55836,1,"2,0",2026-08-21 16:07:30.645343
500613041,YouBike2.0_中山路紅竹巷口,沙鹿區,中山路/中山路紅竹巷口(西側),15,1,14,2026-08-21 16:05:17,24.23784,120.57052,1,"1,0",2026-08-21 16:07:30.645343
500613042,YouBike2.0_沙田路永和巷口,沙鹿區,沙田路永和巷5號(南側),12,4,8,2026-08-21 15:23:03,24.229117,120.55792,1,"4,0",2026-08-21 16:07:30.645343
500613043,YouBike2.0_舞衫生態公園(自強路),沙鹿區,自強路1028號(西北側),15,3,12,2026-08-21 14:01:03,24.2101,120.5559,1,"3,0",2026-08-21 16:07:30.645343
500613044,YouBike2.0_翔園(中清路六段451巷),沙鹿區,中清路六段451巷/忠貞路20巷(西北側),15,6,9,2026-08-21 14:44:03,24.246797,120.602783,1,"6,0",2026-08-21 16:07:30.645343
500613045,YouBike2.0_斗潭斗潭路393巷口(東北側),沙鹿區,斗潭路402號旁,15,7,8,2026-08-21 15:38:02,24.2308,120.55689,1,"7,0",2026-08-21 16:07:30.645343
500613046,YouBike2.0_興安興安路80巷口,沙鹿區,興安路/興安路80巷口(東南側),15,7,8,2026-08-21 15:39:04,24.22919,120.55081,1,"7,0",2026-08-21 16:07:30.645343
500613047,YouBike2.0_沙鹿運十九棒球場,沙鹿區,保順一街/保成八街口(東北側),15,6,9,2026-08-21 15:50:04,24.208649,120.563949,1,"6,0",2026-08-21 16:07:30.645343
500613048,YouBike2.0_大智路中山路田尾巷366弄口,沙鹿區,大智路一段/中山路田尾巷366弄口(北側),15,4,11,2026-08-21 15:40:03,24.2499,120.55869,1,"4,0",2026-08-21 16:07:30.645343
500613049,YouBike2.0_晉宜公園,沙鹿區,晉文路149巷/晉文路口,20,11,9,2026-08-21 15:11:03,24.22378,120.58084,1,"11,0",2026-08-21 16:07:30.645343
500613051,YouBike2.0_公館國小,沙鹿區,中航路二段40號前,16,4,12,2026-08-21 09:28:02,24.26094,120.59520,1,"4,0",2026-08-21 16:07:30.645343
500613052,YouBike2.0_鹿峰國小(中山路),沙鹿區,中山路/星河路口(東北側),17,4,13,2026-08-21 14:34:03,24.25605,120.56932,1,"4,0",2026-08-21 16:07:30.645343
500613053,YouBike2.0_都發局(沙鹿檔案大樓),沙鹿區,中山路/中山路580巷口,13,1,12,2026-08-21 14:22:21,24.25287,120.56721,1,"1,0",2026-08-21 16:07:30.645343
500613054,YouBike2.0_保成路120巷保成路口,沙鹿區,保成路120巷/保成路口(北側),18,4,14,2026-08-21 15:42:04,24.21217,120.56651,1,"4,0",2026-08-21 16:07:30.645343
500613055,YouBike2.0_向上屏西路口,沙鹿區,向上路七段29號前,20,5,15,2026-08-21 10:27:04,24.20429,120.56615,1,"5,0",2026-08-21 16:07:30.645343
500613056,YouBike2.0_光正街中山路口,沙鹿區,光正街/中山路口(東南側),20,12,8,2026-08-21 16:06:04,24.24431,120.56227,1,"12,0",2026-08-21 16:07:30.645343
500613057,YouBike2.0_正英屏西路口,沙鹿區,正英路/屏西路口(東南側),18,6,12,2026-08-21 16:01:03,24.21172,120.57055,1,"6,0",2026-08-21 16:07:30.645343
500613058,YouBike2.0_屏西正德路口,沙鹿區,屏西路106號旁,18,5,13,2026-08-21 16:03:03,24.20761,120.56831,1,"5,0",2026-08-21 16:07:30.645343
500613059,YouBike2.0_向上保寧路口,沙鹿區,向上路七段110號前,22,5,17,2026-08-21 10:01:03,24.20595,120.56477,1,"5,0",2026-08-21 16:07:30.645343
500613060,YouBike2.0_和睦中航路口,沙鹿區,和睦路三段/中航路一段口,16,8,8,2026-08-21 14:33:05,24.25853,120.60177,1,"8,0",2026-08-21 16:07:30.645343
500613061,YouBike2.0_中山路669巷口,沙鹿區,中山路669巷/星海路口,20,2,18,2026-08-21 15:20:04,24.25757,120.56794,1,"2,0",2026-08-21 16:07:30.645343
500613062,YouBike2.0_臺灣大道中山路口,沙鹿區,中山路407號前,26,12,14,2026-08-21 15:18:02,24.24133,120.56056,1,"11,1",2026-08-21 16:07:30.645343
500613063,YouBike2.0_舞衫生態公園,沙鹿區,三鹿街/寶格街口,15,4,10,2026-08-21 15:54:03,24.20890,120.55552,1,"4,0",2026-08-21 16:07:30.645343
500614001,YouBike2.0_大甲鎮瀾宮,大甲區,鎮瀾街105號(對側停車場),47,3,44,2026-08-21 16:04:03,24.344629,120.623701,1,"3,0",2026-08-21 16:07:30.645343
500614002,YouBike2.0_大甲區壘球場,大甲區,錦上街/雁門路口(東南側),24,11,13,2026-08-21 16:06:03,24.35431,120.62603,1,"11,0",2026-08-21 16:07:30.645343
500614003,YouBike2.0_大甲區公所,大甲區,新政路/三民路口(東南側),22,10,12,2026-08-21 16:04:03,24.34981,120.62264,1,"10,0",2026-08-21 16:07:30.645343
500614004,YouBike2.0_大甲車站,大甲區,中山路一段/蔣公路口(東南側),65,20,45,2026-08-21 16:03:03,24.34418,120.62688,1,"20,0",2026-08-21 16:07:30.645343
500614005,YouBike2.0_大甲體育場,大甲區,大安港路/大安港路53巷口(西北側),26,19,7,2026-08-21 15:58:02,24.35038,120.61575,1,"19,0",2026-08-21 16:07:30.645343
500614006,YouBike2.0_大甲高中,大甲區,水源路/中山路一段口(西南側),30,5,25,2026-08-21 16:06:03,24.34222,120.62265,1,"5,0",2026-08-21 16:07:30.645343
500614007,YouBike2.0_長青活動中心,大甲區,水源路/甲東路口(東北側),30,9,21,2026-08-21 16:06:03,24.34069,120.62702,1,"9,0",2026-08-21 16:07:30.645343
500614008,YouBike2.0_文昌國小,大甲區,育德路/民生路口(西南側),24,10,14,2026-08-21 16:05:02,24.34761,120.6242,1,"10,0",2026-08-21 16:07:30.645343
500614009,YouBike2.0_順天國小,大甲區,經國路/新美街口(東北側),16,2,14,2026-08-21 13:14:03,24.34415,120.61746,1,"2,0",2026-08-21 16:07:30.645343
500614010,YouBike2.0_大甲高工,大甲區,開元路71號(西南側),56,1,55,2026-08-21 16:05:02,24.34661,120.63969,1,"1,0",2026-08-21 16:07:30.645343
500614011,YouBike2.0_日南車站,大甲區,中山路二段140巷口/中山路二段口(東南側),22,11,11,2026-08-21 15:39:04,24.3781,120.65396,1,"6,5",2026-08-21 16:07:30.645343
500614012,YouBike2.0_孟春兒童遊樂場,大甲區,慈德路/慈德路175巷口(西北側),22,4,18,2026-08-21 15:47:04,24.38297,120.653,1,"4,0",2026-08-21 16:07:30.645343
500614013,YouBike2.0_大甲車站旁機車停車場,大甲區,中山路一段/南陽街口(東側),33,10,23,2026-08-21 15:57:03,24.34353,120.62592,1,"10,0",2026-08-21 16:07:30.645343
500614015,YouBike2.0_大甲網球場,大甲區,甲東路/水源路452巷188弄口(西南側),30,3,27,2026-08-21 15:58:02,24.34007,120.63077,1,"3,0",2026-08-21 16:07:30.645343
500614016,YouBike2.0_大甲經國停車場,大甲區,經國路888號(東側停車場),15,8,7,2026-08-21 16:06:03,24.35567,120.62039,1,"8,0",2026-08-21 16:07:30.645343
500614017,YouBike2.0_文昌國小(雁門路),大甲區,雁門路/文昌街口(東北側),20,9,11,2026-08-21 15:32:03,24.34798,120.62334,1,"9,0",2026-08-21 16:07:30.645343
500614018,YouBike2.0_水尾橋,大甲區,中山路一段530號(對側),14,8,6,2026-08-21 14:55:03,24.3396,120.61862,1,"8,0",2026-08-21 16:07:30.645343
500614019,YouBike2.0_甲后停車場,大甲區,甲后路5段519巷/甲后路5段519巷35弄口(西南側),38,9,29,2026-08-21 16:05:02,24.34379,120.627327,1,"8,1",2026-08-21 16:07:30.645343
500614020,YouBike2.0_日南幸福公園,大甲區,黎明路/中山路二段口(東北側),12,4,8,2026-08-20 19:30:03,24.39227,120.65522,1,"4,0",2026-08-21 16:07:30.645343
500614021,YouBike2.0_日南庄福德祠,大甲區,日南路85號,12,6,6,2026-08-21 13:44:03,24.39411,120.64965,1,"6,0",2026-08-21 16:07:30.645343
500614022,YouBike2.0_日南社區暨長照服務活動中心,大甲區,幼二路36號,15,3,12,2026-08-21 14:53:02,24.405765,120.647239,1,"2,1",2026-08-21 16:07:30.645343
500614023,YouBike2.0_建興長壽會館,大甲區,如意路25之1號,11,2,9,2026-08-20 18:35:05,24.414373,120.615143,1,"2,0",2026-08-21 16:07:30.645343
500614024,YouBike2.0_西岐公園,大甲區,順帆路121巷117號(東側公園),15,4,11,2026-08-21 14:44:03,24.421203,120.627193,1,"4,0",2026-08-21 16:07:30.645343
500614025,YouBike2.0_松柏漁港,大甲區,順帆路233號(西北側自行車道),15,5,10,2026-08-21 14:48:03,24.42852,120.617122,1,"5,0",2026-08-21 16:07:30.645343
500614026,YouBike2.0_巨大大甲分公司,大甲區,順帆路19號前,32,6,26,2026-08-21 14:24:03,24.40865,120.63807,1,"6,0",2026-08-21 16:07:30.645343
500614027,YouBike2.0_致用高中,大甲區,水源路452巷70弄/水源路452巷110弄口(南側),30,2,28,2026-08-21 16:00:03,24.341902,120.630141,1,"2,0",2026-08-21 16:07:30.645343
500614028,YouBike2.0_大甲區衛生所,大甲區,德興路34之24號(對側),7,3,4,2026-08-21 16:06:03,24.35034,120.62436,1,"3,0",2026-08-21 16:07:30.645343
500614029,YouBike2.0_文武公園,大甲區,和平路/和平路253巷口(西北側),20,4,15,2026-08-21 15:49:02,24.354969,120.621777,1,"4,0",2026-08-21 16:07:30.645343
500614030,YouBike2.0_日南公園,大甲區,中山路二段/慈德路口(東北側),15,3,12,2026-08-21 15:26:02,24.38203,120.655634,1,"3,0",2026-08-21 16:07:30.645343
500614031,YouBike2.0_大甲區停二停車場,大甲區,甲后路五段335巷77號(南側停車場),12,0,12,2026-08-21 15:41:19,24.343886,120.631383,1,"0,0",2026-08-21 16:07:30.645343
500614032,YouBike2.0_中山路一段568巷口,大甲區,義和二街177巷1號(北側),15,5,10,2026-08-21 14:54:02,24.33932,120.62213,1,"5,0",2026-08-21 16:07:30.645343
500614033,YouBike2.0_日南國小,大甲區,中山路二段568號,9,3,6,2026-08-21 15:41:03,24.38964,120.65425,1,"2,1",2026-08-21 16:07:30.645343
500614034,YouBike2.0_文武國小,大甲區,文曲路61號,12,4,8,2026-08-21 11:25:04,24.33604,120.60097,1,"3,1",2026-08-21 16:07:30.645343
500614035,YouBike2.0_東安文曲路口,大甲區,東安路416號(西南側),10,2,8,2026-08-21 14:04:02,24.333762,120.598093,1,"2,0",2026-08-21 16:07:30.645343
500614038,YouBike2.0_東明國小,大甲區,東明路93號前,8,4,4,2026-08-21 11:57:03,24.374772,120.680576,1,"3,1",2026-08-21 16:07:30.645343
500614039,YouBike2.0_九張犁公園,大甲區,通天路47號(東北側),15,4,11,2026-08-20 18:27:01,24.37339,120.66497,1,"4,0",2026-08-21 16:07:30.645343
500614040,YouBike2.0_賢仁農安路口(西南側),大甲區,賢仁路89號(對側),10,3,7,2026-08-21 14:40:04,24.36009,120.62257,1,"3,0",2026-08-21 16:07:30.645343
500614043,YouBike2.0_順天國小(新美街),大甲區,新美街/永順街口(西北側),11,0,11,2026-08-21 16:05:17,24.34322,120.61907,1,"0,0",2026-08-21 16:07:30.645343
500614044,YouBike2.0_德元宮,大甲區,南北三路16號(西側),12,3,9,2026-08-21 15:21:02,24.36309,120.623671,1,"3,0",2026-08-21 16:07:30.645343
500614046,YouBike2.0_大甲國小,大甲區,育德路201巷/育德路口(西北側),15,13,2,2026-08-21 16:01:03,24.350222,120.625922,1,"13,0",2026-08-21 16:07:30.645343
500614047,YouBike2.0_大甲國中,大甲區,育英路186號(西南側),15,4,11,2026-08-21 15:50:04,24.353295,120.622082,1,"4,0",2026-08-21 16:07:30.645343
500614048,YouBike2.0_大甲青一路,大甲區,青一路/青一路2巷口(西北側),15,5,10,2026-08-21 15:09:04,24.40467,120.642198,1,"3,2",2026-08-21 16:07:30.645343
500614049,YouBike2.0_幼二中山路口,大甲區,幼二路/中山路口(東北側),15,8,7,2026-08-21 14:55:03,24.401339,120.644167,1,"8,0",2026-08-21 16:07:30.645343
500614050,YouBike2.0_光田醫院(大甲院區),大甲區,經國路/蔣公路口(東南側),16,6,9,2026-08-21 16:06:03,24.347557,120.617267,1,"6,0",2026-08-21 16:07:30.645343
500614051,YouBike2.0_江南里活動中心,大甲區,東西六路111號,13,4,9,2026-08-21 14:50:04,24.369982,120.635374,1,"4,0",2026-08-21 16:07:30.645343
500614052,YouBike2.0_東西七南北一路口,大甲區,東西七路一段98號(東南側),15,5,10,2026-08-21 12:03:04,24.36677,120.637299,1,"5,0",2026-08-21 16:07:30.645343
500614053,YouBike2.0_義和二義和三街口,大甲區,義和二街112號旁,15,5,10,2026-08-21 16:01:03,24.33772,120.62004,1,"5,0",2026-08-21 16:07:30.645343
500614054,YouBike2.0_經國東西七路口,大甲區,經國路/東西七路一段口,15,2,13,2026-08-21 07:53:02,24.36574,120.64136,1,"2,0",2026-08-21 16:07:30.645343
500614055,YouBike2.0_大發中山路口,大甲區,大發路211號(東側),18,6,11,2026-08-21 14:29:03,24.3548,120.63267,1,"5,1",2026-08-21 16:07:30.645343
500614056,YouBike2.0_順天國中(新政路),大甲區,新政路460號(對側人行道),20,10,10,2026-08-21 13:43:03,24.34986,120.61371,1,"10,0",2026-08-21 16:07:30.645343
500614057,YouBike2.0_中山東安路口,大甲區,中山路一段/東安路口(東北側),15,3,12,2026-08-21 15:14:04,24.326508,120.608089,1,"2,1",2026-08-21 16:07:30.645343
500614058,YouBike2.0_大甲西濱橋下運動公園,大甲區,北堤西路/堤防路口(東北側),18,5,13,2026-08-20 18:50:03,24.40345,120.61197,1,"4,1",2026-08-21 16:07:30.645343
500614059,YouBike2.0_船頭埔福德宮,大甲區,順帆路127號(南側),15,5,10,2026-08-21 14:52:03,24.43013,120.62585,1,"4,1",2026-08-21 16:07:30.645343
500614061,YouBike2.0_下庄(雜貨店)公車站,大甲區,長壽路/長壽東西九路口(東北側),15,5,10,2026-08-15 17:26:03,24.4243,120.63438,1,"5,0",2026-08-21 16:07:30.645343
500614062,YouBike2.0_中山路一段908巷口,大甲區,中山路一段908巷/中山路一段口(東南側),19,4,15,2026-08-21 15:22:04,24.35084,120.62837,1,"4,0",2026-08-21 16:07:30.645343
500614063,YouBike2.0_朝陽里辦公處,大甲區,新政路/中山路一段口(西北側),21,1,20,2026-08-21 15:18:02,24.34761,120.62734,1,"1,0",2026-08-21 16:07:30.645343
500614064,YouBike2.0_大呷麵本家,大甲區,重義二路153號(西南側),16,5,11,2026-08-21 15:30:03,24.33518,120.61296,1,"5,0",2026-08-21 16:07:30.645343
500614066,YouBike2.0_大甲李綜合醫院,大甲區,新政路282號對側,26,9,16,2026-08-21 16:01:03,24.35128,120.61835,1,"9,0",2026-08-21 16:07:30.645343
500614067,YouBike2.0_龍泉里活動中心,大甲區,吉祥一街9號前,15,4,11,2026-08-21 15:26:02,24.40193,120.63774,1,"3,1",2026-08-21 16:07:30.645343
500615001,YouBike2.0_東新國小,東勢區,勢林街247號(對側人行道),30,9,21,2026-08-21 15:52:04,24.26017,120.82761,1,"8,1",2026-08-21 16:07:30.645343
500615002,YouBike2.0_三民街停車場,東勢區,三民街33號旁,26,8,17,2026-08-21 15:48:02,24.25244,120.8307,1,"8,0",2026-08-21 16:07:30.645343
500615003,YouBike2.0_東勢國小,東勢區,三民街193號(對側人行道),22,5,15,2026-08-21 16:01:03,24.25885,120.82934,1,"5,0",2026-08-21 16:07:30.645343
500615004,YouBike2.0_東新國中,東勢區,東環街123號前,8,4,4,2026-08-21 13:00:03,24.26294,120.83004,1,"4,0",2026-08-21 16:07:30.645343
500615005,YouBike2.0_細停廣1停車場,東勢區,東南街/東蘭路口(東北側),14,3,10,2026-08-21 15:53:03,24.26305,120.82712,1,"2,1",2026-08-21 16:07:30.645343
500615006,YouBike2.0_臺中客家樂活園區,東勢區,圓樓街/圓樓前街口(東南側),11,6,5,2026-08-21 16:00:03,24.24898,120.83556,1,"6,0",2026-08-21 16:07:30.645343
500615007,YouBike2.0_東勢林管處(雙崎工作站),東勢區,東坑路10巷26號(對側人行道),16,7,9,2026-08-21 15:54:03,24.24655,120.83246,1,"7,0",2026-08-21 16:07:30.645343
500615008,YouBike2.0_大茅埔停車場,東勢區,東關路五段432號(北側),10,4,6,2026-08-21 12:24:02,24.203917,120.839755,1,"4,0",2026-08-21 16:07:30.645343
500615009,YouBike2.0_文新二文新五街口,東勢區,文新二街/文新五街口(東南側),16,11,3,2026-08-21 16:06:03,24.266237,120.828421,1,"11,0",2026-08-21 16:07:30.645343
500615010,YouBike2.0_東關路正一街口,東勢區,東關路七段/正一街口,19,3,15,2026-08-21 15:21:02,24.25675,120.82486,1,"3,0",2026-08-21 16:07:30.645343
500615011,YouBike2.0_石城復興宮,東勢區,石城街326號,18,3,15,2026-08-21 06:09:03,24.2853,120.78908,1,"3,0",2026-08-21 16:07:30.645343
500615012,YouBike2.0_東關路第一橫街口,東勢區,東關路七段336號前,18,5,13,2026-08-21 10:09:04,24.25277,120.82674,1,"5,0",2026-08-21 16:07:30.645343
500615013,YouBike2.0_新盛國小,東勢區,新盛街342號前,18,8,10,2026-08-21 12:53:02,24.24369,120.83185,1,"7,1",2026-08-21 16:07:30.645343
500615014,YouBike2.0_東蘭路西門巷粵寧街口,東勢區,東蘭路西門巷76-11號旁,18,7,11,2026-08-21 12:15:04,24.26922,120.82465,1,"7,0",2026-08-21 16:07:30.645343
500615015,YouBike2.0_上城里停車場,東勢區,上城街135號對側,18,7,11,2026-08-21 12:36:03,24.21877,120.83842,1,"7,0",2026-08-21 16:07:30.645343
500615016,YouBike2.0_福隆停車場,東勢區,東坑路188號對側,18,3,14,2026-08-21 15:50:04,24.24515,120.84091,1,"3,0",2026-08-21 16:07:30.645343
500615017,YouBike2.0_大雪山後門公車站,東勢區,東坑路253號對側,18,1,16,2026-08-21 16:01:03,24.24483,120.83723,1,"1,0",2026-08-21 16:07:30.645343
500616001,YouBike2.0_中港國小,梧棲區,文明街66巷/文明街口(西南側),10,1,9,2026-08-21 15:51:19,24.241191,120.555721,1,"1,0",2026-08-21 16:07:30.645343
500616002,YouBike2.0_大智路停車場,梧棲區,大智路二段/大智路二段370巷口(東側),30,9,21,2026-08-21 15:10:05,24.25991,120.53398,1,"9,0",2026-08-21 16:07:30.645343
500616003,YouBike2.0_梧棲國小,梧棲區,文化路二段/民生街口(西南側),26,2,24,2026-08-21 15:15:19,24.25359,120.53005,1,"2,0",2026-08-21 16:07:30.645343
500616004,YouBike2.0_梧棲區公所,梧棲區,中和街66號,24,4,14,2026-08-21 16:01:03,24.25492,120.5315,1,"4,0",2026-08-21 16:07:30.645343
500616005,YouBike2.0_中港高中,梧棲區,文華街/文華街194巷口(東南側),20,3,17,2026-08-21 16:06:03,24.24603,120.54208,1,"3,0",2026-08-21 16:07:30.645343
500616006,YouBike2.0_南簡運動場,梧棲區,大仁路一段465巷88號(對側人行道),18,5,13,2026-08-21 13:30:03,24.25878,120.54341,1,"5,0",2026-08-21 16:07:30.645343
500616007,YouBike2.0_清水分局安寧派出所,梧棲區,中央路二段/臺灣大道八段口(北側),15,7,8,2026-08-21 16:06:03,24.2493,120.53869,1,"7,0",2026-08-21 16:07:30.645343
500616008,YouBike2.0_臺中市立圖書館梧棲親子館,梧棲區,臺灣大道九段116巷/民生街口(南側),15,8,7,2026-08-21 15:57:03,24.251971,120.532989,1,"8,0",2026-08-21 16:07:30.645343
500616009,YouBike2.0_梧棲運15運動公園,梧棲區,建國北街315巷9弄/文化路一段口(東南側),15,4,11,2026-08-21 15:43:02,24.24992,120.52935,1,"4,0",2026-08-21 16:07:30.645343
500616010,YouBike2.0_梧棲區農會本部,梧棲區,港埠路一段545號,15,4,11,2026-08-21 12:34:03,24.23694,120.5303,1,"4,0",2026-08-21 16:07:30.645343
500616011,YouBike2.0_頂魚寮公園,梧棲區,八德東路/八德一路口(東北側),15,7,8,2026-08-21 16:05:02,24.26501,120.53596,1,"7,0",2026-08-21 16:07:30.645343
500616012,YouBike2.0_草湳社區活動中心,梧棲區,自強二街/自立一街口(西側),15,4,11,2026-08-21 15:57:03,24.240913,120.530291,1,"3,1",2026-08-21 16:07:30.645343
500616013,YouBike2.0_梧棲游泳池,梧棲區,中興路/中興路217巷口(西北側),17,3,14,2026-08-21 14:45:03,24.255059,120.533436,1,"3,0",2026-08-21 16:07:30.645343
500616014,YouBike2.0_梧棲中正田徑場,梧棲區,中正路303巷70號(對側停車場),15,10,5,2026-08-21 14:05:04,24.250176,120.542699,1,"9,1",2026-08-21 16:07:30.645343
500616015,YouBike2.0_長春中華路口,梧棲區,長春路/中華路口(東南側),20,1,19,2026-08-21 10:07:02,24.25685,120.55886,1,"1,0",2026-08-21 16:07:30.645343
500616016,YouBike2.0_長春民族路口,梧棲區,長春路/民族路口(西北側),20,2,18,2026-08-21 14:50:04,24.256,120.56181,1,"2,0",2026-08-21 16:07:30.645343
500616017,YouBike2.0_大智民安路口(北側),梧棲區,大智路一段/大智路一段832巷口(西側),15,6,9,2026-08-21 12:45:04,24.255996,120.54444,1,"6,0",2026-08-21 16:07:30.645343
500616018,YouBike2.0_大智民安路口(南側),梧棲區,大智路一段731號(西側),14,3,11,2026-08-21 15:54:02,24.254967,120.546004,1,"2,1",2026-08-21 16:07:30.645343
500616019,YouBike2.0_大智中央路口(東北側),梧棲區,大智路一段/中央路二段口(東北側),15,1,14,2026-08-21 15:58:02,24.257079,120.541712,1,"1,0",2026-08-21 16:07:30.645343
500616020,YouBike2.0_大智四維東路口(北側),梧棲區,大智路二段/四維東路口(北側),12,4,8,2026-08-21 14:29:03,24.258463,120.537845,1,"4,0",2026-08-21 16:07:30.645343
500616021,YouBike2.0_大智民和路口,梧棲區,大智路一段525號,15,4,11,2026-08-21 15:39:04,24.253279,120.550595,1,"4,0",2026-08-21 16:07:30.645343
500616022,YouBike2.0_頂寮文化廣場,梧棲區,八德路一段/八德二路口(西南側),22,5,17,2026-08-21 16:06:03,24.26601,120.53376,1,"5,0",2026-08-21 16:07:30.645343
500616023,YouBike2.0_中橫一路公園,梧棲區,中橫一路/中一路口(西北側),15,10,5,2026-08-21 16:06:03,24.25668,120.52531,1,"10,0",2026-08-21 16:07:30.645343
500616024,YouBike2.0_臺中港旅客服務中心,梧棲區,中二路一段9號(公車站東南側),15,5,10,2026-08-21 15:43:02,24.25956,120.52223,1,"5,0",2026-08-21 16:07:30.645343
500616025,YouBike2.0_大智梧北路口(西北側),梧棲區,大智路二段/梧北路口(西北側),12,2,10,2026-08-21 15:37:03,24.2614,120.52977,1,"2,0",2026-08-21 16:07:30.645343
500616026,YouBike2.0_大智梧北路口(西南側),梧棲區,大智路二段/梧北路口(西南側),12,1,11,2026-08-21 16:01:03,24.2611,120.52972,1,"1,0",2026-08-21 16:07:30.645343
500616027,YouBike2.0_大智路二段195巷口(西側),梧棲區,大智路二段/大智路二段195巷口(西側),10,1,8,2026-08-21 15:50:04,24.25824,120.53763,1,"1,0",2026-08-21 16:07:30.645343
500616028,YouBike2.0_永寧國小,梧棲區,中央路一段160號(北側),15,7,8,2026-08-21 15:45:03,24.229757,120.532559,1,"7,0",2026-08-21 16:07:30.645343
500616029,YouBike2.0_文昌中央路口(東南側),梧棲區,文昌路/中央路一段口(東南側),10,3,7,2026-08-21 15:33:03,24.24505,120.53809,1,"3,0",2026-08-21 16:07:30.645343
500616030,YouBike2.0_中港高中(文昌路),梧棲區,文昌路/立德街口(北側),15,8,7,2026-08-21 15:58:02,24.2437,120.54346,1,"8,0",2026-08-21 16:07:30.645343
500616031,YouBike2.0_臺灣大道民和路口(東南側),梧棲區,臺灣大道八段/民和路一段口(東南側),15,2,13,2026-08-21 15:10:05,24.245334,120.548225,1,"2,0",2026-08-21 16:07:30.645343
500616032,YouBike2.0_臺灣大道民和路口(西北側),梧棲區,臺灣大道八段506號旁,15,10,5,2026-08-21 15:47:04,24.246117,120.547446,1,"10,0",2026-08-21 16:07:30.645343
500616033,YouBike2.0_大智中華路口,梧棲區,大智路一段/中華路二段口(西北側),15,2,13,2026-08-21 16:02:02,24.250902,120.555435,1,"2,0",2026-08-21 16:07:30.645343
500616034,YouBike2.0_臺中港科技產業園區,梧棲區,建五路2號旁,15,9,5,2026-08-21 12:56:03,24.23647,120.51536,1,"8,1",2026-08-21 16:07:30.645343
500616035,YouBike2.0_中正民和路口,梧棲區,中正路1號對側,18,2,16,2026-08-21 15:52:04,24.24958,120.54894,1,"2,0",2026-08-21 16:07:30.645343
500616037,YouBike2.0_竹圍(港埠路)公車站(東側),梧棲區,港埠路二段490號旁,15,6,9,2026-08-21 15:48:03,24.26162,120.54145,1,"6,0",2026-08-21 16:07:30.645343
500616038,YouBike2.0_臺中港郵局,梧棲區,四維路129號,15,3,12,2026-08-21 14:07:02,24.26207,120.53725,1,"3,0",2026-08-21 16:07:30.645343
500616039,YouBike2.0_頂寮里兒童公園(四維中路),梧棲區,四維中路/大智路二段370巷口,25,5,20,2026-08-21 15:56:03,24.2613,120.53427,1,"5,0",2026-08-21 16:07:30.645343
500616041,YouBike2.0_臨港大勇二路口(東北側),梧棲區,臨港路四段862號(西南側),25,6,19,2026-08-21 10:12:03,24.270629,120.5321,1,"6,0",2026-08-21 16:07:30.645343
500616042,YouBike2.0_梧棲運九棒壘球場,梧棲區,博愛北路159號對側,20,5,15,2026-08-21 15:26:02,24.255767,120.555561,1,"5,0",2026-08-21 16:07:30.645343
500616043,YouBike2.0_大勇臨港路口,梧棲區,大勇路/臨港路四段口(東南側),15,3,12,2026-08-21 13:24:03,24.26864,120.531493,1,"3,0",2026-08-21 16:07:30.645343
500616044,YouBike2.0_大通經一路口,梧棲區,大通路/經一路口(西北側),18,6,12,2026-08-21 15:14:04,24.24113,120.51238,1,"6,0",2026-08-21 16:07:30.645343
500616045,YouBike2.0_大成經二路口,梧棲區,大成路/經二路口(西北側),19,7,12,2026-08-21 08:04:04,24.23553,120.5083,1,"7,0",2026-08-21 16:07:30.645343
500616046,YouBike2.0_福德里休閒活動中心,梧棲區,中正路423巷55號(對側),16,5,11,2026-08-21 13:07:02,24.25343,120.5407,1,"5,0",2026-08-21 16:07:30.645343
500616048,YouBike2.0_中港雲頂No.3,梧棲區,大勇北路7號,16,1,15,2026-08-21 15:48:03,24.26851,120.53296,1,"1,0",2026-08-21 16:07:30.645343
500616050,YouBike2.0_民和大仁路口,梧棲區,民和路一段口/大仁路一段口,21,2,19,2026-08-21 12:27:04,24.25687,120.55227,1,"2,0",2026-08-21 16:07:30.645343
500616051,YouBike2.0_中華中華路二段200巷口,梧棲區,中華路二段/中華路二段200巷口,20,2,18,2026-08-21 08:17:04,24.24864,120.55466,1,"2,0",2026-08-21 16:07:30.645343
500616053,YouBike2.0_梧棲情人公園,梧棲區,雲集街70巷3號,17,8,9,2026-08-21 15:31:04,24.25449,120.53213,1,"8,0",2026-08-21 16:07:30.645343
500616055,YouBike2.0_青年中華路口,梧棲區,青年路166號(西側),20,2,18,2026-08-21 14:01:03,24.23845,120.55061,1,"2,0",2026-08-21 16:07:30.645343
500616056,YouBike2.0_大仁大勇南路口,梧棲區,大仁路二段456號前,19,3,16,2026-08-21 14:18:03,24.26492,120.53105,1,"3,0",2026-08-21 16:07:30.645343
500616057,YouBike2.0_台中電廠梧棲宿舍管委會,梧棲區,建國東街20巷28號,20,6,14,2026-08-21 14:33:05,24.24635,120.53272,1,"6,0",2026-08-21 16:07:30.645343
500616058,YouBike2.0_博愛博愛路52巷口,梧棲區,博愛路60號前,15,2,13,2026-08-21 15:52:04,24.25016,120.55310,1,"1,1",2026-08-21 16:07:30.645343
500616060,YouBike2.0_大仁民安路口,梧棲區,大仁路一段/民安路口(西北側),18,5,13,2026-08-21 13:59:03,24.25901,120.54665,1,"5,0",2026-08-21 16:07:30.645343
500616061,YouBike2.0_忠孝忠孝街87巷口,梧棲區,忠孝街/忠孝街87巷口,18,5,13,2026-08-21 14:47:04,24.25235,120.54704,1,"5,0",2026-08-21 16:07:30.645343
500616063,YouBike2.0_中興路67巷口,梧棲區,中興路69號,16,3,13,2026-08-21 16:04:03,24.25280,120.53534,1,"3,0",2026-08-21 16:07:30.645343
500616066,YouBike2.0_佳鋐新邑,梧棲區,大仁路二段291巷50號,17,8,9,2026-08-21 13:44:03,24.26196,120.53563,1,"8,0",2026-08-21 16:07:30.645343
500617001,YouBike2.0_捷運九張犁站,烏日區,建國路/環中路六段口(西南側),12,8,4,2026-08-21 14:46:03,24.11470,120.63921,1,"8,0",2026-08-21 16:07:30.645343
500617002,YouBike2.0_捷運九德站(興華街),烏日區,興華街/自強街口(東北側),51,5,46,2026-08-21 16:06:03,24.11022,120.63453,1,"5,0",2026-08-21 16:07:30.645343
500617003,YouBike2.0_捷運烏日站(平等路),烏日區,平等路/光日路口,20,2,18,2026-08-21 16:01:03,24.10833,120.62506,1,"2,0",2026-08-21 16:07:30.645343
500617004,YouBike2.0_明道高中(信義街),烏日區,信義街/信義街309巷口（東西側）,55,2,53,2026-08-21 16:04:03,24.10425,120.63574,1,"2,0",2026-08-21 16:07:30.645343
500617005,YouBike2.0_烏日區公所(新興路),烏日區,新興路316號旁,24,1,23,2026-08-21 15:54:02,24.10450,120.62397,1,"0,1",2026-08-21 16:07:30.645343
500617006,YouBike2.0_自治公園(公園路),烏日區,公園路36號(東南側公園),32,6,26,2026-08-21 15:48:02,24.10187,120.62811,1,"6,0",2026-08-21 16:07:30.645343
500617007,YouBike2.0_捷運烏日站(建國路),烏日區,光日路/建國路口(西北側),17,6,11,2026-08-21 16:06:03,24.10914,120.62521,1,"6,0",2026-08-21 16:07:30.645343
500617009,YouBike2.0_捷運高鐵臺中站,烏日區,高鐵東一路/高鐵東路口(西側),18,4,14,2026-08-21 16:02:02,24.10866,120.61486,1,"4,0",2026-08-21 16:07:30.645343
500617010,YouBike2.0_興祥街停三停車場,烏日區,興祥街/興祥街30巷口(西北側),22,4,18,2026-08-21 16:06:03,24.10577,120.63870,1,"4,0",2026-08-21 16:07:30.645343
500617011,YouBike2.0_捷運九德站(建國路),烏日區,建國路639號旁,15,5,10,2026-08-21 14:27:04,24.11135,120.63475,1,"5,0",2026-08-21 16:07:30.645343
500617012,YouBike2.0_兒二公園(中山路),烏日區,中山路二段567號(西側公園),26,8,18,2026-08-21 15:31:04,24.10603,120.61691,1,"8,0",2026-08-21 16:07:30.645343
500617013,YouBike2.0_公十公園,烏日區,三榮路一段399-1號(對側人行道),11,3,8,2026-08-21 15:34:02,24.10704,120.60282,1,"3,0",2026-08-21 16:07:30.645343
500617014,YouBike2.0_烏日運動公園,烏日區,公園二街/一德街口(東南側),12,6,6,2026-08-21 16:03:03,24.102768,120.625862,1,"6,0",2026-08-21 16:07:30.645343
500617015,YouBike2.0_湖日公園,烏日區,公園路/三民街口(西南側),10,4,6,2026-08-21 15:49:02,24.103042,120.621023,1,"4,0",2026-08-21 16:07:30.645343
500617016,YouBike2.0_廣停二公有停車場,烏日區,三榮路一段/三和路口(西北側),30,4,26,2026-08-21 15:56:03,24.106034,120.609041,1,"4,0",2026-08-21 16:07:30.645343
500617017,YouBike2.0_烏日圖書館,烏日區,興祥街167巷9號(對側),24,2,22,2026-08-21 15:58:02,24.10924,120.6371,1,"2,0",2026-08-21 16:07:30.645343
500617018,YouBike2.0_烏日國小,烏日區,平等路23號(對側人行道),26,3,23,2026-08-21 16:05:02,24.10829,120.62334,1,"2,1",2026-08-21 16:07:30.645343
500617019,YouBike2.0_三和派出所,烏日區,三榮八路25號(對側人行道),22,2,20,2026-08-21 15:34:02,24.1081,120.60332,1,"2,0",2026-08-21 16:07:30.645343
500617020,YouBike2.0_旭光國小,烏日區,健行路501號(對側人行道),20,7,13,2026-08-21 15:49:02,24.11109,120.59415,1,"7,0",2026-08-21 16:07:30.645343
500617021,YouBike2.0_光德國中,烏日區,信義街99號(前人行道),26,9,17,2026-08-21 16:06:03,24.10539,120.64057,1,"9,0",2026-08-21 16:07:30.645343
500617022,YouBike2.0_三榮榮和路口(東南側),烏日區,三榮路二段179號旁,15,4,11,2026-08-21 15:46:03,24.108167,120.598085,1,"4,0",2026-08-21 16:07:30.645343
500617023,YouBike2.0_榮和步道,烏日區,榮和路107號旁,16,5,11,2026-08-21 15:38:02,24.109245,120.597392,1,"5,0",2026-08-21 16:07:30.645343
500617025,YouBike2.0_湖日休閒廣場,烏日區,新興路/榮泰街100巷21弄口(西南側),15,5,10,2026-08-21 13:31:05,24.10429,120.61418,1,"5,0",2026-08-21 16:07:30.645343
500617026,YouBike2.0_成功社區休閒中心,烏日區,成功東路/學田路便行巷口(東北側),13,3,10,2026-08-21 15:46:03,24.114749,120.603307,1,"3,0",2026-08-21 16:07:30.645343
500617027,YouBike2.0_兒一公園,烏日區,學田路/學田路便行巷口(西北側),15,2,13,2026-08-21 13:22:03,24.121604,120.607421,1,"2,0",2026-08-21 16:07:30.645343
500617028,YouBike2.0_學田停車場,烏日區,學田路/學田路便行巷口(東南側),15,14,1,2026-08-21 15:54:02,24.120686,120.607737,1,"14,0",2026-08-21 16:07:30.645343
500617029,YouBike2.0_成功車站,烏日區,中山路三段550號,39,9,30,2026-08-21 16:00:03,24.11402,120.59008,1,"9,0",2026-08-21 16:07:30.645343
500617030,YouBike2.0_高鐵市公園,烏日區,大同路/民生街口(西北側),15,5,9,2026-08-21 13:50:04,24.11018,120.62812,1,"5,0",2026-08-21 16:07:30.645343
500617031,YouBike2.0_明道高中(中山路),烏日區,中山路一段497號前,23,15,8,2026-08-21 15:48:03,24.10677,120.63552,1,"15,0",2026-08-21 16:07:30.645343
500617032,YouBike2.0_公四公園(環河三榮七路口),烏日區,環河路四段/三榮七路口(東北側),15,1,14,2026-08-21 15:23:17,24.10529,120.60393,1,"1,0",2026-08-21 16:07:30.645343
500617033,YouBike2.0_高鐵高鐵五路口,烏日區,高鐵路/高鐵五路口(東南側),20,2,18,2026-08-21 15:14:04,24.11685,120.61435,1,"1,1",2026-08-21 16:07:30.645343
500617034,YouBike2.0_喀哩國小,烏日區,烏日區溪南路二段337號(對側人行道),12,5,7,2026-08-21 14:59:03,24.06206,120.64315,1,"4,1",2026-08-21 16:07:30.645343
500617035,YouBike2.0_溪南派出所,烏日區,烏日區溪南路二段617號(對側停車處),12,5,7,2026-08-21 14:20:05,24.05646,120.64641,1,"5,0",2026-08-21 16:07:30.645343
500617036,YouBike2.0_溪尾國小,烏日區,溪岸路24之2號前,8,5,3,2026-08-18 17:25:03,24.04048,120.64171,1,"5,0",2026-08-21 16:07:30.645343
500617037,YouBike2.0_溪尾活動中心,烏日區,慶光路30-5號(西南側),12,2,10,2026-08-21 05:17:04,24.03118,120.63932,1,"2,0",2026-08-21 16:07:30.645343
500617038,YouBike2.0_南里里風雨籃球場,烏日區,烏日區溪南路三段418巷28號(對側廣場),12,3,9,2026-08-17 22:50:04,24.05052,120.64908,1,"3,0",2026-08-21 16:07:30.645343
500617040,YouBike2.0_溪南國中,烏日區,溪南路一段731號前,10,9,1,2026-08-21 14:30:04,24.071641,120.642967,1,"9,0",2026-08-21 16:07:30.645343
500617041,YouBike2.0_捷運高鐵臺中站(高鐵一路),烏日區,高鐵一路/站前二路口(西南側),44,20,24,2026-08-21 15:51:02,24.11039,120.61392,1,"20,0",2026-08-21 16:07:30.645343
500617042,YouBike2.0_環中路橋健康步道,烏日區,環中路六段/九德街口(高架橋下),13,7,6,2026-08-21 14:48:03,24.112863,120.644243,1,"7,0",2026-08-21 16:07:30.645343
500617043,YouBike2.0_永興宮,烏日區,復光二巷41號(東側),10,7,3,2026-08-21 15:29:03,24.096628,120.641243,1,"7,0",2026-08-21 16:07:30.645343
500617044,YouBike2.0_東園里稻田公園,烏日區,溪南路一段18巷237號(東側),11,4,7,2026-08-21 14:48:03,24.08776,120.638617,1,"4,0",2026-08-21 16:07:30.645343
500617045,YouBike2.0_五光里老人會館,烏日區,五光路105號(東側),22,9,13,2026-08-21 15:55:04,24.095144,120.655044,1,"9,0",2026-08-21 16:07:30.645343
500617046,YouBike2.0_正和公園(三榮十三路),烏日區,三榮十三路/環河路五段口(北側),10,6,4,2026-08-21 15:40:03,24.10807,120.59538,1,"6,0",2026-08-21 16:07:30.645343
500617047,YouBike2.0_正和公園(三榮路),烏日區,三榮路二段/三榮十五路口(南側),9,8,1,2026-08-21 15:44:16,24.10881,120.59496,1,"8,0",2026-08-21 16:07:30.645343
500617048,YouBike2.0_烏日區廣停六停車場,烏日區,健行路757號(對側),15,6,9,2026-08-21 15:57:03,24.11199,120.59021,1,"6,0",2026-08-21 16:07:30.645343
500617049,YouBike2.0_長壽健行路口,烏日區,長壽路/健行路口(西北側),15,1,14,2026-08-21 15:45:03,24.11219,120.58866,1,"0,1",2026-08-21 16:07:30.645343
500617050,YouBike2.0_高鐵東一路高鐵東路口,烏日區,高鐵東一路/高鐵東路口(南側),36,6,30,2026-08-21 14:35:03,24.10849,120.61566,1,"6,0",2026-08-21 16:07:30.645343
500617051,YouBike2.0_前竹環保公園,烏日區,光明路157巷26號(東南側),15,3,12,2026-08-21 16:05:17,24.097018,120.647035,1,"3,0",2026-08-21 16:07:30.645343
500617052,YouBike2.0_烏日區鄰公八公園,烏日區,大同六街31弄10號旁,15,4,11,2026-08-21 15:27:02,24.11167,120.62733,1,"4,0",2026-08-21 16:07:30.645343
500617053,YouBike2.0_榮泉公園(環河路),烏日區,三榮十六路1巷21號(東南側),13,5,8,2026-08-21 14:59:03,24.10924,120.59037,1,"5,0",2026-08-21 16:07:30.645343
500617054,YouBike2.0_榮泉環河路口,烏日區,榮泉路/環河路五段口(西北側),12,4,8,2026-08-21 12:08:02,24.10847,120.5935,1,"3,1",2026-08-21 16:07:30.645343
500617055,YouBike2.0_夢幻誠,烏日區,高鐵路二段168號(西南側),30,1,29,2026-08-21 15:49:16,24.1134,120.61066,1,"1,0",2026-08-21 16:07:30.645343
500617056,YouBike2.0_夢幻誠(高鐵一路),烏日區,高鐵一路362號(西南側),40,1,39,2026-08-21 15:45:03,24.112321,120.60981,1,"1,0",2026-08-21 16:07:30.645343
500617058,YouBike2.0_麻園溪東中山路口,烏日區,麻園溪東路/中山路一段口(西北側),15,4,11,2026-08-21 14:14:03,24.105313,120.631647,1,"4,0",2026-08-21 16:07:30.645343
500617059,YouBike2.0_環河北光日路口,烏日區,環河北路220號(對側人行道),26,5,21,2026-08-21 16:02:02,24.10152,120.62408,1,"5,0",2026-08-21 16:07:30.645343
500617060,YouBike2.0_光日公園路口,烏日區,光日路18號旁,15,11,4,2026-08-21 16:03:03,24.10241,120.62427,1,"11,0",2026-08-21 16:07:30.645343
500617061,YouBike2.0_高鐵三高鐵東路口,烏日區,高鐵三路29號,20,10,10,2026-08-21 15:51:02,24.11365,120.61795,1,"10,0",2026-08-21 16:07:30.645343
500617062,YouBike2.0_環中福泰街口,烏日區,環中路八段162號前,15,7,8,2026-08-21 09:06:03,24.08561,120.64794,1,"6,1",2026-08-21 16:07:30.645343
500617063,YouBike2.0_溪邊公園,烏日區,五光路1000巷68號對側,12,9,3,2026-08-21 14:41:16,24.10332,120.62998,1,"9,0",2026-08-21 16:07:30.645343
500617064,YouBike2.0_烏日三和公園,烏日區,三榮南路11號對側,20,10,10,2026-08-21 15:40:03,24.10421,120.61002,1,"9,1",2026-08-21 16:07:30.645343
500617065,YouBike2.0_麻園頭溪吊橋,烏日區,麻園溪東路/麻園東一街口,15,6,9,2026-08-21 15:55:04,24.1033,120.63191,1,"6,0",2026-08-21 16:07:30.645343
500617066,YouBike2.0_僑仁國小,烏日區,中山路一段341號,13,2,11,2026-08-21 15:19:02,24.10851,120.64086,1,"2,0",2026-08-21 16:07:30.645343
500617067,YouBike2.0_浩瀚豐世紀,烏日區,中山路418號前,22,1,21,2026-08-21 15:38:02,24.110071,120.603108,1,"1,0",2026-08-21 16:07:30.645343
500617068,YouBike2.0_九張犁公車站,烏日區,中山路一段216-1號對側,21,0,21,2026-08-21 16:02:02,24.10889,120.642233,1,"0,0",2026-08-21 16:07:30.645343
500617069,YouBike2.0_烏日警察官吏派出所,烏日區,三民街110號,16,3,13,2026-08-21 13:36:02,24.10535,120.62191,1,"3,0",2026-08-21 16:07:30.645343
500617072,YouBike2.0_東園里辦公處,烏日區,溪南路一段238巷242號對側,13,5,8,2026-08-21 12:59:02,24.08459,120.63857,1,"5,0",2026-08-21 16:07:30.645343
500617073,YouBike2.0_中山路三段403巷口,烏日區,中山路三段403巷8號對側,20,1,19,2026-08-21 15:46:03,24.10825,120.60478,1,"1,0",2026-08-21 16:07:30.645343
500617074,YouBike2.0_東女慈聖宮,烏日區,慶光路868巷88號(東南側),16,6,10,2026-08-21 11:59:02,24.090559,120.630489,1,"6,0",2026-08-21 16:07:30.645343
500617075,YouBike2.0_昭和庄活動中心,烏日區,溪南路一段680巷317弄82號(東南側),15,4,11,2026-08-21 15:18:02,24.075329,120.635314,1,"4,0",2026-08-21 16:07:30.645343
500617076,YouBike2.0_廣停一停車場,烏日區,以春街121巷2號(南側),18,7,11,2026-08-21 15:57:03,24.105974,120.621195,1,"7,0",2026-08-21 16:07:30.645343
500617077,YouBike2.0_烏日啤酒觀光工廠,烏日區,光日路/大同六街口(西南側),30,11,19,2026-08-21 15:45:04,24.111063,120.625721,1,"11,0",2026-08-21 16:07:30.645343
500617078,YouBike2.0_賢達公園,烏日區,公園路598巷20號對側,11,3,8,2026-08-21 13:36:02,24.10356,120.61903,1,"3,0",2026-08-21 16:07:30.645343
500617079,YouBike2.0_烏日國中,烏日區,公園路/榮泰街口(西南側),32,10,22,2026-08-21 16:06:04,24.10508,120.61811,1,"9,1",2026-08-21 16:07:30.645343
500617080,YouBike2.0_成功公園,烏日區,三榮路二段67號對側,20,15,5,2026-08-21 15:36:03,24.10764,120.60006,1,"13,2",2026-08-21 16:07:30.645343
500617082,YouBike2.0_高鐵健行路口,烏日區,高鐵路一段172號旁,22,2,20,2026-08-21 12:43:03,24.10884,120.60334,1,"2,0",2026-08-21 16:07:30.645343
500617083,YouBike2.0_廣停四停車場,烏日區,三榮九路/健行路口,27,8,19,2026-08-21 15:44:02,24.109,120.60077,1,"8,0",2026-08-21 16:07:30.645343
500618001,YouBike2.0_圳前仁愛公園,神岡區,中山路/中山路1720巷口(東北側),45,6,39,2026-08-21 15:59:03,24.25826,120.64873,1,"6,0",2026-08-21 16:07:30.645343
500618002,YouBike2.0_神岡高工,神岡區,中山路/中山路652巷口(南側),30,6,24,2026-08-21 16:06:03,24.24723,120.68146,1,"6,0",2026-08-21 16:07:30.645343
500618003,YouBike2.0_神圳國中,神岡區,神清路/神清路54巷口(東側),24,6,18,2026-08-21 16:04:03,24.26049,120.65863,1,"6,0",2026-08-21 16:07:30.645343
500618004,YouBike2.0_豐原大道豐洲路口,神岡區,豐原大道八段/豐洲路口(南側),10,5,5,2026-08-21 15:55:04,24.25901,120.7087,1,"5,0",2026-08-21 16:07:30.645343
500618005,YouBike2.0_社口國小,神岡區,社南街180巷/社南街口(西北側),15,4,10,2026-08-21 13:06:02,24.244853,120.685059,1,"4,0",2026-08-21 16:07:30.645343
500618006,YouBike2.0_豐洲公園,神岡區,大明路/大明路28巷口(東北側),15,3,12,2026-08-21 15:56:03,24.265425,120.699859,1,"3,0",2026-08-21 16:07:30.645343
500618007,YouBike2.0_神岡區順天宮,神岡區,豐洲路916巷38弄96號(西南側),15,6,9,2026-08-21 14:59:03,24.267459,120.69348,1,"6,0",2026-08-21 16:07:30.645343
500618008,YouBike2.0_神洲社區公園,神岡區,大明路/國豐路一段口(東北側),12,3,9,2026-08-21 15:50:04,24.272228,120.698998,1,"2,1",2026-08-21 16:07:30.645343
500618010,YouBike2.0_和睦兒童公園,神岡區,和睦路95巷/和睦路一段61巷4弄口(西南側),15,3,12,2026-08-21 15:21:02,24.27306,120.65727,1,"3,0",2026-08-21 16:07:30.645343
500618011,YouBike2.0_新和宮,神岡區,和睦路一段358巷15號,15,12,3,2026-08-21 15:09:04,24.28052,120.65811,1,"12,0",2026-08-21 16:07:30.645343
500618012,YouBike2.0_豐洲國小,神岡區,豐洲路482號對側,9,2,7,2026-08-21 15:54:03,24.26181,120.70402,1,"2,0",2026-08-21 16:07:30.645343
500618013,YouBike2.0_臺中市立圖書館神岡分館,神岡區,中山路1460號,8,2,6,2026-08-21 15:17:04,24.25899,120.661,1,"1,1",2026-08-21 16:07:30.645343
500618014,YouBike2.0_神岡消防公園,神岡區,東洲路70-12號(對側人行道),14,6,8,2026-08-21 15:50:04,24.26008,120.71181,1,"6,0",2026-08-21 16:07:30.645343
500618017,YouBike2.0_親慈公園,神岡區,民權二街2巷/民權二街口(東北側),10,4,6,2026-08-21 15:38:02,24.24925,120.68499,1,"3,1",2026-08-21 16:07:30.645343
500618019,YouBike2.0_岸裡國小,神岡區,中山路52號,16,3,13,2026-08-21 15:30:03,24.248713,120.696895,1,"2,1",2026-08-21 16:07:30.645343
500618020,YouBike2.0_三民南路302巷,神岡區,三民南路302巷20-6號(北側),15,9,6,2026-08-21 11:59:02,24.25564,120.65672,1,"9,0",2026-08-21 16:07:30.645343
500618021,YouBike2.0_社興公園,神岡區,大裡街/豐社路口(西南側),22,4,18,2026-08-21 16:06:03,24.251116,120.697513,1,"4,0",2026-08-21 16:07:30.645343
500618023,YouBike2.0_圳堵里口公車站,神岡區,神清路178號對側,20,1,19,2026-08-21 15:30:03,24.26847,120.65618,1,"1,0",2026-08-21 16:07:30.645343
500618024,YouBike2.0_三社東路16巷口,神岡區,三社東路105號對側,18,7,11,2026-08-21 15:40:03,24.23599,120.69650,1,"7,0",2026-08-21 16:07:30.645343
500618025,YouBike2.0_豐工一豐工中路口,神岡區,豐工一路/豐工中路口(南側),25,4,21,2026-08-21 07:22:02,24.27770,120.70435,1,"4,0",2026-08-21 16:07:30.645343
500618026,YouBike2.0_豐原大道豐洲路口(北側),神岡區,豐原大道七段/豐洲路口(北側),18,3,15,2026-08-21 16:06:04,24.26009,120.70916,1,"3,0",2026-08-21 16:07:30.645343
500618027,YouBike2.0_圳前活動中心,神岡區,三民路349號,15,6,9,2026-08-21 11:10:03,24.26692,120.65828,1,"6,0",2026-08-21 16:07:30.645343
500618028,YouBike2.0_民生路50巷民生路口,神岡區,民生路50巷/民生路口,18,10,8,2026-08-21 15:37:03,24.24505,120.67945,1,"9,1",2026-08-21 16:07:30.645343
500618029,YouBike2.0_潭雅神綠園道社南站,神岡區,昌平路五段257號旁,18,7,11,2026-08-21 15:53:03,24.24329,120.68219,1,"7,0",2026-08-21 16:07:30.645343
500618030,YouBike2.0_大圳八德路九如巷口,神岡區,大圳路/八德路九如巷口(西北側),18,5,13,2026-08-21 15:34:03,24.25853,120.68655,1,"5,0",2026-08-21 16:07:30.645343
500618031,YouBike2.0_大圳路福庄街口,神岡區,大圳路/福庄街口(東南側),18,8,10,2026-08-21 13:41:03,24.26282,120.66560,1,"7,1",2026-08-21 16:07:30.645343
500618033,YouBike2.0_新興公園,神岡區,新興路/和睦路一段537巷口,17,5,12,2026-08-21 13:45:02,24.27867,120.65180,1,"4,1",2026-08-21 16:07:30.645343
500618034,YouBike2.0_社南社區活動中心,神岡區,中山路551巷41號,16,7,9,2026-08-21 15:47:04,24.24560,120.68318,1,"5,2",2026-08-21 16:07:30.645343
500618036,YouBike2.0_成都路134巷口,神岡區,成都路121號前,15,2,13,2026-08-21 16:03:03,24.27495,120.65162,1,"1,1",2026-08-21 16:07:30.645343
500619001,YouBike2.0_大肚戶政事務所,大肚區,華山路/沙田路三段口(東北側),19,10,9,2026-08-21 15:52:04,24.15446,120.54441,1,"10,0",2026-08-21 16:07:30.645343
500619002,YouBike2.0_大肚車站,大肚區,華山路/平和街口(東北側),26,15,11,2026-08-21 16:03:03,24.15414,120.54275,1,"13,2",2026-08-21 16:07:30.645343
500619003,YouBike2.0_動態公園,大肚區,大明二街/大德六街口(東北側),30,8,22,2026-08-21 15:59:03,24.1539,120.54139,1,"8,0",2026-08-21 16:07:30.645343
500619004,YouBike2.0_瑞井步道,大肚區,瑞井路65巷/瑞井路85巷口(西南側),13,3,10,2026-08-21 16:02:02,24.165074,120.570576,1,"3,0",2026-08-21 16:07:30.645343
500619005,YouBike2.0_大肚藍色公路,大肚區,遊園路一段3巷118號(前),15,5,10,2026-08-21 15:41:03,24.155956,120.570539,1,"5,0",2026-08-21 16:07:30.645343
500619006,YouBike2.0_磺溪書院,大肚區,文昌一街/文昌一街8巷口(東南側),13,5,8,2026-08-21 14:48:03,24.149682,120.539781,1,"4,1",2026-08-21 16:07:30.645343
500619007,YouBike2.0_靜態公園,大肚區,大明五街/大明五街61巷口(東南側),16,1,15,2026-08-21 15:18:02,24.157082,120.538461,1,"1,0",2026-08-21 16:07:30.645343
500619008,YouBike2.0_大肚山萬里長城步道入口,大肚區,大肚山萬里長城步道入口(東南側),15,5,10,2026-08-21 07:58:04,24.14535,120.557467,1,"5,0",2026-08-21 16:07:30.645343
500619009,YouBike2.0_大肚運動公園,大肚區,沙田路三段/萬興路口(西南側),15,2,13,2026-08-21 15:57:03,24.158685,120.543699,1,"2,0",2026-08-21 16:07:30.645343
500619010,YouBike2.0_大道國中,大肚區,仁德路/自由路口(東南側),15,6,9,2026-08-21 15:35:04,24.147122,120.549377,1,"6,0",2026-08-21 16:07:30.645343
500619011,YouBike2.0_大肚區公所,大肚區,沙田路二段/文昌路一段口(東南側),15,11,4,2026-08-21 15:44:02,24.151033,120.545395,1,"11,0",2026-08-21 16:07:30.645343
500619012,YouBike2.0_追分車站,大肚區,追分街13號(西北側),20,8,12,2026-08-21 15:43:02,24.120726,120.569796,1,"8,0",2026-08-21 16:07:30.645343
500619013,YouBike2.0_福蝠公園,大肚區,沙田路三段734巷/沙田路三段534巷口(東北側),14,3,11,2026-08-21 13:00:03,24.165561,120.544029,1,"3,0",2026-08-21 16:07:30.645343
500619014,YouBike2.0_日光郡社區活動中心,大肚區,萬興路/大明三街口(東南側),12,3,9,2026-08-21 16:05:02,24.15952,120.53963,1,"3,0",2026-08-21 16:07:30.645343
500619015,YouBike2.0_臺中市立圖書館大肚瑞井分館,大肚區,華山路700號,11,2,9,2026-08-21 15:00:05,24.1584,120.56832,1,"2,0",2026-08-21 16:07:30.645343
500619017,YouBike2.0_向上遊園路二段170巷口,大肚區,遊園路二段170巷62號(東側),12,6,6,2026-08-21 16:05:02,24.172182,120.582434,1,"6,0",2026-08-21 16:07:30.645343
500619018,YouBike2.0_大肚永和宮,大肚區,永和街14號(東側),14,5,9,2026-08-21 15:25:03,24.148643,120.544041,1,"5,0",2026-08-21 16:07:30.645343
500619019,YouBike2.0_汴子頭尾公車站,大肚區,文昌路二段260號對側,15,6,9,2026-08-21 12:18:02,24.15257,120.53383,1,"6,0",2026-08-21 16:07:30.645343
500619021,YouBike2.0_福山young公園,大肚區,沙田路一段428巷5弄9號對側,15,3,12,2026-08-21 16:04:03,24.12448,120.56534,1,"3,0",2026-08-21 16:07:30.645343
500619024,YouBike2.0_東海駕訓班,大肚區,遊園路一段126號,15,5,10,2026-08-21 15:59:03,24.1666,120.57804,1,"5,0",2026-08-21 16:07:30.645343
500619025,YouBike2.0_大東社區活動中心,大肚區,自由路/沙田路二段562巷口(西北側),28,6,22,2026-08-21 16:04:03,24.147463,120.548727,1,"6,0",2026-08-21 16:07:30.645343
500619026,YouBike2.0_王福公園,大肚區,王福街/王福街96巷口(北側),16,2,14,2026-08-21 15:26:02,24.120468,120.580168,1,"2,0",2026-08-21 16:07:30.645343
500619027,YouBike2.0_南榮路68號前,大肚區,南榮路68號前,15,1,14,2026-08-21 15:29:19,24.112724,120.582748,1,"1,0",2026-08-21 16:07:30.645343
500619028,YouBike2.0_沙田興和路口(東北側),大肚區,沙田路一段/興和路口(東北側),15,1,14,2026-08-21 06:24:03,24.11891,120.57738,1,"1,0",2026-08-21 16:07:30.645343
500619029,YouBike2.0_順安宮,大肚區,南榮路/中和巷口(東南側),10,3,7,2026-08-21 07:22:02,24.1125,120.574342,1,"3,0",2026-08-21 16:07:30.645343
500619030,YouBike2.0_沙田興和路口(東南側),大肚區,沙田路一段/興和路口(東南側),15,2,13,2026-08-21 16:06:04,24.11860,120.57669,1,"2,0",2026-08-21 16:07:30.645343
500619031,YouBike2.0_綠能公園,大肚區,沙田路二段310巷2號旁,15,3,12,2026-08-21 15:50:04,24.143502,120.555775,1,"1,2",2026-08-21 16:07:30.645343
500619032,YouBike2.0_環保運動公園停車場,大肚區,華山路388號旁,15,2,13,2026-08-21 11:20:03,24.157647,120.551962,1,"2,0",2026-08-21 16:07:30.645343
500619033,YouBike2.0_沙田沙田路三段889巷口,大肚區,沙田路三段/沙田路三段889巷口(北側),15,6,9,2026-08-21 00:20:03,24.169764,120.542197,1,"6,0",2026-08-21 16:07:30.645343
500619035,YouBike2.0_文昌文昌二街95巷口,大肚區,文昌二街95巷1號旁,16,4,11,2026-08-21 08:38:04,24.15313,120.537406,1,"4,0",2026-08-21 16:07:30.645343
500619036,YouBike2.0_福山福安宮,大肚區,王福街988巷77號,15,2,13,2026-08-21 13:16:03,24.12805,120.56508,1,"2,0",2026-08-21 16:07:30.645343
500619037,YouBike2.0_南榮南榮路468巷口,大肚區,南榮路476號旁,16,6,10,2026-08-20 11:09:02,24.11536,120.56748,1,"6,0",2026-08-21 16:07:30.645343
500619038,YouBike2.0_營埔社區發展協會,大肚區,營埔二街/船頭三街(東北側),18,3,15,2026-08-21 03:19:02,24.12160,120.55802,1,"3,0",2026-08-21 16:07:30.645343
500619040,YouBike2.0_醒壽堂,大肚區,沙田路一段388巷35之15號,15,3,12,2026-08-21 02:43:03,24.12836,120.56886,1,"3,0",2026-08-21 16:07:30.645343
500619041,YouBike2.0_萬興文昌路口,大肚區,萬興路/文昌路三段2巷193弄口(東側),18,2,16,2026-08-21 10:49:03,24.16918,120.53557,1,"2,0",2026-08-21 16:07:30.645343
500619042,YouBike2.0_瑞峰國小,大肚區,太平路1號旁,15,2,13,2026-08-21 13:34:02,24.16893,120.57416,1,"2,0",2026-08-21 16:07:30.645343
500619043,YouBike2.0_文昌路三段336巷口,大肚區,文昌路三段/文昌路三段336巷口,15,4,8,2026-08-21 15:37:03,24.173899,120.530439,1,"4,0",2026-08-21 16:07:30.645343
500619044,YouBike2.0_中蔗太平路口,大肚區,中蔗路30號,10,2,8,2026-08-21 12:37:04,24.16965,120.57559,1,"2,0",2026-08-21 16:07:30.645343
500619045,YouBike2.0_蔗廍里社區活動中心,大肚區,中沙路1-2號,15,7,8,2026-08-21 13:32:04,24.17258,120.57514,1,"7,0",2026-08-21 16:07:30.645343
500619046,YouBike2.0_王田莊中福德祠,大肚區,興和路265巷/王福街口(西側),18,3,15,2026-08-21 06:34:04,24.12224,120.57428,1,"3,0",2026-08-21 16:07:30.645343
500619048,YouBike2.0_社腳里活動中心,大肚區,沙田路一段774巷21-80號,15,5,10,2026-08-21 15:33:04,24.13183,120.55896,1,"5,0",2026-08-21 16:07:30.645343
500619049,YouBike2.0_日晷公園,大肚區,平等街/博愛街口(北側),18,2,16,2026-08-21 10:32:23,24.16256,120.54584,1,"2,0",2026-08-21 16:07:30.645343
500619050,YouBike2.0_遊園路一段8巷遊園路口,大肚區,遊園路一段8-1號旁,18,4,14,2026-08-20 22:47:02,24.15580,120.57269,1,"4,0",2026-08-21 16:07:30.645343
500619051,YouBike2.0_大肚瑞安宮,大肚區,瑞井路52巷7之1號前,16,3,13,2026-08-21 15:36:03,24.16319,120.57306,1,"3,0",2026-08-21 16:07:30.645343
500619052,YouBike2.0_大肚永順宮,大肚區,永順路71號(東北側),12,6,6,2026-08-21 15:55:04,24.16126,120.53129,1,"6,0",2026-08-21 16:07:30.645343
500619053,YouBike2.0_沙田路一段550巷口,大肚區,沙田路一段550巷口/王福街口,15,6,9,2026-08-21 15:19:02,24.12579,120.56226,1,"6,0",2026-08-21 16:07:30.645343
500620001,YouBike2.0_大明國小,大雅區,中清路四段161-11號(對側人行道),20,6,14,2026-08-21 15:43:02,24.22857,120.6431,1,"6,0",2026-08-21 16:07:30.645343
500620002,YouBike2.0_大華國中,大雅區,中清路三段849號(對側人行道),26,0,26,2026-08-21 16:06:19,24.21543,120.64953,1,"0,0",2026-08-21 16:07:30.645343
500620003,YouBike2.0_大雅國中,大雅區,學府路289號(對側機車停車場),20,9,11,2026-08-21 15:42:04,24.22432,120.6495,1,"9,0",2026-08-21 16:07:30.645343
500620004,YouBike2.0_大雅公園,大雅區,中清路三段1132巷/中清路三段(東北側),22,3,19,2026-08-21 15:28:03,24.22345,120.64709,1,"3,0",2026-08-21 16:07:30.645343
500620005,YouBike2.0_大雅區公所,大雅區,雅環路二段299號旁,24,4,20,2026-08-21 15:10:05,24.22917,120.64819,1,"3,1",2026-08-21 16:07:30.645343
500620006,YouBike2.0_中科標準廠房,大雅區,科雅路/科雅五路口(東北側),22,20,2,2026-08-21 16:02:02,24.22431,120.62829,1,"14,6",2026-08-21 16:07:30.645343
500620007,YouBike2.0_原住民族文化館,大雅區,大雅區仁愛路69號,17,1,16,2026-08-21 15:32:03,24.23529,120.62233,1,"1,0",2026-08-21 16:07:30.645343
500620008,YouBike2.0_科雅中清路口,大雅區,科雅路/中清路四段口(西北側),13,3,10,2026-08-21 11:23:02,24.23477,120.63605,1,"2,1",2026-08-21 16:07:30.645343
500620009,YouBike2.0_大榮公園,大雅區,大榮街/大榮街45巷口(西北側),14,8,6,2026-08-21 15:47:04,24.22546,120.65031,1,"8,0",2026-08-21 16:07:30.645343
500620010,YouBike2.0_大雅體育園區,大雅區,民生路四段/昌平路四段687巷口(東南側),15,4,11,2026-08-21 15:55:04,24.24025,120.67429,1,"4,0",2026-08-21 16:07:30.645343
500620011,YouBike2.0_上楓國小,大雅區,民生路四/楓林街口(東北側),20,2,18,2026-08-21 15:26:16,24.23593,120.66722,1,"2,0",2026-08-21 16:07:30.645343
500620012,YouBike2.0_寶興宮,大雅區,神林路一段231巷58號(北側),15,4,11,2026-08-21 14:10:02,24.23816,120.65272,1,"2,2",2026-08-21 16:07:30.645343
500620016,YouBike2.0_六寶公園,大雅區,月祥路/月祥路530巷(東北側),10,6,4,2026-08-21 15:45:03,24.23739,120.62642,1,"6,0",2026-08-21 16:07:30.645343
500620017,YouBike2.0_上雅社區活動中心,大雅區,雅環路二段171巷19號,12,4,8,2026-08-20 10:56:03,24.228197,120.650922,1,"4,0",2026-08-21 16:07:30.645343
500620018,YouBike2.0_大雅區停四停車場,大雅區,神林南路161號(對側人行道),20,3,17,2026-08-21 15:41:03,24.22589,120.65665,1,"3,0",2026-08-21 16:07:30.645343
500620019,YouBike2.0_三和公園,大雅區,龍善二街/龍善二街186巷口(北側),15,5,10,2026-08-21 16:02:02,24.21195,120.66453,1,"5,0",2026-08-21 16:07:30.645343
500620020,YouBike2.0_橫山社區籃球場,大雅區,永和路102-1號(東北側),10,0,10,2026-08-21 15:50:19,24.211844,120.630901,1,"0,0",2026-08-21 16:07:30.645343
500620022,YouBike2.0_潭雅神自行車道,大雅區,中清路四段892號(東南側),15,7,8,2026-08-21 15:54:03,24.240639,120.630839,1,"7,0",2026-08-21 16:07:30.645343
500620023,YouBike2.0_十四張圳水岸公園,大雅區,神林南路538號(東南側),15,6,9,2026-08-21 16:06:03,24.218909,120.655479,1,"6,0",2026-08-21 16:07:30.645343
500620024,YouBike2.0_雅潭路停車場,大雅區,雅潭路四段81號(東南側),18,7,11,2026-08-21 15:21:02,24.216567,120.666171,1,"7,0",2026-08-21 16:07:30.645343
500620025,YouBike2.0_大雅戰車公園,大雅區,月祥路276巷44號(東側),40,3,37,2026-08-21 16:04:03,24.23067,120.62452,1,"2,1",2026-08-21 16:07:30.645343
500620026,YouBike2.0_文雅兒童公園,大雅區,中山北路478號,17,4,13,2026-08-21 15:56:03,24.22295,120.64486,1,"4,0",2026-08-21 16:07:30.645343
500620027,YouBike2.0_三和國小,大雅區,昌平路四段226號(西北側),16,3,13,2026-08-21 16:05:03,24.22045,120.66886,1,"3,0",2026-08-21 16:07:30.645343
500620028,YouBike2.0_大雅體育園區(昌平民生路口),大雅區,昌平路四段687巷/民生路四段136巷口(東北側),12,1,11,2026-08-21 11:04:02,24.236139,120.673205,1,"1,0",2026-08-21 16:07:30.645343
500620030,YouBike2.0_櫻花大郡公車站,大雅區,東大路二段/東大路二段1100巷口,15,5,10,2026-08-21 14:55:03,24.23563,120.61419,1,"5,0",2026-08-21 16:07:30.645343
500620033,YouBike2.0_大雅國小,大雅區,雅潭路四段800號旁,20,2,18,2026-08-21 15:50:04,24.22162,120.65083,1,"2,0",2026-08-21 16:07:30.645343
500620037,YouBike2.0_東大路二段910巷口,大雅區,東大路二段910巷1 號,23,11,12,2026-08-21 11:55:03,24.22988,120.61352,1,"11,0",2026-08-21 16:07:30.645343
500620038,YouBike2.0_二和公園,大雅區,學府路大智巷22之2號旁,18,8,10,2026-08-21 14:24:03,24.22062,120.65123,1,"8,0",2026-08-21 16:07:30.645343
500620041,YouBike2.0_大雅中科公園,大雅區,月祥路40號旁停車場,25,4,21,2026-08-21 15:33:04,24.22038,120.61866,1,"4,0",2026-08-21 16:07:30.645343
500620043,YouBike2.0_科雅平和路口,大雅區,科雅路/平和路口(東北側),18,3,15,2026-08-21 13:41:03,24.22911,120.63143,1,"3,0",2026-08-21 16:07:30.645343
500621001,YouBike2.0_新泰安車站,后里區,福安路/安眉路口(北側),30,1,29,2026-08-21 15:22:20,24.33059,120.74164,1,"1,0",2026-08-21 16:07:30.645343
500621002,YouBike2.0_泰安鐵道文化園區,后里區,福興路59號(前),30,7,23,2026-08-21 15:40:03,24.32256,120.748,1,"7,0",2026-08-21 16:07:30.645343
500621003,YouBike2.0_后里車站,后里區,圳寮路/圳寮路160巷口(東北側),47,18,29,2026-08-21 16:03:03,24.31008,120.73308,1,"18,0",2026-08-21 16:07:30.645343
500621004,YouBike2.0_后里運動公園,后里區,成功路478號(對側人行道),36,5,31,2026-08-21 16:06:03,24.30637,120.7177,1,"5,0",2026-08-21 16:07:30.645343
500621005,YouBike2.0_麗寶樂園,后里區,福容路8號前,30,5,25,2026-08-21 15:17:04,24.32296,120.69762,1,"5,0",2026-08-21 16:07:30.645343
500621006,YouBike2.0_台灣美光,后里區,后科南路/三豐路四段口(西北側),30,6,24,2026-08-21 15:59:03,24.31651,120.72408,1,"6,0",2026-08-21 16:07:30.645343
500621012,YouBike2.0_后里四號公園,后里區,大圳路258號對面公園內(西南側),15,5,10,2026-08-21 15:17:04,24.30239,120.70974,1,"5,0",2026-08-21 16:07:30.645343
500621013,YouBike2.0_后里森林園區,后里區,內東路232號(東南側),15,6,9,2026-08-21 14:44:03,24.30556,120.73118,1,"6,0",2026-08-21 16:07:30.645343
500621014,YouBike2.0_啟明學校,后里區,三豐路三段/文明路31巷3弄口(東南側),10,0,10,2026-08-21 16:02:18,24.30488,120.72212,1,"0,0",2026-08-21 16:07:30.645343
500621015,YouBike2.0_后綜高中,后里區,三豐路三段/文明路口(東北側),39,2,37,2026-08-21 16:03:03,24.30635,120.72189,1,"1,1",2026-08-21 16:07:30.645343
500621016,YouBike2.0_后里區衛生所,后里區,三光路/公安路口(西北側),19,2,17,2026-08-21 15:12:03,24.30504,120.71049,1,"2,0",2026-08-21 16:07:30.645343
500621017,YouBike2.0_內埔國小,后里區,平安路168號(對側人行道),20,4,16,2026-08-21 15:36:03,24.308018,120.715686,1,"4,0",2026-08-21 16:07:30.645343
500621018,YouBike2.0_三豐星科路口,后里區,三豐路/星科路口(東北側),12,2,10,2026-08-21 14:46:03,24.288202,120.723317,1,"2,0",2026-08-21 16:07:30.645343
500621019,YouBike2.0_舊社社區活動中心,后里區,舊社路93號,12,4,8,2026-08-21 13:32:03,24.294701,120.701551,1,"4,0",2026-08-21 16:07:30.645343
500621020,YouBike2.0_后里游泳池,后里區,堤防路518號,12,5,7,2026-08-21 16:01:03,24.288578,120.699853,1,"5,0",2026-08-21 16:07:30.645343
500621021,YouBike2.0_后里環保公園,后里區,后里環保公園(堤坊路側入口),12,1,11,2026-08-21 10:13:02,24.287333,120.702459,1,"1,0",2026-08-21 16:07:30.645343
500621023,YouBike2.0_三豐泉州路口,后里區,三豐路四段151號(對側人行道),9,4,5,2026-08-21 14:52:03,24.312739,120.723475,1,"4,0",2026-08-21 16:07:30.645343
500621024,YouBike2.0_三豐南村路口,后里區,三豐路/南村路口(西南側),8,4,4,2026-08-21 15:59:03,24.294551,120.72364,1,"4,0",2026-08-21 16:07:30.645343
500621025,YouBike2.0_臺中市動物之家后里園區,后里區,堤防路370號,11,4,7,2026-08-21 13:28:04,24.28635,120.70964,1,"4,0",2026-08-21 16:07:30.645343
500621026,YouBike2.0_中社花市,后里區,三豐路五段402號(北側停車場),18,6,12,2026-08-21 15:32:03,24.33476,120.7305,1,"6,0",2026-08-21 16:07:30.645343
500621027,YouBike2.0_太平里聯合里聯合活動中心,后里區,四月路72-8號,15,4,11,2026-08-20 17:24:02,24.31396,120.65912,1,"2,2",2026-08-21 16:07:30.645343
500621030,YouBike2.0_后里國中,后里區,中眉路169號(西北側),20,5,15,2026-08-21 13:22:03,24.308615,120.692915,1,"5,0",2026-08-21 16:07:30.645343
500621032,YouBike2.0_三光路停車場,后里區,民生路/三光路口(西北側),15,7,8,2026-08-21 15:59:03,24.307242,120.71144,1,"7,0",2026-08-21 16:07:30.645343
500621034,YouBike2.0_美光O2(AATT),后里區,后科路二段309號,30,6,24,2026-08-21 15:54:03,24.31948,120.73289,1,"6,0",2026-08-21 16:07:30.645343
500621035,YouBike2.0_美光員工宿舍,后里區,九甲路500號,30,3,27,2026-08-21 15:26:02,24.32048,120.72030,1,"2,1",2026-08-21 16:07:30.645343
500621036,YouBike2.0_美光O4(ICHU),后里區,后科路二段335號旁,30,8,22,2026-08-21 14:45:03,24.32016,120.73012,1,"8,0",2026-08-21 16:07:30.645343
500621037,YouBike2.0_美光(UCAN),后里區,后科南路22號(北側),15,7,8,2026-08-21 15:53:03,24.31646,120.73205,1,"6,1",2026-08-21 16:07:30.645343
500621039,YouBike2.0_后科南甲后路一段136巷口,后里區,后科南路88號,27,20,6,2026-08-21 15:57:03,24.3156,120.72749,1,"19,1",2026-08-21 16:07:30.645343
500621040,YouBike2.0_后科馬場路口,后里區,后科路一段/馬場路口(西南側),19,9,10,2026-08-21 16:06:04,24.29825,120.73194,1,"9,0",2026-08-21 16:07:30.645343
500621042,YouBike2.0_甲后路二段377號(北側),后里區,甲后路二段377號(北側),25,13,12,2026-08-21 15:55:04,24.313699,120.693833,1,"12,1",2026-08-21 16:07:30.645343
500621043,YouBike2.0_后神四月路口,后里區,后神路/四月路口,20,4,16,2026-08-21 14:40:04,24.31099,120.68041,1,"4,0",2026-08-21 16:07:30.645343
500621044,YouBike2.0_四塊厝(合安宮)公車站,后里區,水門路55-10號前,16,5,11,2026-08-21 16:02:02,24.30575,120.68317,1,"5,0",2026-08-21 16:07:30.645343
500621046,YouBike2.0_厚里社區活動中心,后里區,九甲一路259號,18,3,15,2026-08-19 09:21:03,24.31366,120.71588,1,"3,0",2026-08-21 16:07:30.645343
500622001,YouBike2.0_霧峰農工,霧峰區,中正路/中正路1221巷口(東北側),54,5,49,2026-08-21 14:42:02,24.07319,120.69985,1,"5,0",2026-08-21 16:07:30.645343
500622003,YouBike2.0_立法院中部辦公室,霧峰區,中正路/蘭生街口(東南側),26,7,19,2026-08-21 13:16:02,24.05584,120.69742,1,"6,1",2026-08-21 16:07:30.645343
500622004,YouBike2.0_光復新村(新生路),霧峰區,新生路/中興路口(西北側),18,6,12,2026-08-21 14:02:04,24.043874,120.696271,1,"6,0",2026-08-21 16:07:30.645343
500622005,YouBike2.0_臺中市立光復國民中小學,霧峰區,柳豐路535號(東側),17,1,16,2026-08-21 14:28:02,24.043076,120.690118,1,"1,0",2026-08-21 16:07:30.645343
500622006,YouBike2.0_霧峰健體中心,霧峰區,成功路/民生路口(東北側),15,8,7,2026-08-21 15:24:04,24.060106,120.70093,1,"8,0",2026-08-21 16:07:30.645343
500622007,YouBike2.0_北峰公園,霧峰區,峰堤路/大峰路口(西南側),9,3,6,2026-08-21 09:51:02,24.071555,120.691839,1,"3,0",2026-08-21 16:07:30.645343
500622008,YouBike2.0_霧峰區綜合運動場,霧峰區,峰堤路/民生路口(西北側),15,8,7,2026-08-21 15:51:02,24.080235,120.714519,1,"6,2",2026-08-21 16:07:30.645343
500622009,YouBike2.0_大愛公園,霧峰區,錦州路/峰堤路口(東南側),16,5,11,2026-08-21 14:28:02,24.080577,120.709404,1,"4,1",2026-08-21 16:07:30.645343
500622010,YouBike2.0_乾溪綠廊公園,霧峰區,霧峰區中潭公路/信義路(西南側),15,7,8,2026-08-21 13:57:02,24.0442,120.6919,1,"7,0",2026-08-21 16:07:30.645343
500622011,YouBike2.0_亞洲大學(安藤忠雄美術館),霧峰區,柳豐路422號(西北側),20,10,10,2026-08-21 14:18:03,24.0458,120.68776,1,"10,0",2026-08-21 16:07:30.645343
500622012,YouBike2.0_亞洲大學(體育館),霧峰區,柳豐路416號(南側),20,4,16,2026-08-21 15:47:04,24.04872,120.68659,1,"4,0",2026-08-21 16:07:30.645343
500622013,YouBike2.0_霧工一霧工五路口,霧峰區,霧工一路/霧工五路口(東北側),15,9,6,2026-08-21 14:34:03,24.06338,120.67899,1,"9,0",2026-08-21 16:07:30.645343
500622014,YouBike2.0_北勢活動中心,霧峰區,丁台路571巷7號旁,10,7,3,2026-08-21 15:21:02,24.04067,120.66963,1,"7,0",2026-08-21 16:07:30.645343
500622015,YouBike2.0_丁台里活動中心,霧峰區,四德南路/丁台路(西北側),11,4,7,2026-08-21 15:54:03,24.04954,120.67534,1,"3,1",2026-08-21 16:07:30.645343
500622016,YouBike2.0_四德國小,霧峰區,四德路504號,10,5,5,2026-08-21 13:47:02,24.06082,120.66783,1,"4,1",2026-08-21 16:07:30.645343
500622018,YouBike2.0_立法院民主議政園區民主草坪,霧峰區,育德路/育德路91巷口(西南側),15,5,10,2026-08-21 12:30:03,24.05214,120.69734,1,"5,0",2026-08-21 16:07:30.645343
500622019,YouBike2.0_中投東豐正路口,霧峰區,中投東路一段/豐正路口(北側),15,4,11,2026-08-20 19:29:03,24.02959,120.68555,1,"3,1",2026-08-21 16:07:30.645343
500622020,YouBike2.0_本堂里停車場,霧峰區,育群路247號(西側),16,2,14,2026-08-21 16:05:03,24.057986,120.697149,1,"2,0",2026-08-21 16:07:30.645343
500622021,YouBike2.0_臺中市立圖書館霧峰以文分館,霧峰區,大同路8號(西北側),17,13,4,2026-08-21 15:51:02,24.061671,120.698886,1,"12,1",2026-08-21 16:07:30.645343
500622022,YouBike2.0_霧峰區甲寅老人公園,霧峰區,錦山路/自強路95巷(西側),15,5,10,2026-08-21 14:32:04,24.070323,120.707152,1,"5,0",2026-08-21 16:07:30.645343
500622023,YouBike2.0_光明峰東路口,霧峰區,光明路/峰東路口(北側),15,9,6,2026-08-21 06:48:03,24.02996,120.67089,1,"9,0",2026-08-21 16:07:30.645343
500622024,YouBike2.0_萬豐國小,霧峰區,中正路224號(北側),12,4,8,2026-08-20 22:46:05,24.02861,120.69701,1,"4,0",2026-08-21 16:07:30.645343
500622025,YouBike2.0_舊正活動中心,霧峰區,光明路116巷20號(南側),15,2,13,2026-08-21 15:22:04,24.02571,120.6894,1,"2,0",2026-08-21 16:07:30.645343
500622026,YouBike2.0_甲寅里辦公處,霧峰區,德泰街70巷5號,15,5,10,2026-08-21 15:25:03,24.06799,120.70084,1,"4,1",2026-08-21 16:07:30.645343
500622027,YouBike2.0_中投西新豐路口,霧峰區,中投西路一段/新豐路口(南側),15,4,11,2026-08-21 06:34:04,24.023001,120.685697,1,"3,1",2026-08-21 16:07:30.645343
500622028,YouBike2.0_峰東豐正路口,霧峰區,峰東路/豐正路口,15,8,7,2026-08-21 13:13:02,24.03361,120.67356,1,"8,0",2026-08-21 16:07:30.645343
500622030,YouBike2.0_民主議政園區(日月池),霧峰區,中正路734號前(日月池旁人行道),16,2,14,2026-08-21 15:41:03,24.054037,120.698874,1,"2,0",2026-08-21 16:07:30.645343
500622031,YouBike2.0_霧峰國中,霧峰區,國中路110號(東南側),23,9,14,2026-08-21 14:33:05,24.06717,120.6896,1,"9,0",2026-08-21 16:07:30.645343
500622032,YouBike2.0_四德路258號(東側),霧峰區,四德路258號(東側),18,8,10,2026-08-21 13:12:03,24.065808,120.686971,1,"8,0",2026-08-21 16:07:30.645343
500622033,YouBike2.0_省議會公車站,霧峰區,中正路734號(公車站旁),20,2,18,2026-08-21 15:43:02,24.0548,120.69679,1,"2,0",2026-08-21 16:07:30.645343
500622034,YouBike2.0_萊園萊園路47巷口,霧峰區,萊園路30號(東側),18,1,17,2026-08-21 13:08:04,24.063538,120.70168,1,"1,0",2026-08-21 16:07:30.645343
500622035,YouBike2.0_吳厝庄福成宮,霧峰區,五福路230號(西南側),13,6,7,2026-08-21 14:23:03,24.071159,120.666411,1,"3,3",2026-08-21 16:07:30.645343
500622036,YouBike2.0_霧峰區農會,霧峰區,振德街/四德路口(北側),27,4,23,2026-08-21 15:17:04,24.064889,120.697764,1,"4,0",2026-08-21 16:07:30.645343
500622037,YouBike2.0_朝陽科大第一機車停車場,霧峰區,吉峰東路530號(西南側),35,4,31,2026-08-21 15:44:02,24.070187,120.715419,1,"4,0",2026-08-21 16:07:30.645343
500622038,YouBike2.0_天威智生活學苑,霧峰區,吉峰東路535巷16號旁,26,6,20,2026-08-21 13:54:02,24.059786,120.726915,1,"6,0",2026-08-21 16:07:30.645343
500622039,YouBike2.0_921地震教育園區聯外停車場,霧峰區,乾溪路/山腳巷口(東側),18,3,15,2026-08-21 06:51:04,24.04039,120.69915,1,"3,0",2026-08-21 16:07:30.645343
500622040,YouBike2.0_乾溪綠地公園,霧峰區,乾溪東路138號(西南側),20,7,13,2026-08-21 07:02:02,24.06197,120.69335,1,"7,0",2026-08-21 16:07:30.645343
500622042,YouBike2.0_立法院議政博物館,霧峰區,中正路734號,19,3,16,2026-08-21 15:58:02,24.05341,120.69986,1,"3,0",2026-08-21 16:07:30.645343
500622044,YouBike2.0_朝陽科大第二宿舍,霧峰區,吉峰東路535巷80號(對側),36,4,32,2026-08-21 12:22:03,24.06116,120.7283,1,"4,0",2026-08-21 16:07:30.645343
500622045,YouBike2.0_中投東北豐路口,霧峰區,北豐路169號前,18,4,14,2026-08-21 02:20:04,24.04738,120.66486,1,"3,1",2026-08-21 16:07:30.645343
500622046,YouBike2.0_阿罩霧舊街,霧峰區,民權街37號前,18,6,12,2026-08-21 15:47:04,24.06666,120.70028,1,"6,0",2026-08-21 16:07:30.645343
500623002,YouBike2.0_潭子運動公園(勝利路),潭子區,勝利路/勝利六街口(東北側),35,4,31,2026-08-21 15:58:02,24.20984,120.701135,1,"2,2",2026-08-21 16:07:30.645343
500623003,YouBike2.0_頭家公園,潭子區,頭張路一段159號(對側人行道),15,1,14,2026-08-21 16:04:03,24.19466,120.69812,1,"1,0",2026-08-21 16:07:30.645343
500623004,YouBike2.0_頭家國小,潭子區,得福街185號,15,2,13,2026-08-21 15:49:02,24.19696,120.69618,1,"2,0",2026-08-21 16:07:30.645343
500623005,YouBike2.0_頭家厝車站,潭子區,頭張東路43巷8號,28,0,27,2026-08-21 15:50:19,24.19564,120.70405,1,"0,0",2026-08-21 16:07:30.645343
500623006,YouBike2.0_潭子車站(潭興路),潭子區,潭興路二段/潭子街一段31巷口(西南側),26,15,11,2026-08-21 16:03:03,24.21136,120.7061,1,"15,0",2026-08-21 16:07:30.645343
500623007,YouBike2.0_栗林車站,潭子區,吉林二街38號,32,10,22,2026-08-21 16:01:03,24.23419,120.71056,1,"10,0",2026-08-21 16:07:30.645343
500623008,YouBike2.0_順天豐華站,潭子區,大豐路三段192號對側,24,0,23,2026-08-21 16:06:19,24.2243406,120.6922168,1,"0,0",2026-08-21 16:07:30.645343
500623009,YouBike2.0_中山中山路一段15巷口,潭子區,中山路一段13-10號前,14,2,12,2026-08-21 15:58:15,24.18948,120.70236,1,"1,1",2026-08-21 16:07:30.645343
500623010,YouBike2.0_綠空廊道(中興路),潭子區,中興路88號旁,16,1,15,2026-08-21 16:01:03,24.19088,120.70326,1,"1,0",2026-08-21 16:07:30.645343
500623011,YouBike2.0_綠空廊道(祥和路),潭子區,祥和路/中山路三段口,13,7,6,2026-08-21 16:04:03,24.22984,120.70882,1,"6,1",2026-08-21 16:07:30.645343
500623012,YouBike2.0_豐栗安和路106巷口,潭子區,豐栗路158號,15,9,6,2026-08-21 15:45:03,24.23163,120.70538,1,"9,0",2026-08-21 16:07:30.645343
500623013,YouBike2.0_弘文高中,潭子區,中山路三段221巷100號,50,15,35,2026-08-21 15:32:03,24.22628,120.70537,1,"15,0",2026-08-21 16:07:30.645343
500623014,YouBike2.0_潭子國小,潭子區,中山路二段391巷/中山路二段口(西北側),30,4,26,2026-08-21 16:06:03,24.21325,120.70494,1,"4,0",2026-08-21 16:07:30.645343
500623015,YouBike2.0_潭子聯合辦公大樓,潭子區,豐興路二段/潭興路一段口(東南側),20,3,17,2026-08-21 15:43:02,24.20382,120.7227,1,"3,0",2026-08-21 16:07:30.645343
500623016,YouBike2.0_中山路241巷中山路口,潭子區,中山路241巷/中山路二段口(西南側),15,4,11,2026-08-21 15:53:03,24.20982,120.70506,1,"4,0",2026-08-21 16:07:30.645343
500623017,YouBike2.0_環中東復興路一段口,潭子區,環中東路一段97號前,14,4,10,2026-08-21 16:03:03,24.2009,120.70633,1,"4,0",2026-08-21 16:07:30.645343
500623018,YouBike2.0_摘星山莊,潭子區,潭富路二段88號,14,5,9,2026-08-21 15:46:03,24.22401,120.69663,1,"5,0",2026-08-21 16:07:30.645343
500623019,YouBike2.0_東寶國小,潭子區,雅潭路三段2號,15,4,11,2026-08-21 15:35:04,24.21641,120.68379,1,"3,1",2026-08-21 16:07:30.645343
500623020,YouBike2.0_綠空廊道(圓通南路),潭子區,圓通南路/中山路二段口(東北側),14,6,8,2026-08-21 16:05:02,24.2072,120.70519,1,"6,0",2026-08-21 16:07:30.645343
500623021,YouBike2.0_大新路機車停車場,潭子區,中山路二段108巷/大新路口(東北側),15,0,15,2026-08-21 15:59:18,24.20268,120.70469,1,"0,0",2026-08-21 16:07:30.645343
500623023,YouBike2.0_綠空廊道(人和路),潭子區,人和路/中山路三段口(東北側),15,5,10,2026-08-21 15:55:04,24.22042,120.70668,1,"5,0",2026-08-21 16:07:30.645343
500623024,YouBike2.0_東寶兒童公園,潭子區,大富路一段12號(對側公園),34,5,29,2026-08-21 15:35:04,24.2042,120.67855,1,"5,0",2026-08-21 16:07:30.645343
500623025,YouBike2.0_潭子環保公園,潭子區,合作街38巷72號(對側人行道),20,4,16,2026-08-21 16:00:03,24.20462,120.70885,1,"4,0",2026-08-21 16:07:30.645343
500623026,YouBike2.0_潭秀國中,潭子區,雅潭路一段/勝利路口(西南側),24,20,4,2026-08-21 16:05:17,24.21615,120.70029,1,"20,0",2026-08-21 16:07:30.645343
500623027,YouBike2.0_潭陽國小,潭子區,福潭路/潭陽路口(西南側),15,5,10,2026-08-21 16:03:03,24.21294,120.71068,1,"3,2",2026-08-21 16:07:30.645343
500623028,YouBike2.0_潭子科技園區,潭子區,中山路二段/南環路口(西北側),20,8,12,2026-08-21 15:47:04,24.21707,120.70539,1,"8,0",2026-08-21 16:07:30.645343
500623029,YouBike2.0_潭子車站,潭子區,潭興路二段/中山路二段口(東北側),33,5,28,2026-08-21 16:03:03,24.2116,120.70605,1,"5,0",2026-08-21 16:07:30.645343
500623030,YouBike2.0_崇德崇德路四段183巷口,潭子區,崇德路四段/崇德路四段183巷口(西南側),11,5,6,2026-08-21 14:11:03,24.209319,120.686567,1,"4,1",2026-08-21 16:07:30.645343
500623031,YouBike2.0_崇德潭富路口,潭子區,崇德路五段/潭富路二段口(西北側),14,8,5,2026-08-21 15:24:04,24.225364,120.690061,1,"8,0",2026-08-21 16:07:30.645343
500623032,YouBike2.0_慈濟中醫院區,潭子區,豐興路一段66號旁,15,2,12,2026-08-21 15:37:03,24.19339,120.71982,1,"2,0",2026-08-21 16:07:30.645343
500623033,YouBike2.0_潭子得天宮,潭子區,得天街/頭張路一段22巷口(東北側),15,2,13,2026-08-21 16:03:03,24.195287,120.701284,1,"2,0",2026-08-21 16:07:30.645343
500623034,YouBike2.0_環中東中山路口(東北側),潭子區,環中東路/中山路口(東北側),17,4,13,2026-08-21 16:02:02,24.20121,120.70379,1,"4,0",2026-08-21 16:07:30.645343
500623035,YouBike2.0_中山中興路口(西南側),潭子區,中山路一段/中興路口(西南側),15,2,13,2026-08-21 16:02:02,24.19078,120.70238,1,"2,0",2026-08-21 16:07:30.645343
500623036,YouBike2.0_大明高中(潭子藝術校區),潭子區,潭興路一段168號,30,2,28,2026-08-21 16:06:03,24.20434,120.72041,1,"2,0",2026-08-21 16:07:30.645343
500623037,YouBike2.0_弘福公園(兒6),潭子區,弘智街/弘福街口(西南側),25,13,11,2026-08-21 16:06:03,24.22729,120.70581,1,"13,0",2026-08-21 16:07:30.645343
500623038,YouBike2.0_潭子科技園區(建國復興路口),潭子區,建國路/復興路口(東北側),19,17,1,2026-08-21 15:54:03,24.21872,120.701,1,"15,2",2026-08-21 16:07:30.645343
500623039,YouBike2.0_環中東福貴路口,潭子區,環中東路一段/福貴路口(南側),15,3,12,2026-08-21 14:59:03,24.200257,120.709539,1,"3,0",2026-08-21 16:07:30.645343
500623040,YouBike2.0_崇德雅潭路口,潭子區,崇德路五段48號旁,15,3,12,2026-08-21 04:40:02,24.21632,120.68846,1,"3,0",2026-08-21 16:07:30.645343
500623045,YouBike2.0_潭子國中(復興路),潭子區,復興路二段/復興路二段92巷口(東側),27,2,25,2026-08-21 15:55:04,24.209152,120.70705,1,"2,0",2026-08-21 16:07:30.645343
500623048,YouBike2.0_祥和嘉豐路口,潭子區,祥和路/嘉豐路口,17,8,9,2026-08-21 13:26:03,24.22905,120.71596,1,"8,0",2026-08-21 16:07:30.645343
500623049,YouBike2.0_僑興路僑興一街口,潭子區,僑興路/僑興一街口,29,3,26,2026-08-21 15:50:04,24.20616,120.70164,1,"3,0",2026-08-21 16:07:30.645343
500623050,YouBike2.0_新田社區活動中心,潭子區,豐興路二段412號,16,4,12,2026-08-19 10:56:03,24.21457,120.72437,1,"2,2",2026-08-21 16:07:30.645343
500623051,YouBike2.0_新田登山步道(廁所),潭子區,豐興路二段龍興巷28-1號(西南側),18,3,15,2026-08-20 07:20:03,24.21408,120.73701,1,"3,0",2026-08-21 16:07:30.645343
500623054,YouBike2.0_福貴福潭路450巷口,潭子區,福貴路/福潭路450巷口,22,2,20,2026-08-21 16:06:04,24.20924,120.71153,1,"2,0",2026-08-21 16:07:30.645343
500623056,YouBike2.0_福貴仁愛路二段82巷口,潭子區,福貴路/仁愛路二段82巷口,18,1,17,2026-08-21 11:09:02,24.21705,120.71266,1,"1,0",2026-08-21 16:07:30.645343
500624001,YouBike2.0_麗水籃球場,龍井區,三港路/水裡港巷(東北側),10,5,5,2026-08-21 15:59:03,24.199905,120.498432,1,"5,0",2026-08-21 16:07:30.645343
500624002,YouBike2.0_龍津高中,龍井區,三港路/龍津街口(西北側),20,7,13,2026-08-21 13:20:04,24.204405,120.521017,1,"7,0",2026-08-21 16:07:30.645343
500624003,YouBike2.0_龍井籃球場,龍井區,中厝路50巷60弄/中厝路56巷口(西北側),13,6,7,2026-08-21 16:04:03,24.203478,120.525007,1,"6,0",2026-08-21 16:07:30.645343
500624004,YouBike2.0_龍井區農會龍津分部,龍井區,中央路一段167號(前),13,6,7,2026-08-21 15:10:05,24.20075,120.52299,1,"6,0",2026-08-21 16:07:30.645343
500624005,YouBike2.0_龍井國小,龍井區,龍門路/舊車路口(西南側),18,4,14,2026-08-21 16:01:03,24.183368,120.530219,1,"4,0",2026-08-21 16:07:30.645343
500624007,YouBike2.0_龍山國小,龍井區,龍山街68號旁,20,7,13,2026-08-21 16:04:03,24.21400,120.54967,1,"7,0",2026-08-21 16:07:30.645343
500624008,YouBike2.0_龍井車站(龍新路3巷),龍井區,龍新路3巷/龍新路口(東北側),24,1,23,2026-08-21 15:43:18,24.198018,120.543734,1,"1,0",2026-08-21 16:07:30.645343
500624009,YouBike2.0_拍瀑拉公園,龍井區,中社路/中社二街口(西南側),22,5,17,2026-08-21 15:57:03,24.19956,120.56215,1,"5,0",2026-08-21 16:07:30.645343
500624010,YouBike2.0_藝術街藝術街90巷口,龍井區,藝術街96號前,10,8,2,2026-08-21 16:01:03,24.1882,120.59231,1,"8,0",2026-08-21 16:07:30.645343
500624011,YouBike2.0_臺灣大道遊園北路口,龍井區,臺灣大道五段/遊園北路口(東側),10,0,9,2026-08-21 15:47:18,24.18627,120.58595,1,"0,0",2026-08-21 16:07:30.645343
500624012,YouBike2.0_南寮登山步道,龍井區,南寮登山步道口(停車場旁),12,5,7,2026-08-21 07:52:04,24.17557,120.56615,1,"5,0",2026-08-21 16:07:30.645343
500624013,YouBike2.0_竹坑南寮登山步道停車場,龍井區,竹坑南寮登山步道口(停車場),14,0,14,2026-07-12 00:01:03,24.179,120.54927,0,"0,0",2026-08-21 16:07:30.645343
500624015,YouBike2.0_臺中市立圖書館龍井山頂分館,龍井區,中沙路新庄仔巷19-1號,12,4,8,2026-08-21 15:37:03,24.18264,120.57498,1,"3,1",2026-08-21 16:07:30.645343
500624016,YouBike2.0_四箴國中,龍井區,向上路六段/中沙路口(東北側),14,6,8,2026-08-21 15:59:03,24.17761,120.57627,1,"6,0",2026-08-21 16:07:30.645343
500624017,YouBike2.0_龍海國小,龍井區,中央路三段/中央路三段213巷口(東南側),15,8,7,2026-08-21 13:07:02,24.21662,120.52652,1,"8,0",2026-08-21 16:07:30.645343
500624018,YouBike2.0_龍東派出所,龍井區,文昌路/茄投路口(北側),13,4,9,2026-08-21 14:20:05,24.178772,120.530535,1,"4,0",2026-08-21 16:07:30.645343
500624020,YouBike2.0_巧聖先師廟,龍井區,遊園南路471號(西側),15,5,10,2026-08-21 15:54:03,24.175297,120.58149,1,"5,0",2026-08-21 16:07:30.645343
500624021,YouBike2.0_深水公車站,龍井區,沙田路四段282號(對側),15,2,13,2026-08-21 15:25:03,24.182655,120.545424,1,"2,0",2026-08-21 16:07:30.645343
500624022,YouBike2.0_臺灣大道五段109巷口,龍井區,臺灣大道五段127號旁,16,10,6,2026-08-21 15:47:04,24.18423,120.58965,1,"10,0",2026-08-21 16:07:30.645343
500624023,YouBike2.0_向上遊園南路口(東南側),龍井區,向上路五段/遊園南路口(東南側),12,0,12,2026-08-21 16:04:21,24.175268,120.582096,1,"0,0",2026-08-21 16:07:30.645343
500624024,YouBike2.0_臺灣大道遊園南路口,龍井區,臺灣大道五段245號旁,24,0,0,2026-07-12 00:01:03,24.18564,120.58636,0,"0,0",2026-08-21 16:07:30.645343
500624025,YouBike2.0_竹坑口公車站,龍井區,沙田路四段160號對側,15,4,11,2026-08-21 15:31:04,24.17703,120.54411,1,"4,0",2026-08-21 16:07:30.645343
500624026,YouBike2.0_龍井區公所,龍井區,沙田路四段247號旁,24,8,16,2026-08-21 15:59:03,24.192589,120.545878,1,"8,0",2026-08-21 16:07:30.645343
500624027,YouBike2.0_沙田中山二路口,龍井區,沙田路六段197號,17,4,13,2026-08-21 15:58:02,24.2089,120.54978,1,"4,0",2026-08-21 16:07:30.645343
500624028,YouBike2.0_遊園南遊園南路314巷口,龍井區,遊園南路/遊園南路314巷口,28,9,19,2026-08-21 16:06:03,24.179056,120.582934,1,"9,0",2026-08-21 16:07:30.645343
500624029,YouBike2.0_福田社區活動中心,龍井區,臨港東路二段155巷143號前,15,6,9,2026-08-21 15:37:03,24.192692,120.517624,1,"5,1",2026-08-21 16:07:30.645343
500624030,YouBike2.0_福田社區公車站,龍井區,臨港東路/臨港東路二段155巷口,15,3,12,2026-08-21 07:42:03,24.197329,120.518387,1,"3,0",2026-08-21 16:07:30.645343
500624032,YouBike2.0_拍瀑拉公園(龍社路),龍井區,龍社路/中社一街口,15,5,10,2026-08-21 15:40:03,24.19819,120.56369,1,"4,1",2026-08-21 16:07:30.645343
500624034,YouBike2.0_水師寮兒童公園,龍井區,竹師路二段/南崗路口,13,4,9,2026-08-21 14:53:02,24.1907,120.5498,1,"4,0",2026-08-21 16:07:30.645343
500624036,YouBike2.0_天母櫻城公車站,龍井區,龍社二街18號對側,16,1,15,2026-08-21 16:06:04,24.19332,120.56398,1,"1,0",2026-08-21 16:07:30.645343
500624037,YouBike2.0_遊園北遠東街口,龍井區,遊園北路308號對側,18,0,0,2026-07-12 00:01:03,24.19091,120.58747,0,"0,0",2026-08-21 16:07:30.645343
500624038,YouBike2.0_國聚之璟,龍井區,東海街128號,16,4,12,2026-08-21 15:55:04,24.18826,120.58893,1,"4,0",2026-08-21 16:07:30.645343
500624039,YouBike2.0_沙田路五段315巷口,龍井區,沙田路五段315巷/沙田路五段口,20,1,19,2026-08-21 15:19:02,24.20149,120.54733,1,"1,0",2026-08-21 16:07:30.645343
500624040,YouBike2.0_龍社路686巷口,龍井區,龍社路/龍社路686巷口,18,2,16,2026-08-21 14:42:03,24.20256,120.55855,1,"2,0",2026-08-21 16:07:30.645343
500624041,YouBike2.0_龍井山腳里社區環保運動公園,龍井區,中山一路一段西巷/向上路七段,18,4,14,2026-08-21 15:40:03,24.21753,120.54567,1,"4,0",2026-08-21 16:07:30.645343
500625001,YouBike2.0_外埔區公所,外埔區,六分路/甲后路三段口(東北側),22,2,20,2026-08-21 16:02:02,24.33212,120.65459,1,"2,0",2026-08-21 16:07:30.645343
500625002,YouBike2.0_外埔國中,外埔區,外埔路/重光路29巷口(西側),22,4,17,2026-08-21 16:04:03,24.33218,120.65077,1,"4,0",2026-08-21 16:07:30.645343
500625003,YouBike2.0_外埔農藝傳坊,外埔區,水頭一路196號,15,2,13,2026-08-21 00:50:03,24.320403,120.674369,1,"2,0",2026-08-21 16:07:30.645343
500625004,YouBike2.0_忘憂谷,外埔區,溪底路42號(西北側公園),14,2,12,2026-08-21 06:38:04,24.320919,120.621638,1,"2,0",2026-08-21 16:07:30.645343
500625005,YouBike2.0_重光公園,外埔區,中山路35巷13之3號(北側),12,3,9,2026-08-21 13:58:04,24.330799,120.652656,1,"3,0",2026-08-21 16:07:30.645343
500625006,YouBike2.0_磁瑤公園,外埔區,甲后路三段/甲后路347巷口(西側),12,6,6,2026-08-21 11:37:04,24.33045,120.65457,1,"5,1",2026-08-21 16:07:30.645343
500625007,YouBike2.0_龍鳳公園,外埔區,興龍3巷/甲后路937巷口(西南側),12,0,12,2026-08-21 13:56:16,24.32862,120.65499,1,"0,0",2026-08-21 16:07:30.645343
500625009,YouBike2.0_大東公園,外埔區,甲后路四段640號(西南側),12,4,8,2026-08-21 16:02:18,24.3406,120.64018,1,"4,0",2026-08-21 16:07:30.645343
500625010,YouBike2.0_永豐社區環境教育公園,外埔區,六分路90號(旁公園),12,5,7,2026-08-20 17:12:03,24.331658,120.678545,1,"5,0",2026-08-21 16:07:30.645343
500625011,YouBike2.0_水美社區公園,外埔區,水美路129號(北側),12,6,6,2026-08-20 19:59:02,24.333259,120.63279,1,"6,0",2026-08-21 16:07:30.645343
500625013,YouBike2.0_臺中市國際壘球運動園區,外埔區,長生路449號(東側機車停車場內),12,6,6,2026-08-21 13:55:04,24.34639,120.64368,1,"6,0",2026-08-21 16:07:30.645343
500625014,YouBike2.0_鐵山國小,外埔區,長生路576號(東南側),15,7,8,2026-08-21 13:32:03,24.348673,120.656408,1,"7,0",2026-08-21 16:07:30.645343
500625015,YouBike2.0_福天宮包公石,外埔區,長生路426號(南側),12,5,7,2026-08-21 06:49:03,24.349703,120.661249,1,"5,0",2026-08-21 16:07:30.645343
500625016,YouBike2.0_長生路5號(東側),外埔區,長生路5號(東側),11,6,5,2026-08-21 12:25:04,24.343829,120.663593,1,"6,0",2026-08-21 16:07:30.645343
500625017,YouBike2.0_明湖新村,外埔區,長生路421號(北側),10,1,9,2026-08-21 12:18:02,24.346625,120.646578,1,"1,0",2026-08-21 16:07:30.645343
500625019,YouBike2.0_外埔土城里活動中心,外埔區,土城路118號(西南側),12,8,3,2026-08-21 14:38:04,24.345271,120.703872,1,"8,0",2026-08-21 16:07:30.645343
500625021,YouBike2.0_大馬路188號(東南側),外埔區,大馬路188號(東南側),12,7,5,2026-08-21 15:49:02,24.33985,120.66136,1,"7,0",2026-08-21 16:07:30.645343
500625022,YouBike2.0_馬鳴里活動中心,外埔區,大馬路2號前,14,7,7,2026-08-21 07:52:04,24.341334,120.666809,1,"7,0",2026-08-21 16:07:30.645343
500625024,YouBike2.0_外埔三清總道院,外埔區,山美路813號(東北側),15,6,9,2026-08-21 10:13:02,24.332625,120.616963,1,"6,0",2026-08-21 16:07:30.645343
500625025,YouBike2.0_外埔幸福公園,外埔區,甲東路/甲東路202巷口(西南側),19,4,15,2026-08-21 13:34:02,24.340929,120.633737,1,"4,0",2026-08-21 16:07:30.645343
500625026,YouBike2.0_北路公車站,外埔區,土城路258號前,18,5,13,2026-08-21 12:17:04,24.34537,120.69047,1,"5,0",2026-08-21 16:07:30.645343
500625027,YouBike2.0_三崁社區發展協會,外埔區,溪底路19號,15,5,10,2026-08-20 15:54:02,24.318813,120.650789,1,"5,0",2026-08-21 16:07:30.645343
500625028,YouBike2.0_土城五崁腳休閒步道,外埔區,土城路19號(東南側),16,2,14,2026-08-17 17:55:04,24.33342,120.71398,1,"2,0",2026-08-21 16:07:30.645343
500625029,YouBike2.0_二崁公園,外埔區,甲后路三段999巷/二崁路口,15,9,6,2026-08-21 11:16:03,24.32525,120.64937,1,"9,0",2026-08-21 16:07:30.645343
500625030,YouBike2.0_巨大機械外埔宿舍,外埔區,長生路934號旁,18,4,14,2026-08-19 21:27:02,24.35122,120.64777,1,"4,0",2026-08-21 16:07:30.645343
500626001,YouBike2.0_谷關立體停車場,和平區,東關路一段/東關路一段分校巷口(東南側),20,5,15,2026-08-20 18:06:04,24.20292,121.00537,1,"5,0",2026-08-21 16:07:30.645343
500626002,YouBike2.0_松鶴社區活動中心,和平區,東關路一段松鶴二巷/松鶴三巷口(東北側),15,9,6,2026-08-21 15:02:03,24.177925,120.980151,1,"9,0",2026-08-21 16:07:30.645343
500627001,YouBike2.0_石岡區公所,石岡區,豐勢路1033號(對側),22,9,13,2026-08-21 12:00:04,24.27508,120.78055,1,"9,0",2026-08-21 16:07:30.645343
500627002,YouBike2.0_石岡國小,石岡區,大勇街12號(西側),15,4,11,2026-08-21 13:48:20,24.275918,120.774064,1,"4,0",2026-08-21 16:07:30.645343
500627003,YouBike2.0_金星里社區活動中心,石岡區,石岡街下坑巷153號(北側),18,4,14,2026-08-20 21:08:05,24.27098,120.77339,1,"4,0",2026-08-21 16:07:30.645343
500628001,YouBike2.0_大安國小,大安區,中山南路/中山南路304巷口(東南側),22,4,18,2026-08-21 16:00:03,24.34547,120.58721,1,"4,0",2026-08-21 16:07:30.645343
500628002,YouBike2.0_海墘國小,大安區,大安港路/大安港路1079巷口(西北側),22,7,15,2026-08-21 14:48:03,24.37892,120.58839,1,"7,0",2026-08-21 16:07:30.645343
500628003,YouBike2.0_東安休閒公園,大安區,中山南路79巷14弄/中山南路79巷口(西南側),14,4,10,2026-08-21 14:12:04,24.337329,120.591735,1,"4,0",2026-08-21 16:07:30.645343
500628004,YouBike2.0_大安國中,大安區,大安港路691號,15,2,13,2026-08-21 16:02:02,24.364988,120.602467,1,"2,0",2026-08-21 16:07:30.645343
500628005,YouBike2.0_大安濱海樂園,大安區,北沙海堤/北汕路口(南側),17,5,12,2026-08-21 12:44:02,24.38321,120.58603,1,"5,0",2026-08-21 16:07:30.645343
500628006,YouBike2.0_龜殼生態公園,大安區,中山南路757巷/中山北路口(西南側),12,4,8,2026-08-21 15:23:02,24.371432,120.584097,1,"4,0",2026-08-21 16:07:30.645343
500628007,YouBike2.0_大安永安國小,大安區,東西四路二段252號(東側),12,3,9,2026-08-20 17:28:02,24.38214,120.606566,1,"3,0",2026-08-21 16:07:30.645343
500628008,YouBike2.0_頂安社區,大安區,中山北路378號(西北側),11,5,6,2026-08-21 12:24:02,24.394833,120.600435,1,"4,1",2026-08-21 16:07:30.645343
500628009,YouBike2.0_東西二路51巷,大安區,東西二路51巷(西側),11,3,8,2026-08-21 10:34:02,24.384132,120.615327,1,"3,0",2026-08-21 16:07:30.645343
500628010,YouBike2.0_阿聰師芋頭文化館,大安區,興安路168號前,15,5,4,2026-08-21 15:55:04,24.346418,120.602346,1,"3,2",2026-08-21 16:07:30.645343
500628012,YouBike2.0_大安聖安宮,大安區,龜殼路175號,15,0,15,2026-08-21 15:15:19,24.36114,120.5823,1,"0,0",2026-08-21 16:07:30.645343
500628015,YouBike2.0_大安港媽祖文化園區(停車場),大安區,中山北路117號(西北側),20,2,18,2026-08-20 18:38:04,24.38156,120.584719,1,"2,0",2026-08-21 16:07:30.645343
500628016,YouBike2.0_大安松雅保安宮,大安區,松六街/松五街口,15,8,7,2026-08-21 16:05:03,24.36143,120.60367,1,"8,0",2026-08-21 16:07:30.645343
500628017,YouBike2.0_中山南路507巷口,大安區,中山南路513號對側,17,6,11,2026-08-21 16:03:03,24.35173,120.58414,1,"6,0",2026-08-21 16:07:30.645343
500628018,YouBike2.0_南安路160號旁,大安區,南安路160號旁,15,4,11,2026-08-21 14:58:02,24.35017,120.57767,1,"4,0",2026-08-21 16:07:30.645343
500628020,YouBike2.0_五甲港公車站,大安區,五甲南路92號旁,18,3,15,2026-08-20 19:43:02,24.39028,120.59024,1,"3,0",2026-08-21 16:07:30.645343
500628021,YouBike2.0_大安區三光國小,大安區,中松路297號前,17,5,12,2026-08-21 12:32:03,24.35733,120.60105,1,"5,0",2026-08-21 16:07:30.645343
500628022,YouBike2.0_南埔運動公園,大安區,台61線/南埔堤防口,16,1,15,2026-08-20 11:27:16,24.33581,120.56991,1,"1,0",2026-08-21 16:07:30.645343
500628023,YouBike2.0_台61線南埔路口,大安區,台61線/南埔路口,16,2,14,2026-08-17 20:15:17,24.33991,120.57123,1,"2,0",2026-08-21 16:07:30.645343
500628058,YouBike2.0_大安港東西八路口,大安區,大安港路820號對側,15,2,13,2026-08-21 14:40:04,24.371051,120.600295,1,"2,0",2026-08-21 16:07:30.645343
500629001,YouBike2.0_新社高中,新社區,興安路1號(北側),20,12,8,2026-08-21 15:09:04,24.23932,120.80722,1,"12,0",2026-08-21 16:07:30.645343
500629002,YouBike2.0_新社區公所,新社區,興社街二段28之2號(西側),20,2,18,2026-08-21 12:07:03,24.23386,120.80847,1,"2,0",2026-08-21 16:07:30.645343
500629003,YouBike2.0_臺中市立圖書館新社分館,新社區,興社街三段/興社街三段39巷口(東南側),10,6,4,2026-08-20 16:45:03,24.240502,120.809586,1,"6,0",2026-08-21 16:07:30.645343
500629004,YouBike2.0_新社里守望相助隊,新社區,中和街四段207巷207號,15,8,7,2026-08-21 15:19:02,24.244211,120.808476,1,"8,0",2026-08-21 16:07:30.645343
500629005,YouBike2.0_中興嶺停車場,新社區,中93鄉道32號(對側停車場),10,1,9,2026-08-21 10:31:02,24.20428,120.79622,1,"1,0",2026-08-21 16:07:30.645343
500629006,YouBike2.0_小櫻花公園,新社區,興社街一段303號對側,18,0,0,2026-07-12 00:01:03,24.208236,120.821405,0,"0,0",2026-08-21 16:07:30.645343
500629007,YouBike2.0_種苗公園,新社區,中和街二段320號(東南側),18,3,14,2026-08-21 11:18:03,24.229019,120.799474,1,"3,0",2026-08-21 16:07:30.645343
500629008,YouBike2.0_崑南社區發展協會,新社區,崑南街55號之1號旁,15,3,11,2026-08-21 15:21:02,24.24178,120.78562,1,"3,0",2026-08-21 16:07:30.645343
